Customer Name,City,Mobile
Shree Santkrupa Auto Gerage & Sarvice Stesion Mota Varachha Surat,Surat,9725508060
A & A Trading Co.Patan,Patan,9638321006
A 1 Auto Mobile & Services Sogrus Fatha Mh,Nashik,"8459684561 , 9511816538"
A B Auto Parts Padra,Padra,8200240828
A B Motors Mirzapur,Mirzapur,9173882824
A G Auto Parts Ankleshwar,Ankleshwar,"9825108395 , 9427832643 , 209"
A G Auto Parts Ankleshwar Hw,Ankleshwar,"9825108395 , 9427832643"
A G H Auto Kim,Kim,"9559385841 , 9723692677"
A G H Motors Kim,Kim,"9559385841 , 9723692677"
A G H Motors Kim Hw,Kim,"9559385841 , 9723692677"
A H Automobiles Adgaon Mh,Nashik,"9975165381 , 9336836402 , 7378998681"
A H Automobiles Adgaon W Mh,Nashik,"9975165381 , 9336836402 , 7378998681"
A H Sabuwala Narol,Narol,"9426756152 , 9327005680"
A H Traders Godhara,Godhra,9173677806
A I Erthmoving Spares Parts Sevaliya,Baroda,"9427624821 , 840170431 , 7623854150"
A I P Auto Bodi Parts Kim M Old,Kim,"9825606245 , 7600006245 , 9103286616"
A I P Auto Bodi Parts Kim U4 Old,Kim,"9825606245 , 7600006245 , 9103286616"
A J Fabrics Lal Darwaja Surat,Surat,"9879389906 , 8460330019"
A K Enterprise Rajkot,Rajkot,"9825776698 , 9913219949"
A K Motors Tadkeshwar,Surat,9879437425
A K Trading Co. Ankleshwar,Ankleshwar,8160671267
A N Sanghvi & Co.Narol Ahmd,Narol,"9824032239 , 9377032239"
A One Auto Parts Bavla,Bavla,9723367856
A One Carpet Bharuch,Bharuch,"8140859786 , 8306420118"
A R K Sales Nagpur W Mh,Nashik,9822221638
A R Sales Baroda,Baroda,9998277709
A S Motors Lakha Nagar Nashik Mh,Nashik,7757831500
A S Motors Lakha Nagar Nashik W Mh,Nashik,7757831500
A S Tractors Vyara,Vyara,"9825122309 , 9727427648"
A To Z Auto Mobiles Navsari,Navsari,"9898785123 , 9898053973"
A To Z Stores Sherubhai Navsari,Navsari,"7600210210 , 9428026413 , 209"
A V Automobiles Shankheda,Bodeli,9909030778
A V Traders Sankheda,Bodeli,"9909030778 , 8140880041 , 9979890716"
Aadesh Auto Agency Botad,Botad,"9904060853 , 8320308042 , 9974950419 , 9265791361"
Aadhaya Auto Parts Bilimora,Navsari,"7265057171 , 6355604931"
Aadhya Enterprise Udhyognagar Kamrej,Surat,9825088316
Aadhya Motors Vapi,Valsad,8980282384
Aadinath Bulk Pvt Ltd Madhupura Amd,Ahmedabad,"9723550025 , 9723550027"
Aafrin Motors And Oil Center Nanapurna,Nanapurna,9913400925
Aagam Lubricate Surat,Surat,9924773101
Aai Krupa Welding And Hammer Works Gadhsisha,Kutch,9925314109
Aai Mata Enterprise Dahej,Dahej,9574615512
Aai Saheb Automobiles Devla M.H,Nashik,9423247496
Aai Saptshrungi Car Dindori Mh,Nashik,8329281893
Aai Shraddha Automobiles Bakrol Amd,Ahmedabad,"9925127734 , 9925127736"
Aai Shree Khodiyar Auto Parts Udhyog Nagar Kamrej,Surat,"9558375573 , 9265244092"
Aai Shree Khodiyar Erthmovers Odhav,Odhav,9408220180
Aai Shree Mogal Motors Deesa,Deesa,"9825822182 , 7383582183"
Aakar Equipments Dediyasan Mehsana,Mahesana,9909217453
Aakash Auto Parts Udhana Surat,Surat,9428956297
Aakash Automobiles Olpad Hw,Olpad,"8866407216 , 94299681522"
Aakash Automobiles Olpad,Olpad,"8866407216 , 94299681522"
Aakash Enterprises Dwarka Nashik Mh,Nashik,9822281506
Aakash Enterprises Dwarka Nashik W Mh,Nashik,9822281506
Aanand Dhara Alanng House Navagam Kamrej,Kamrej,"7600556168 , 9574169430"
Aapeshwar Stickers Ankleshwar,Ankleshwar,"8140042758 , 9898860962"
Aarav Auto Parts Kadi,Kadi,7874885775
Aarav Enterprise Kadodara,Surat,"9725719164 , 7016740025"
Aardhna Motors Simada Naka Surat,Surat,9898024072
Aarna Auto Spare Aslali Ahmedabad,Aslali,9898262723
Aarti Auto Engineering & Tailor Repairing Motors Garage Kapurai,Baroda,"9824073484 , 6351118107"
Aarti Auto Parts Adipur Kutch,Kutch,9099683950
Aarti Steel & Hardware Ankleshwar,Bharuch,"9662542739 , 9825870772"
Aarya Dwarka Nashik,Nashik,"8888029948 , 8080402106"
Aarya Tractors Dwarka Nashik Mh,Nashik,"8888029948 , 8080402106"
Aarya Tractors Dwarka Nashik Mh Old,Nashik,"8888029948 , 8080402106"
Aarya Tractors Dwarka Nashik W Mh,Nashik,"8888029948 , 8080402106"
Aarya Tractors Dwarka Nashik W Mh Old,Nashik,"8888029948 , 8080402106"
Aashifkhan Bhilad,Bhilad,7398664870
Aashitbhai Vasda,Vasda,9428382680
Aashtha Enterprise Vyara,Vyara,9825704948
Aavesh Welding Works Nakhatrana Kutch,Kutch,"7069827304 , 8866786441"
Aayansh Auto Service Llp Naranpura Ahmedabad W Ul4,Ahmedabad,8128666055
Aayush Machinery Segva Chokdi,Baroda,9601251757
Abats & K.B Auto Traders Mumbai Naka Nashik Mh,Nashik,"8329750519 , 9422254886"
Abats & K.B Auto Traders Mumbai Naka Nashik W Mh,Nashik,"8329750519 , 9422254886"
Abc Sales Return A/C,Surat,209
Abdulbhai Jambusar,Jambusar,9974903109
Abdulbhai Valsad,Valsad,"7016232782 , 9737769593"
Abhay Motor Stores Jamnagar,Jamnagar,"9427510870 , 7990076108"
Abhay Motors Kalamboli New Mumbai,Navi Mumbai,"9825143485 , 9372492043"
Abhaybhai Jain Nashik,Nashik,"9822778754 , 9689786811"
Abhi Auto Parts Katargam Surat,Surat,"8758797478 , 9428874617"
Abhi Automobiles Sola Ahemdabad,Sola,"9909931221 , 209"
Abhi Automobiles Sola Ahemdabad Old,Sola,9909931221
Abhinandan Agency Ankleshwar,Ankleshwar,9825533822
Abhinandan Auto Parts Sarkhej,Ahmedabad,9637034409
Abhinandan Auto Santalpur,.,9825259065
Abhinandan Auto Santalpur,Patan,"209 , 9825259065"
Abhinandan Motors Santipura Sarkhej,Sarkhej,9638775775
Abhinav Spers Parts Sukhane Mh,Nashik,8600799032
Abhishek Auto Parts Kim,Kim,"8733954186 , 9375356803"
Abhishek Ispat Pvt Ltd Sachin,Surat,"9925156044 , 9979861066"
Abhishekbhai Surat Division,Surat,9376676646
Abidahmed Khaliahmed Shaikh Chandwad,Nashik,9421562886
Abn Auto Parts Himmatnagar,Himat Nagar,"8140123086 , 9825171006"
Abuchacha Tractor Halol,Halol,9879853710
Aburda Auto Parts Dhanera,Deesa,"9638906195 , 9925427632 , 209"
Aburda Motors Vastral Ahmedabad,Vastral,"9724804816 , 9824426238"
Active Auto Parts Deesa,Deesa,"9275143195 , 9429981966"
Active Motors Navasari,Navsari,9925996625
Active Sales Ahmedabad,Ahmedabad,"9422639383 , 9377958060"
Acute Electronics Bharuch,Bharuch,9825350994
Adani Forwarding Agent Pvt Ltd Umargam Vapi,Valsad,9820195329
Adarsh Auto & Tractor Parts Kamrej,Kamrej,"9624809139 , 7878535440"
Adarsh Auto & Tractor Parts Kamrej,Surat,"9624809139 , 7878535440"
Adarsh Auto Agency Udhna Surat,Surat,"9428745209 , 9724961661"
Adarsh Auto Electricals Nanachiloda Amd,Nana Chiloda,"7383737803 , 8128261847"
Adarsh Auto Parts Unjha,Unjha,"9825751121 , 9825353010"
Adarsh Battery Akashbhai Nana Chiloda Ahmedabad,Nana Chiloda,6392513357
Adarsh Battery Akashbhai Nana Chiloda Ahmedabad,Ahmedabad,6392513357
Adarsh Motors Adajan Surat,Surat,"7383557157 , 9898614360"
Adarsh Tractor Parts Danta,Siddhpur,"9429422331 , 209"
Adeshwar Motors Mirzapur Ahmd,Mirzapur,209
Adhishakti Automobiles Vasda,Vasda,9428382680
Adhyashakti Auto Parts Odhav,Odhav,9998739109
Adhyashakti Auto Parts Odhav Hw,Odhav,9998739109
Adi Auto & Hydraulics Spares Kadodara,Kadodara,9662266718
Adi Automobiles & Electricals Sarkhej,Sarkhej,"8140055490 , 8320409725"
Adil Auto Parts & Garage Olpad,Olpad,"9722364782 , 9913565982"
Adil Auto Parts & Garage Olpad Hw,Olpad,"9722364782 , 9913565982"
Adilbhai Netrang,Netrang,"7698877488 , 9429479089"
Adinath Auto Agency Sarkhej Chandreshbhai,Sarkhej,9824085743
Adinath Auto Agency Sarkhej Chandreshbhai 1 Old,Sarkhej,9824085743
Adinath Auto Agency Sarkhej Old,Sarkhej,209
Adinath Auto Agency Sarkhej,Sarkhej,
Adinath Auto Parts Himmatnagar,Himat Nagar,"9829254389 , 9724937143"
Adinath Motors Dilipbhai Sarkhej,Sarkhej,9726550005
Adinath Motors Dilipbhai Sarkhej Hw,Sarkhej,9726550005
Adishwar Automobiles Kadod,Kadod,9925894631
Aditya Auto Care Surat Sumitbhai,Surat,"9824502589 , 8160311935"
Aditya Auto Parts Kadodara,Kadodara,"9601658584 , 9427651071"
Aditya Auto Parts Kadodara U3 M Old,Surat,"9601658584 , 9427651071"
Aditya Auto Parts Kadodara,Surat,"9601658584 , 9427651071"
Aditya Automobiles Madhapar Kutch,Kutch,9925203193
Aditya Enterprise Mundra,Kutch,"9428067732 , 9879600386"
Aditya Motor Parts Aslali,Aslali,"8511805105 , 9104523381"
Advance Auto Components Sale,Rajkot,9820414446
Advance Auto Parts Kaalol,Kalol,9033282133
Advance Spare House Silvasa,SILVASSA,"7574039708 , 8000599708"
Advance Spare House Silvasa W Old,SILVASSA,"7574039708 , 8000599708"
Af Equipment Care Kholvad Kamrej,Surat,"9099064942 , 9099064938"
Afzal Auto Parts Valakpatia,Surat,9913005200
Afzalbhai Ankleshwar,Ankleshwar,"9408175888 , 9723235204"
Afzalbhai Saroli,Surat,9879362786
Agarwal Auto Agencies Aurangabad,Aurangabad,
Agrasen Auto Spare Gandhidham,Gandhidham,"209 , 9924308884"
Agrasen Enterprise Gandhidham,Gandhidham,9825440337
Agrawal Auto Care Ketanbhai Navapur,Nandurbar,9375503707
Agrawal Auto Parts And Lubricant Narol,Narol,"7383947838 , 8128477383 , 9104017838"
Agrawal Auto Parts And Lubricant Narol Old,Narol,"7383947838 , 8128477383 , 9104432376"
Agrawal Auto Parts And Lubricant Narol W Old,Narol,"7383947838 , 8128477383"
Agrawal Auto Parts Sarkhej,Sarkhej,9376147472
Agrawal Auto Parts Sarkhej Hw,Sarkhej,9376147472
Agrawal Auto Songadh Maheshbhai,Songadh,9228357724
Agrawal Automobile Abu Road Rajasthan,Ajmer,9414154372
Agrawal Automobiles Manmad Mh,Nashik,"9823669493 , 7020200802 , 7020442245"
Agrawal Automobiles Manmad W Mh,Nashik,"9823669493 , 7020200802 , 702044224"
Agrawal Automobiles Navapur,Ahmednagar,"9371259348 , 9404363385"
Agrawal Automobiles Navapur,Nandurbar,"9371259348 , 9404363385"
Agrawal Automobiles Navsari,Navsari,"9722589871 , 9824126450"
Agrawal Automobiles Navsari Hw,Navsari,"9722589871 , 9824126450"
Agrawal Enterprise Navsari,Navsari,"9722589871 , 9824126450"
Agrawal Hardware And Pipes Sachin,Sachin,9374717147
Agrawal Motors Abu Road Rajasthan,Ajmer,9414154272
Agrawal Motors Gandhidham Subhashbhai,Gandhidham,9824137613
Agrawal Motors Sachin,Sachin,9426141328
Agrawal Riders Pvt Ltd Gandhidham,Gandhidham,9825225896
Agrawal Sales Gandhidham,Gandhidham,"9375324969 , 9769245261"
Agrawal Spares Gandhidham,Gandhidham,9979667331
Agrawal Traders Songadh Hw,Songadh,9979509544
Agree Business Center Areth,Areth,9712255118
Agvan Motors Mahuva,Bhavnagar,"9824227146 , 8000779677 , 9510209462"
Ahir Auto Agency Gandhidham,Gandhidham,9925351335
Ahir Auto Center Anjar Old,Anjar,9824481215
Ahir Auto Parts Bardoli,Bardoli,9173602634
Ahir Automobiles Anjar,Anjar,9824481215
Ahir Automobiles Sayan,Sayan,9898005606
Ahir Savalakha And Co Khmbhaliya,Khambhaliya,"9426222548 , 9725047177"
Ahir Savalakha And Co Khmbhaliya,Khambhalia,"9426222548 , 9725047177"
Ahirao Auto Parts Sakri,Dhule,"7744026769 , 8698509582"
Ahirao Auto Parts Sakri M.H,Dhule,"7744026769 , 8698509582"
Ahirrav Automobiles Dhule,Dhule,209
Ahmadbhai Kim,Kim,"9825606245 , 7600006245 , 9103286616"
Ahmedabad Auto Parts Vishala Ahmd,Ahmedabad,"8866396532 , 7405065730"
Ahmedabad Automobiles Sarkhej,Sarkhej,"9898487045 , 9825487045"
Ahmedabad Car Accessories Sarkhej,Sarkhej,"9824252081 , 8488848004 , 209"
Aiyaz Bhai Buhari,Bardoli,9898414017
Aiyubbhai Muler,Amod,9979513101
Aj Diesels Valod,Bajipura,9824724096
Ajanta Motor Parts Modasa,Modasa,8401507117
Ajanta Motor Parts Modasa,Madasa,8401507117
Ajaramar Oil Timbadi Patiya Morbi,Morbi,9033906848
Ajay Erthmovers Mehsana,Mahesana,7874732357
Ajitbhai Dharampur,Dharampur,9429530537
Ajitbhai Kapurai,Baroda,"9824073484 , 6351118107"
Ajitbhai Katargam Surat,Surat,9879071848
Ajitbhai Ranoli,Ranoli,8000441400
Ajmera Enterprise Mirzapur Ahmd,Mirzapur,9879330370
Akal Automobiles Aslali,Aslali,9327007817
Akash Agency Bardolpura Ahmedabad,Ahmedabad,"9824089102 , 9824189102"
Akash Battery Vega Dabhoi,Vadodara,"9909119044 , 9998944661"
Akash Motors Valinath Chokdi Memnagar Ahmd,Memnagar,9227205454
Akbari Auto Parts Waadi Baroda,Baroda,"9924047272 , 7990535093"
Akshar Auto Parts Bardoli,Bardoli,"9427673606 , 9374249584"
Akshar Auto Parts Navagam Kamrej,Kamrej-Laskana,9825239399
Akshar Auto Parts Navagam Kamrej Hw,Kamrej-Laskana,9825239399
Akshar Auto Parts Navsari,Navsari,"9724270558 , 9662189626"
Akshar Auto Parts Waghodia Baroda,Baroda,"9924087971 , 9737227765"
Akshar Automobiles Sayan,Sayan,8153813750
Akshar Battery Kim,Kim,"9428379095 , 9727843177 , 209"
Akshar Decorators Ankleshwar,Ankleshwar,9228623618
Akshar Motors Bardoli,Bardoli,"9374249584 , 7043146997"
Akshar Motors Botad,Botad,"9879645003 , 7600354609 , 9724015235"
Akshar Tyres Ognaj Amd,Sola,9978244104
Akshara Tractor Pimpalner M.H.,Nashik,"8329272321 , 9552823923"
Akshara Tractor Pimpalner M.H.,Surat,209
Akshat Auto Mobiles Mirzapur,Ahmedabad,"8200785385 , 9426237548"
Akshay Auto Narol,Ahmedabad,7405265195
Akshaybhai Bardoli,Bardoli,"9898623793 , 7621970072"
Akshaybhai Sola Ahmedabad,Sola,209
Al Shah Motor Parts Ichhapore Hazira,Hazira,"8128192775 , 8181817764"
Alfa Auto Parts Ankleshwar,Ankleshwar,8141108276
Alfa Auto Parts Ankleshwar Hw,Ankleshwar,8141108276
Alfa Auto Shahada M.H,Nandurbar,"9922555570 , 8149855570"
Alfa Automobiles Taloda,Nandurbar,"9420604445 , 9028548886"
Ali Automobiles Ankleshwar,Ankleshwar,9227128738
Ali Automobiles Ankleshwar Hw,Ankleshwar,9227128738
Ali Bhai Sankheda,Bodeli,"9909030778 , 8140880041"
All India Furnishing Bharuch,Bharuch,"9427004100 , 9427004200"
Allwin Equipment Dediyasan Mahesana,Mahesana,9825413555
Alpeshbhai Ample Kamrej,Kamrej,9824514050
Alpeshbhai Patel R.K. Mahesana,Mahesana,209
Alpeshbhai Shah Mehsana,Mahesana,9426281732
Alpha Ev Rajkot,Rajkot,"9824451822 , 8758977815"
Alpine Car Accessories Baroda,Baroda,9913255599
Altafbhai Deesa,Deesa,"9737043176 , 7323084166"
Altafbhai Himmatnagar,Himat Nagar,9427084288
Altafbhai Idar,Ider,"9275198082 , 9725528038"
Amaan Motors Pandesara Surat,Surat,9825683971
Amaan Motors Pandesara Surat Hw,Surat,9825683971
Amadbhai Udvada,Udvada,9638884444
Aman Auto Parts Hazira Hw,Hazira,"9879181090 , 9812410810"
Aman Auto Parts Hazira,Hazira,"9879181090 , 9812410810"
Aman Automobile Manmad Mh,Nashik,9527228386
Aman Automobile Manmad W Mh,Nashik,9527228386
Aman Automobiles Mosali,Moshali,8128716060
Aman Tools & Hardware Palej,Palej,9904574518
Amandeep Motors Vatva,Ahmedabad,9727797341
Amandeep Motors Vatva,Vatva,9727797341
Amar Auto And Tractor Parts Rajpardi,Rajpardi,9825865215
Amar Automobile Malegaon Mh,Nashik,"9579051302 , 7776858408"
Amar Automobile Malegaon W Mh,Nashik,"9579051302 , 7776858408"
Amar Motor Garage Shantipura Sarkhej,Sarkhej,"9879883233 , 8780065003"
Amar Motors Garage Panthawada,Deesa,"8980606542 , 9601419412"
Amar Motors Garage Sarkhej,Sarkhej,9925877799
Amar Motors Parts Adajan,Surat,9687333372
Amar Sales Agency Changodar,Sarkhej,9724447550
Amar Sales Borsad,.,9898833488
Amar Spare Parts Amroli,Surat,9913526758
Amar Spare Parts Amroli Hw,Surat,9913526758
Amar Tractor Amreli,Amreli,9726944848
Amarchandra T Solanki Valsad,Valsad,9925056343
Amarnath Explosives Songadh,Songadh,9898719389
Amarnath Explosives Songadh,.,209
Ambaji Automobiles Godadara Surat,Surat,"8141706113 , 9879413039"
Ambaji Electricals Sachin,Sachin,9825371323
Ambar Auto Parts Godhara,Godhra,"9081784853 , 7405715253"
Ambe Sales Dariyapur Amd,Ahmedabad,9327004366
Amber Agencies Shahada,Nandurbar,"94234944127 , 9595373726"
Ambeshwar Automobiles Sanchore Rj,Jaipur,68
Ambica Auto Parts Karjan,Karjan,"9898033055 , 9898147899"
Ambica Auto Sales & Garage Niyol Patiya Hw,Surat,"9023135062 , 9369492394"
Ambica Auto Sales & Garage Niyol Patiya,Surat,"9924703051 , 9023135062"
Ambica Automobiles Bardoli,Bardoli,"9898193233 , 6353613245"
Ambica Automobiles Gandhidham Old,Gandhidham,"9979611953 , 9925265672"
Ambica Automobiles Gandhidham W Old,Gandhidham,"9979611953 , 9925265672"
Ambica Diesel Authorised Bosch Workshop Kamrej,Kamrej,9428252077
Ambica Machine Tools Kamrej,Surat,9925014022
Ambica Motors Bardoli Old,Bardoli,"9898193233 , 6353613245"
Ambica Motors Bardoli,Bardoli,9898193233
Ambica Motors Himmatnagar,Himat Nagar,9925627762
Ambica Motors Saroli,Surat,9979847932
Ambica Motors Saroli Hw,Surat,9979847932
Ambica Motors Saroli Hw Old,Surat,9979847932
Ambica Motors Saroli Old,Surat,9979847932
Ambica Motors Saroli U4 Old,Surat,9979847932
Ambica Motors Sevalia,Baroda,9033774435
Ambica Motors Sevalia Old,Baroda,9033774435
Ambica Spare Parts Hardware Machinery Taloda M.H,Nandurbar,"9175430751 , 9325629393"
Ambica Tractors Changodar,Sarkhej,"9427704282 , 9429520381"
Ambika Agencies Ranoli,Ranoli,9824241952
Ambika Auto And Tractor Bahuchraji,Bahucharaji,9879586443
Ambika Auto Center Gandhidham,Gandhidham,9825037419
Ambika Auto Parts Ankleshwar,Ankleshwar,"9427876957 , 9427201626"
Ambika Auto Parts Ankleshwar,Surat,9737385259
Ambika Auto Parts Dehgam,Dehgam,"9879477141 , 9409636441"
Ambika Auto Parts Godhra,Godhra,"9173838751 , 9427036751"
Ambika Auto Parts Idar,Ider,9426492822
Ambika Auto Parts Kadi,Kadi,9879026611
Ambika Auto Parts Kadi,Mahesana,9879026611
Ambika Auto Parts Mandavi,Mandvi,9979730099
Ambika Auto Parts Mandavi Hw,Mandvi,9979730099
Ambika Auto Parts Nana Chiloda Dipakbhai,Nana Chiloda,9662502338
Ambika Auto Spares Pimpalgaon M.H,Nashik,9423474745
Ambika Automobiles Bajipura,Bajipura,9979144145
Ambika Automobiles Bajipura Hw,Bajipura,9979144145
Ambika Automobiles Dhirajbhai Mirzapur,Mirzapur,9913258424
Ambika Automobiles Ghoti Mh,Nashik,"7218730232 , 9822624805"
Ambika Automobiles Idar,Ider,9426492822
Ambika Automobiles Mirzapur Shaileshbhai,Mirzapur,9898111037
Ambika Automobiles Modasa,Modasa,9426365999
Ambika Automobiles Navagam Rajkot,Rajkot,"8200205002 , 9033755775"
Ambika Automobiles Navapur,Ahmednagar,"9881568047 , 9689193456"
Ambika Automobiles Navapur,Nandurbar,"9881568047 , 9689193456"
Ambika Automobiles Odhav,Odhav,9924069977
Ambika Automobiles Shiddhpur,Siddhpur,9275084883
Ambika Engineering Works Vasda,Navsari,"6352244601 , 9726024582"
Ambika Enterprises Navapur,Nandurbar,"9881568047 , 9689193456"
Ambika Hardware Ankleshwar,Ankleshwar,"8141404047 , 8141404062"
Ambika Hardware Rajpardi,Rajpardi,8200941091
Ambika Iron Works Kamrej,Surat,9925014022
Ambika Motors Baroda,Baroda,9879251427
Ambika Motors Garage Navapur,Ahmednagar,"9881568047 , 9689193456"
Ambika Motors Himmatnagar W Old,Himat Nagar,9925627725
Ambika Motors Mosali,Moshali,9998674553
Ambika Motors Mosali Hw,Moshali,9998674553
Ambika Motors Mosali Old,Moshali,9998674553
Ambika Motors Spaprparts & Service Bharuch,Bharuch,8742013074
Ambika Motors Sparparts & Service Bharuch M Old,Bharuch,8742013074
Ambika Motors Vapi,Valsad,"9429117463 , 9377815299"
Ambika Motors Vapi,Vapi,"9429117463 , 9377815299"
Ambika Oil & Depo Parts Deesa,Deesa,209
Ambika Oil Center Unjha,Unjha,"9824551319 , 9909053423"
Ambika Roadlines Aslali,Ahmedabad,"9426801751 , 9826801752"
Ambika Roadlines Sarkhej,Sarkhej,9426124411
Ambika Sales Corp Madhapar Highway,Kutch,9979872824
Ambika Spares Kamrej Hw,Kamrej,209
Ambika Spares Kamrej,Kamrej,"9428066104 , 9426964539 , 9409175331"
Ambika Tractor Bodeli,Bodeli,9979494114
Ambika Tractors Parts Chhani,Baroda,"9825439883 , 9825139883"
Ambika Truck And Tractor Navapur,Nandurbar,"9881568047 , 9689193456"
Ambuja Sales & Service Surat,Surat,"9824576190 , 9879593095"
Amdawad Auto Electric Kamrej,Surat,"9825306783 , 9825206783"
Amee Motors Radhanpur,Radhanpur,7990448030
Ami Auto Parts Majadar Kanodar,Siddhpur,8780273563
Ami Auto Parts Tintoi,Modasa,"9427364930 , 8128007600"
Ami Auto Parts Tintoi,000050,209
Ami Motors Sarkhej,Sarkhej,9825717364
Amin & Sons Anand,Anand,9825051105
Amin Auto Accessories & Electricals Shantipura,Ahmedabad,"9904519485 , 8758199079"
Amin Auto Parts Sarkhej,Sarkhej,"9727869299 , 982576583"
Amin Motors Sarkhej,Sarkhej,9728769299
Amin Oil Traders Sarkhej,Sarkhej,"9898419944 , 7984541930"
Aminbhai Kanodar,Siddhpur,"8849976196 , 9558805661"
Amit Auto Parts Kamrej Hw,Surat,6354757916
Amit Auto Parts Kamrej,Surat,6354757916
Amit Automobiles Jamnagar,Jamnagar,9825460270
Amit Automobiles Porbandar,Porbandar,"7600733307 , 9998122006"
Amit Bhai Dhanduka,Dhanduka,9898494719
Amitbhai Kadodara,Surat,"9725719164 , 7016740025"
Amitbhai Kamrej,Surat,6354757916
Amitbhai Pandeshara Surat,Surat,8221088506
Amitbhai Porbandar,Porbandar,"7600733307 , 9998122006"
Amitbhai Shah Ognej Sola,Sola,9712998017
Amitbhai Vasana Ahmedabad,Ahmedabad,9925165063
Ample Marketing Kamrej,Kamrej,9824514050
Ample Partech Navsari,Navsari,9979618208
Amratbhai Madhi,Madhi,9825387310
Amrut Auto & Tools Sangamner Mh,Nashik,"80876551356 , 9970719478"
Amrut Automobiles Hathikhana Dharampur,Dharampur,9427153687
Amruta Tractor Bardoli,Bardoli,9428146545
Amruta Tractor Bardoli Old,Bardoli,9428146545
Amrutbhai Palanpur,Palanpur,"9824242614 , 7016983461"
An Noor Auto Parts Balasinor,Baroda,9825944276
Anabond Limited,Guwahati,209
Anabond Limited Assam Sales,Guwahati,209
Anabond Ltd. Chennai,CHENNAI,209
Anand Auto Parts Khedbrahma,Khedbrahma,"9825519070 , 9428831231"
Anand Auto Parts Khedbrahma,Ider,"9825519070 , 9428831231"
Anand Auto Parts Panthawada,Deesa,"9909672386 , 9624572386"
Anand Auto Spares Aslali Ahmedabad,Aslali,9265173236
Anand Automobiles Anand,Anand,"9327411002 , 8530733786"
Anand Engineering & Hydraulics Ankleshwar,Ankleshwar,"9898800306 , 8511115704"
Anand Enterprise Vapi,Vapi,"9377355309 , 9016524052"
Anand Hardware Agency Sarkhej,Sarkhej,"9375001999 , 9375001998"
Anand Lubricate Anand,Anand,9426512628
Anand Motors Ankleshwar,Ankleshwar,"9898016143 , 9825864765"
Anand Motors Deesa,Deesa,"9879312200 , 7778017475 , 6352116171"
Anand Motors Dhanera,Deesa,"9909464984 , 9924511435"
Anand Motors Lakhani,Tharad,"9723669654 , 7878722979"
Anand Tractor Bhildi,Deesa,9427392285
Anand Tractor Bhildi,Radhanpur,209
Anand Tractors Dwarka Nashik Mh,Nashik,9850339908
Anand Tractors Dwarka Nashik W Mh,Nashik,9850339908
Anand Traderes Ahmedabad Bapunagar,Ahmedabad,9824028768
Anand Traders Tharad,Tharad,"9601155587 , 96011155587"
Anandbhai Ankleshwar,Ankleshwar,"9898016143 , 9825864765"
Anandbhai Aslali Ahmedabad,Aslali,9265173236
Anandbhai Nashik,Nashik,9850339908
Anashbhai Godhra,Godhra,9904356736
Anil Auto Agency Bhuj,Bhuj,9825231485
Anil Auto Center Shirpur,Dhule,"9881261688 , 9423321688 , 9011151688"
Anil Auto Morbi,Morbi,"9265683585 , 9879609810"
Anilbhai Anjar Kutch,Anjar,9879607952
Anilbhai Dhanera,Deesa,7096776806
Anilbhai Rajpardi,Bharuch,"9714444430 , 9727730740 , 9727530740"
Anilbhai Waghodiya,Baroda,9898205108
Anishbhai Mahendrabhai Patel,Mahesana,8469330117
Anjani Auto Agency Mahesana,Mahesana,"9825886211 , 8780231520"
Anjani Auto Parts Dhanera,Deesa,"9925930291 , 9624229179"
Anjani Motors Morbi Old,Morbi,"9725783117 , 9974270688"
Anjani Motors Morbi W Old,Morbi,"9725783117 , 9974270688"
Anjani Putra Auto Parts Kamrej,Surat,9924954213
Anjney Earthmovers Limkheda 1 Old,Godhra,"9687346006 , 9426497662"
Anjney Erthmovers And Engineering Limkheda,Godhra,"9687346006 , 9426497662"
Ankit Automobiles Odhav,Odhav,"9726786844 , 9375040370"
Ankit Enterprise Songadh,Songadh,9737101824
Ankit Enterprise Songadh,Surat,9737101824
Ankit Marketing Navapur Changodar,Sarkhej,"9974678354 , 9925551754"
Ankita Auto Parts Vapi,Vapi,9727235394
Ankitbhai Naroda,Naroda,9898554095
Ankitbhai Sachin,Sachin,"9724158705 , 7600805400"
Ankur Traders Rajkot,Rajkot,9924579346
Ankurbhai Kamrej,Kamrej,"9824214821 , 9879585778"
Ankush Enterprise Ankleshwar,Ankleshwar,"9377510261 , 9377523861"
Anmol Motors Mehsana 1 Old,Mahesana,9712893119
Anmol Motors Mehsana Old,Mahesana,9712893119
Anmol Motors Mehsana,Mahesana,"9712893119 , 9925882998"
Anmol Trading Sarkhej,Ahmedabad,"7383481290 , 9725011120"
Annubhai Naroda Memko,Naroda,9879181692
Ansari Electric Works Rajpardi,Bharuch,9428324585
Ansari Motors And Auto Gas Bardoli,Bardoli,"7874299499 , 8488922402"
Aone Accessories & Body Parts Balitha Vapi,Vapi,"9825594604 , 9624201160"
Aone Auto Care Amroli,Surat,9898598667
Aone Auto Parts & Accessories Dhanera,Deesa,9998173565
Aone Auto Parts Dharampur,Dharampur,9879933921
Aone Auto Parts Dharampur Hw,Dharampur,9879933921
Aone Auto Parts Jambusar,Surat,9898932110
Aone Auto Parts Jambusar,Jambusar,9898932110
Aone Auto Parts Kosamba,Kosamba,9879215541
Aone Auto Parts Palej,Palej,9904073062
Aone Automobiles Malpur,Godhra,"9429154104 , 9979414490"
Aone Maruti Spare Parts Vastral Ahmd,Vastral,"9724533537 , 7016920522"
Aone Maruti Spares Himatnagar,Himat Nagar,"9979566760 , 9898560034"
Aone Maruti Spares Vishnagar,Visnagar,"9724533537 , 7016920522"
Aone Motor Store Viramgam,Bahucharaji,9898440182
Aone Sales Corporation Sarkhej,Sarkhej,9427902837
Aone Trading Dharmpur,Dharampur,9879933921
Apco Automobiles Kapurai Chokadi Baroda,Baroda,"7600056940 , 9913565982 , 9104040485"
Apco Automobiles Kapurai Chokadi Baroda S Old,Baroda,"7600056940 , 9104040485"
Apco Automobiles Kapurai Chokadi Baroda W S Old,Baroda,"7600056940 , 9104040485"
Apco Motors Kapurai Chokdi,Baroda,"9824653575 , 9998897333"
Apco Motors Kapurai Chokdi Old,Baroda,"9824653575 , 9998897333"
Apco Motors Kapurai Chokdi W S Old,Baroda,"9824653575 , 9998897333"
Apeshwar Motors Garage Iqbalgadh,Palanpur,"9408132321 , 7990433646 , 209"
Apex Automobiles Siddhpur,Siddhpur,9913602851
Apna Automobiles And Building Mati Supp Udvada,Vapi,9638884444
Apna Automobiles And Building Mati Supp Udvada Hw,Vapi,9638884444
Apna Automobiles And Building Mati Supp Udvada,Udvada,9638884444
Apna Oil Centre Chandwad Mh,Nashik,9421562886
Apna Oil Centre Chandwad W Mh,Nashik,9421562886
Apple Enterprise Dahej,Dahej,"9904469115 , 9904455339"
Aqsa Motors Palse Nashik Mh,Nashik,"9922266613 , 9922288035 , 8888435486"
Aqsa Motors Palse Nashik W Mh,Nashik,"9922266613 , 9922288035 , 8888435486"
Ar Sales Agency Mirzapur,Mirzapur,"9409278876 , 7984455071"
Arabian Automobiles Rajkot,Rajkot,9428274198
Aradhya Spares Dhule Mh,Dhule,"7588318673 , 9423916049"
Aradhya Spares Dhule W Mh,Dhule,"7588318673 , 9423916049"
Araiz Rotavator Panthawada,Deesa,9594596393
Arbuda Auto Garage & Sarvis Pathavada,Bhavnagar,8141923036
Arbuda Auto Parts Aslali,Aslali,209
Arbuda Auto Parts Dhanera,Deesa,"9638906195 , 9925427632"
Arbuda Auto Parts Nikol Abd,Nikol,7863883565
Arbuda Auto Parts Variyav Surat,Surat,9974284043
Arbuda Car Ac Radhanpur,Radhanpur,9978012313
Areehant Motors Vapi Jitubhai,Vapi,"9930035916 , 9725055859"
Arham Enterprise Kadodara,Kadodara,9825886862
Arham Lubricants Nashik Mh,Nashik,"7558701044 , 9822945533 , 7219589945"
Arham Lubricants Nashik W Mh,Nashik,"7558701044 , 9822945533 , 7219589945"
Arif Auto Parts Olpad,Olpad,9558650761
Arifbhai Netrang,Netrang,"9429126446 , 209"
Arihant Auto Agency Mehsana,Mahesana,9408460665
Arihant Auto Nandgau,Nashik,9423478641
Arihant Auto Parts Gandhinagar,Gandhi Nagar,9924455822
Arihant Auto Parts Rameshbhai Sarkhej,Sarkhej,9925917832
Arihant Automobiles Dindori M.H,Nashik,8668634811
Arihant Automobiles Gandhidham,Gandhidham,9825241001
Arihant Automobiles Rakanpur,Gandhi Nagar,9974957983
Arihant Automobiles Sinner Mh,Nashik,9822511045
Arihant Automobiles Sinner W Mh,Nashik,9822511045
Arihant Automobiles Veraval,Veraval,9824465291
Arihant Lub Agency Raipur Ahmedabad,Ahmedabad,"8160332574 , 9898002693"
Arihant Motors Adajan Surat,Surat,9824508003
Arihant Motors Navsari,Navsari,"9825711424 , 209"
Arihant Motors Pavankumar Sarkhej,Sarkhej,9825200403
Arihant Oil Center Bhilad,Bhilad,9377027884
Arihant Trading Dashrath Ranoli,Vadodara,9714869824
Arihnat Ply & Laminates Surat,Surat,209
Ariya Chemicals Vatva,Vatva,9727758157
Arjun Auto Parts Valakpatia,Kamrej,9638643043
Arjunbhai Hazira,Hazira,8866393094
Arjunbhai Oja Bavla,Sarkhej,"9824113671 , 9429673671"
Arredo Enterprise Ankleshwar,Ankleshwar,"8320442177 , 7984769192 , 209"
Arrow Scooter Sagrampura Surat,Surat,9824121171
Arshad Auto Parts Sachin,Surat,209
Arshad Auto Parts Sachin,Sachin,"9682440550 , 9909343779"
Artaagam Lubricate Surat,Surat,9924773101
Artist Furniture & Decorators Ankleshwar,Ankleshwar,9377510250
Arun Automobiles Dhule,Dhule,"9422287132 , 9488786932"
Arun Automobiles Dhule M H W Old,Dhule,"9422287132 , 9488786932"
Arvind Automobiles Mehsana,Mahesana,9979275727
Arvind Cycle & Oil Kamrej,Kamrej,8511307191
Arvindbhai Bareja,Kheda,"8460173351 , 7572922878"
Arvindbhai Bareja,.,209
Arvindbhai Odhav,Odhav,9426326195
Arvindbhai Saroli,Surat,"9377777101 , 7802049404"
Arvindbhai Variyav Surat,Surat,9974284043
Aryan Earyan Enterprise Kamrej,Kamrej,"9879487084 , 8155848081 , 9426804556"
Aryan Enterprise Kamrej,Kamrej,"9879487084 , 8155848081 , 9426804556"
Aryan Sales Corporation Ankleshwar,Ankleshwar,"9825519141 , 7600248130"
Asha Agency Madhapar Kutch,Kutch,9825344600
Asha Auto Parts Sankheda Old,Bodeli,"9879322481 , 8485926589"
Ashapura Associates Sarkhej,Sarkhej,9426358504
Ashapura Auto Agency Mahesna Hw,Mahesana,"9825075832 , 9825061195"
Ashapura Auto Agency Mahesna,Mahesana,9662651515
Ashapura Auto Garage Panthawada,.,"6353801169 , 9909182545"
Ashapura Auto Garage R Akhol Deesa,Deesa,9638620098
Ashapura Auto Parts & Garage Nenava Dhanera,Deesa,9426049639
Ashapura Auto Parts Anjar,Kutch,"9099083364 , 9974007014"
Ashapura Auto Parts Bhabhar,Deesa,"209 , 9898957149"
Ashapura Auto Ranabhai Akhol Deesa,Deesa,9638620098
Ashapura Automobiles Bhavnagar,Bhavnagar,"9426711528 , 9099982575"
Ashapura Automobiles Samakhiyali Kutch,Kutch,"9909723496 , 9687614803"
Ashapura Automobiles Sanjaybhai Deesa,Deesa,9426705260
Ashapura Electricals Sachin,Sachin,"9825474543 , 9067374523"
Ashapura Enterprise Tajpar,Morbi,9879125557
Ashapura Hardware & Electrical Ankleshwar,Ankleshwar,"9327415847 , 9825251878"
Ashapura Industries Changodar Sarkhej,Sarkhej,9327019940
Ashapura Lubes Bhuj,Ahmedabad,"8849837255 , 9820488255"
Ashapura Marketing Akhol Deesa,Deesa,"8320639598 , 9909466591"
Ashapura Maruti Garage Panthawada,Deesa,"9687577524 , 7874357983"
Ashapura Motors Deesa City,Deesa,9924381081
Ashapura Motors Madhapar Kutch,Kutch,9726798979
Ashapura Oil And Spare Parts Gandhidham,Gandhidham,9409041192
Ashapura Spare Parts Vapi,Vapi,209
Ashapuri Auto Parts & Sarvice Canter Shirpur,Dhule,8806781610
Ashapuri Auto Parts Bareja,Kheda,"8460173351 , 7572922878"
Ashapuri Automobiles Dantivada,Palanpur,"9510423116 , 9924293003 , 209"
Ashapuri Automobiles Palanpur,Palanpur,9824032799
Ashapuri Hardware & Plywood Center Ankleshwar,Ankleshwar,"9408552898 , 9824780697"
Ashi Infratech Private Limited Mehsana,Mahesana,9825163364
Ashirvad Electricals And Hardware Ankleshwar,Ankleshwar,8460555220
Ashirwad Auto Garage Kosamba,Kosamba,"9601119471 , 9112589431"
Ashirwad Automobiles Khedbrahma,Himat Nagar,9898743844
Ashirwad Automobiles Vadalibhoy Mh,Nashik,9960464213
Ashirwad Motors & Car Decor Jalgaon M.H.W,Nandurbar,"7756092280 , 7756092290"
Ashirwad Ply Home & Hardware Ankleshwar,Ankleshwar,"9377070474 , 9925631951"
Ashirwad Tredars Vankvel Ukay Songadh,Songadh,"9913434330 , 7434972230 , 9825986261"
Ashirwad Tredars Vankvel Ukay Songadh Hw,Songadh,"9913434330 , 7434972230"
Ashish Auto Agency Sanathal Ahmd,Sanatal,9909702226
Ashish Auto Parts Dabhoi,Dabhoi,"9429536578 , 8200912567 , 9409229444"
Ashish Automobiles Chandkheda,Chandkheda,9825098152
Ashish Automobiles Dhumad Chokdi Baroda,Baroda,9824935622
Ashish Motors Shirpur M.H,Dhule,"9373196459 , 209"
Ashish Tractor&Auto Parts Harij,Patan,"9099394030 , 9427372986"
Ashitbhai Kadod,Kadod,9925894631
Ashok Automobiles Mirzapur,Mirzapur,9998167808
Ashok Bhai Arrow Sagrampura Surat,Surat,9824121171
Ashok Trading Co. Jholwa Dahej,Dahej,"9979786464 , 9627697426"
Ashoka Automobiles Surat,Surat,9979113446
Ashoka Tractor Ghoti Mh,Nashik,"7887609559 , 8483911116"
Ashokbhai Mahesana,Mahesana,9428499685
Ashokbhai Baroda,Baroda,9898104911
Ashokbhai Deesa,Deesa,"9773113839 , 9998912573"
Ashokbhai Idar,Ider,9426492822
Ashokkumar Laxman Singh Nashik,Nashik,9767861013
Ashratbhai Jambusar,Jambusar,9824553500
Ashutosh Motors Bardoli,Bardoli,9924120004
Ashutosh Motors Bardoli Hw,Bardoli,9924120004
Ashvinbhai Anand,Surat,9426370770
Ashvinbhai Bodeli,Bodeli,"8141502196 , 6354303126"
Ashvinbhai Dharampur,Dharampur,9879340354
Ashvinbhai Kosmadi Patiya,Kamrej,"8866090394 , 9879244644"
Ashwamegh Agency Sarkhej,Ahmedabad,9879672408
Ashwin Automobiles Anand,Anand,"9376145761 , 8140072872"
Ashwin Corporation Bhavnagar,Bhavnagar,"9898448458 , 9879524319"
Ashwin Petroleum Anand,Anand,9227145761
Ashwinbhai Bardoli,Bardoli,9427891771
Ashwinbhai Chikhli,Chikhli,9824903374
Ashwinbhai Radhanpur,Radhanpur,9428650309
Ashwinbhai Songadh,Songadh,9033910602
Ashwini Auto Parts Nadiyad,Nadiad,9712069409
Asian Auto Parts Kanodar,Mahesana,9879168417
Asian Automobiles Godhara,Godhra,9428778052
Asian Motor Stores Aslali,Aslali,9429129595
Asian Sanitary Bharuch,Bharuch,"9898055085 , 9428178500"
Asian Switch Gears Ankleshwar,Ankleshwar,9429283936
Asiatic Carpets Ankleshwar,Ankleshwar,"9426840419 , 9033772566"
Asiatic Carpets Ankleshwar W Old,Ankleshwar,"9426840419 , 9033772566"
Ason Auto Care Bhathena Hw Old,Surat,9726945515
Ason Auto Care Rakeshbhai Udhana,Surat,9726945515
Astha Motors Bamroli Road Surat,Surat,9375757003
Atiq Auto Dediyapada,Umbergaon,9427825676
Atiq Automobiles & Garage Umarpada,Songadh,"8128170586 , 209"
Atiq Automobiles Mandvi Hw,Mandvi,9427825676
Atiq Motors Show Room Songadh,Songadh,"9016635601 , 9586052313"
Atiq Motors Show Room Songadh Hw,Songadh,"9016635601 , 9586052313"
Atlas Automobiles Bharuch,Bharuch,9427472813
Atlas Automobiles Kamrej,Kamrej,9427671288
Atlas Car Care Surat,Kamrej,9427671288
Atlas Motors Kamrej,Surat,9427671288
Atmiya Automobiles Dhumad Baroda,Baroda,"7567505767 , 9824371477"
Atop Auto Agency Gandhidham Kutch,Kutch,9427288185
Atul Automobiles Bhatiya,Porbandar,"7016085303 , 209"
Atulbhai Patan,Patan,209
Aum Auto Parts Valsad,Valsad,"9979485272 , 9377611290"
Aum Auto Spares Hasmukhbhai Vapi,Vapi,"9099921276 , 7575063110"
Aum Automobiles Vapi,Vapi,"7575063110 , 9099921276"
Aum Motors Sabarmati Ahmd,Sabarmati,9974887777
Aum Motors Varachha Surat,Surat,"9427155469 , 9099227929"
Aum Shiv Furnishing Ankleshwar,Ankleshwar,9879572066
Auto Center Madhapar Bhuj,Kutch,9426916127
Auto Center Umeshbhai Mudra Kutch,Kutch,9898292915
Auto Emporium Baroda City,Baroda,8905919688
Auto House Aslali,Aslali,"7383048149 , 982591931"
Auto House Sarkhej,Sarkhej,9328067770
Auto Hub Palanpur,Palanpur,209
Auto Link Corporation Vasai,.,
Auto Mart Parts Sarkhej,Sarkhej,"9510240989 , 9173497806"
Auto Need Dariapur Ahmedabad,Ahmedabad,"8401930242 , 9879007219 , 6351065252"
Auto Parts Center Bavla,Bavla,7600717500
Auto Parts Centr Anjar Kutch,Kutch,"9998264950 , 9825837878"
Auto Point Palanpur,Palanpur,"9099878792 , 9157902070"
Auto Power Point Valsad,Valsad,7698435350
Auto Scan Sarkhej,Sarkhej,"9924044377 , 9426174377"
Auto Scan Sarkhej W Old,Ahmedabad,"9924044377 , 9724606606 , 9426174377"
Auto Spares Narol,Narol,9898707258
Auto Spares Narol Hw,Narol,9898707258
Auto World Sola,Ahmedabad,9879554161
Autodirect Techsystems India Private Limited Pune,Pune,8805586767
Automotive Agencies Mumbai Sale,Navi Mumbai,9820041783
Automotive Agency Palanpur,Palanpur,"9979297765 , 9426727242"
Avadh Auto Agency Vadodara,Baroda,9909912210
Avadh Auto Mall Mirzapur,Mirzapur,9510316364
Avadh Automobiles Dholka Ahmedabad,Ahmedabad,"9099931801 , 9099911321"
Avadh Automobiles Talaja,Bhavnagar,"9723482868 , 9825350013"
Avadh Motors Amreli,Amreli,"9427281283 , 209"
Avadh Motors Amreli,Rajkot,07623018018
Avadhesh Agencies Gondal Rajkot,Gondal,209
Avani Sales Vatva,Vatva,"9825232715 , 7600504100"
Avinash Auto Parts Visnagar,Visnagar,"209 , 9974201899 , 9998013793"
Avinash Kumar Bharuch,Bharuch,8742013074
Avira Auto Sales Parvat Patiya Surat,Surat,"9913141461 , 9537507948"
Avkar Auto Parts Sarkhej,Sarkhej,9979153243
Avkar Automobiles Kadi,Kadi,9925869086
Avni Tools Traders Vatva,Vatva,"9825232715 , 209"
Avon Associates Sarkhej,Sarkhej,"9427953087 , 9898199925 , 9974245553"
Avon Battery & Auto Parts Agra Road Nashik Mh,Nashik,"9422252472 , 9922203972"
Avon Battery & Auto Parts Asodar Anand,Anand,"9313300710 , 9714069534"
Axar Auto Parts Laskana,Kamrej-Laskana,"9979631013 , 9825239399"
Axel Auto Parts Ankleshwar Hw,Ankleshwar,"9712287028 , 9712312249"
Axel Auto Parts Ankleshwar,Ankleshwar,"9712287028 , 9712312249"
Axle Ankleshwar,Ankleshwar,"9712287028 , 9712312249"
Ayom Enterprise Anjar,Kutch,"9925265672 , 9979611953"
Azad Auto Electric Works Ankleshwar,Ankleshwar,8401125141
Azad Auto Khalidbhai Ankleshwar,Ankleshwar,9825692483
Azad Automobile Bhilad,Bhilad,7398664870
Azaz Auto Garage Unai,Vasda,9428064731
Azaz Auto Garage Unai Hw,Vasda,9428064731
Azhari Auto Parts Salvav Balitha,Vapi,"9714993691 , 9106330012"
Azhari Auto Parts Salvav Vapi,Vapi,"9714993691 , 9106330012"
Azhari Auto Parts Salvav Vapi,Sachin,209
Aziz Auto Parts Amod,Amod,"9313639394 , 9723778726"
Azizbhai Amod,Amod,9313639394
B A Automobiles Jamnagar Hapa,Jamnagar,"9825781404 , 9924262861"
B A Enterprise Jamnagar Hapa,Jamnagar,"9825781404 , 9424362861"
B M Sales Corporation Rahiyad Dahej,Dahej,7600198193
B P R Sales And Service Bardoli,Bardoli,9081812836
B P R Sales And Service Bardoli Old,Bardoli,9081812836
B P R Sales And Service Bardoli W Old,Bardoli,9081812836
B R Enterprise Ankleshwar,Ankleshwar,"209 , 9825061380"
B S Kuwar Kamrej,Kamrej,8690328428
B S Marketing Naroda,Naroda,8460482039
B S Motors Nahik Mh,Nashik,7709508667
B T Enterprise Sarkhej,Sarkhej,9898190987
B W Himmatnagar,Himat Nagar,209
Baba Auto Parts Hazira Hw,Surat,"9898956401 , 8160934565 , 9825251180 , 79990470472"
Baba Auto Parts Hazira,Surat,"9898956401 , 8160934565 , 9825251180 , 79990470472"
Baba Motors Mahesana,Mahesana,9898332640
Baba Motors Mahesana Hw,Mahesana,9898332640
Baba Oil & Electricals Parts Magdalla,Hazira,"9662802092 , 7284097137"
Baba Power Tools Valsad,Valsad,"9904651817 , 9274345161"
Babji Auto Enterprise Bhatena Udhna Surat,Surat,9662989505
Babji Motors Umbhel,Kadodara,"9099911469 , 9687479297"
Bablubhai Narol,Narol,209
Babubhai Aakhol Deesa,Deesa,209
Babubhai Dhanera,Deesa,"9909464984 , 9924511435"
Babubhai Hazira,Surat,"9979477945 , 9879846447"
Babubhai Kim,Kim,9925888540
Babubhai Makrani Bodeli,Bodeli,"9879466494 , 9773439922"
Babubhai Vadali,Ider,9427364235
Babukaka Chikhli,Chikhli,9033188757
Badsah Traders Godhra 2 Old,Godhra,9033700852
Badsah Traders Godhra,Godhra,9033700852
Badsah Traders Godhra W Old,Godhra,9033700852
Badshah Bearing Stores Dahod,Dahod,9429842552
Bafna Automobiles Dhule,Dhule,9822218516
Bahuchar Motors Nanachilida Naroda,Naroda,"8460193564 , 8460190149"
Bahuchar Motors Nanachilida Naroda,Ahmedabad,"8460193564 , 8460190149"
Bajrang Agri Implements Udhyognagar,Kamrej,8980030865
Bajrang Auto Parts Chanasma,Radhanpur,"8347040121 , 9979738982"
Bajrang Auto Parts Kamrej,Kamrej,6354757916
Bajrang Auto Parts Limbadi,Dhanduka,9723466469
Bajrang Engineering Rajpardi,Rajpardi,9978800195
Bajrang Enterprise Rajpardi,Rajpardi,9978800195
Bajrang Garage Songadh,Songadh,209
Bajrang Hardware Kim,Kim,9427180027
Bajrang Iron Works Kamrej,Kamrej,"8980030860 , 8980030853"
Bajrang Motors Kamrej,Kamrej,"75740049275 , 9016253871 , 209"
Bajrang Oil Varchha Surat,Surat,9537174613
Bajrang Trading Tadkeshwar Karanj,Tadkeshwar,8401210206
Bakkarbhai Kim,Kim,9898460400
Bala Auto Parts Jambusar,Jambusar,"9723514037 , 9723897471"
Balaji Auto And Tractor Mandavi,Mandvi,9427170152
Balaji Auto And Tractor Navsari,Navsari,9979710539
Balaji Auto Balitha,Balitha,"9879271376 , 7383629209"
Balaji Auto Care Piplod Surat,Surat,7069843404
Balaji Auto Parts Khatodra Surat,Surat,"9909943391 , 9825343391"
Balaji Auto Parts Sachin,Surat,9662100332
Balaji Auto Parts Shirpur M.H,Dhule,"9822893554 , 9423466604"
Balaji Auto Parts Sindkheda M.H,Dhule,9028208390
Balaji Auto Parts Vyara,Vyara,"9033953830 , 209"
Balaji Auto Spears Dhule Mh,Dhule,9764091555
Balaji Automobiles Halvad,Rajkot,9624098191
Balaji Automobiles Tajpar,Porbandar,9913327400
Balaji Automobiles Timadi Morbi,Morbi,9913327400
Balaji Automobiles Visarwadi M.H.W,Nandurbar,"9767835333 , 9112338888 , 9657578758"
Balaji Car Accessories Anand,Anand,"8140390968 , 9512337334"
Balaji Enterprise Nani Daman,SILVASSA,"9904931177 , 7405841508"
Balaji Enterprise Tadkeshwar Karanj,Tadkeshwar,8146197762
Balaji Hardware And Oil Centre Chikhli,Chikhli,9427791833
Balaji Lubricant Pandesra Surat,Surat,"9879555591 , 8200259267"
Balaji Motors Bodeli,Bodeli,9879120076
Balaji Motors Gadhshisa,Kutch,9913084560
Balaji Motors Parts Hazira,Hazira,"9725203754 , 7850871995"
Balaji Motors Parts Hazira Hw,Hazira,"9725203754 , 7850871995"
Balaji Textile Hojiwala Sachin,Surat,7203973375
Baldevbhai Modasa,Modasa,9426548840
Baliyadev Auto Service Por,Karjan,"7405836433 , 9898325232"
Balram Engineering Company Ranoli Baroda,Vadodara,"9825105061 , 9327212207"
Balubhai Koita,Deesa,9726002668
Banas Tractor Parts & Garege Danta,Siddhpur,"9428175804 , 8401472604"
Baneshwari Agency Deesa,Deesa,9898606663
Baneshwari Agency Deesa W Old,Deesa,9898606663
Baneshwary Agncy Deesa Old,Deesa,9898606663
Baneshwary Agncy Deesa W Old,Deesa,9898606663
Bankimbhai Surat,Surat,
Bansal Automobiles Gandhidham,Gandhidham,8485980620
Bansari Automobiles Chikhli,Chikhli,"9925959504 , 9558876143"
Bansi Auto Care Dhanera,Deesa,"8980461175 , 9773059550 , 9558918026"
Bansi Automobiles Upleta,Rajkot,9828519660
Bansi Motors Pathawada,Deesa,"9714649527 , 9725738481 , 9428476255"
Bansibhai Patan,Patan,209
Bansiwala Auto Care Bharuch,Bharuch,"9824293263 , 9904090226"
Bansiwala Auto Centre Ankleshwar,Ankleshwar,"9904233757 , 7405588974 , 9879387272"
Bansiwala Auto Parts Gautambhai Ankleshwar,Ankleshwar,"9879387272 , 9904233757"
Bapa Sitaram Auto Halol,Halol,9638190433
Bapa Sitaram Automobiles Katargam,Surat,9879654971
Bapa Sitaram Automobiles Tharad,Tharad,"8347815535 , 9714446896"
Bapu Maruti Car Spare Parts Amod,Amod,9909451336
Bapuji Auto Parts Karjan,Karjan,9825580410
Barad Sagar Naranbhai Rajpardi,Rajpardi,9510909594
Baroda Auto Co Baroda,Baroda,9825066028
Baroda Auto Co Baroda,Hazira,209
Baroda Auto Co Baroda,Ratnagiri,209
Basan Motor & Parts Chhapi,Siddhpur,"9925441210 , 7228808501"
Battery World Gandhinagar,Gandhi Nagar,9998275109
Battery World Himatnagar,Himat Nagar,9377736524
Bearing Center Sarkhej,Sarkhej,9825336677
Bedia Tradelink Pvt.Ltd,Surat,209
Best Auto Center Nadiyad,Nadiad,9408073164
Best Automobiles Junathana Navsari,Navsari,"9426855524 , 9925991633"
Best Tools Surat,Surat,9825425260
Bethel Traders Vyara,Vyara,"63555062462 , 9726248161 , 6355892689 , 9687800988"
Bhadreshbhai Vegha Dabhoi,Dabhoi,9909661696
Bhadreshbhai Vyara,Vyara,209
Bhagat Auto Spare Odhav,Odhav,9714529812
Bhagavati Auto Mobiles Hazira,Surat,"9979477945 , 9879846447"
Bhagvati Industrial Stores Vareli Kadodara,Kadodara,9427889112
Bhagwati Auto Care Patan,Patan,"8320872095 , 6351965986"
Bhagwati Auto Center Mundra,Mundra,9727980535
Bhagwati Auto Parts Kamrej,Kamrej,9825832905
Bhagwati Auto Parts Katargam,Surat,"8980240009 , 9033617403"
Bhagwati Auto Parts Lunawada,Godhra,7359530845
Bhagwati Auto Parts Mayurbhai Surat,Surat,"9586123702 , 9879287783"
Bhagwati Auto Parts Patdi,Bahucharaji,9979966009
Bhagwati Auto Parts Sadhli,Baroda,9925088681
Bhagwati Automobiles Lunawada W Old,Godhra,9662330845
Bhagwati Automobiles Saroli,Surat,"8200354940 , 8866477384"
Bhagwati Automobiles Saroli,Kadodara,"8200354940 , 8866477384"
Bhagwati Automobiles Vani M.H,Nashik,"8698074771 , 9373830553"
Bhagwati Enterprise Sachin,Sachin,
Bhagwati Industries Sayan,Sayan,9727555111
Bhagwati Krupa Auto Parts Hazira,Hazira,"9726717707 , 209"
Bhagwati Krupa Auto Parts Hazira,Surat,209
Bhagwati Motors Anand,Anand,9879255876
Bhagwati Tractor Parts Adalaj,Adalaj,9228714155
Bhagwati Tractor Parts Babra,Botad,9429453976
Bhagwati Tractors & Garage Abhona Mh,Nashik,"9405314847 , 8767242945 , 7378877975"
Bhagwati Tractors & Garage Abhona W Mh,Nashik,"9405314847 , 8767242945 , 7378877975"
Bhagwati Trading Co Dahej,Dahej,9537935069
Bhagyalaxmi Auto Garage Palanpur,Palanpur,9408424361
Bhagyalaxmi Auto Parts Dabhoi,Dabhoi,"7284024142 , 9426582599"
Bhagyalaxmi Auto Parts Sathambha,Godhra,9429762862
Bhagyalaxmi Enterprise Dabhoi,Dabhoi,7284024142
Bhagyalaxmi Popular Vyara,Vyara,8141086616
Bhagyalaxmi Sales Corpoation Dhanera,Deesa,9427537118
Bhagyoday Auto And Tractor Parts Bharuch,Bharuch,"9427352338 , 9016725002"
Bhairoo Parshwa Associates Baroda,Baroda,9825066338
Bhakti Steel Ahmedabad,Ahmedabad,7874439992
Bhandari Automobiles Nashik Mh,Nashik,9822457694
Bhandari Automobiles Nashik W Mh,Nashik,9822457694
Bharat Agency Saroli Surat,Surat,9879362786
Bharat Agency Saroli Surat U4 Old,Surat,9879362786
Bharat Agency Udhana Darwaja Surat,Surat,"9726223813 , 209"
Bharat Auto Electric Works Anjar,Anjar,9426737743
Bharat Auto Electrical Gandhidham,Gandhidham,9426452237
Bharat Auto Garege Shahada,Nandurbar,"9423434795 , 9423434782"
Bharat Auto Parts & Body Parts Navsari,Navsari,"7977049055 , 9978636199"
Bharat Auto Parts & Service Botad,Botad,"8000505270 , 8999958880"
Bharat Auto Parts Anand,Anand,7201808058
Bharat Auto Parts Antroli Dhoranpardi,Surat,"8146925141 , 74088929955"
Bharat Auto Parts Bharatbhai Vapi Rth,Surat,209
Bharat Auto Parts Dabhoi,Dabhoi,9173238661
Bharat Auto Parts Dahod,Dahod,"9408885555 , 9558755655"
Bharat Auto Parts Godhra,Godhra,"9824999901 , 9173838751"
Bharat Auto Parts Laskana,Kamrej-Laskana,"9537213511 , 9879369991"
Bharat Auto Parts Saroli Surat,Surat,9879362786
Bharat Auto Spares Bardoli,Bardoli,7567992955
Bharat Auto Spares Bharatbhai Vapi,Vapi,9376016240
Bharat Auto Spares Bharatbhai Vapi Rth,Surat,209
Bharat Auto Stors Sarkhej,Sarkhej,9173703199
Bharat Automobiles Aslali,Aslali,"9825016640 , 7990803930"
Bharat Automobiles Baroda,Baroda,9925021497
Bharat Automobiles Bhavnagar,Bhavnagar,9376532755
Bharat Automobiles Borsad,Baroda,"9428073005 , 9898610851 , 209"
Bharat Automobiles Mehsana,Mahesana,9825393750
Bharat Automobiles Rajnagar Rj,Ratangarh,"9610977026 , 9879927116 , 7568485809"
Bharat Automobiles Shirvade Phata Mh,Nashik,"9146571063 , 7350414616"
Bharat Automobiles Surendranagar,Surendra Nagar,"9428718918 , 8160056716"
Bharat Automobiles Vapi,Vapi,9825111474
Bharat Automotive Sarkhej,Sarkhej,9825065063
Bharat Bearing Vav Kamrej Hw,Kamrej,9712791189
Bharat Bearing Vav Kamrej,Kamrej,9712791189
Bharat Diesel Valsad,Valsad,9825691164
Bharat Hardware And Tools Sohanbhai Vapi,Vapi,9429782201
Bharat Motor Garage Abhona Mh,Nashik,"9429500029 , 8484017094"
Bharat Motor Garage Abhona W Mh,Nashik,"9429500029 , 8484017094"
Bharat Motors Ankleshwar Hw,Ankleshwar,9898857678
Bharat Motors Ankleshwar,Ankleshwar,9898857678
Bharat Motors Auto Parts Chandwad Mh,Nashik,"7887316541 , 9850157841"
Bharat Motors Bharuch,Bharuch,"9879529861 , 8485977944 , 9426864787 , 9978646346"
Bharat Motors Mahesana,Mahesana,9879756730
Bharat Motors Mahesana Hw,Mahesana,9879756730
Bharat Motors Parts Varachha,Surat,"7202052555 , 9313986702"
Bharat Motors Patan,Patan,"9898675482 , 209"
Bharat Motors Talaja,Bhavnagar,"9201414092 , 7860000014 , 9426468666"
Bharat Petrochem Sachin,Sachin,9099472080
Bharat Petrochem Sachin,Surat,9099472080
Bharat Tractors Dhule,Dhule,"9403424282 , 8830942044"
Bharat Traders Godhara,Godhra,9824841118
Bharat Traders Sevaliya,Baroda,9979522404
Bharatbhai Himatnagar,Himat Nagar,"9979566760 , 9898560034"
Bharatbhai Lakhani,Tharad,"9913698697 , 9974734231"
Bharatbhai Odhav,Odhav,"9925285249 , 9925675149"
Bharatbhai Ranoli,Ranoli,9924533377
Bharatbhai Subh Kalol,Kalol,9624088477
Bharatbhai Valakpatia,Kamrej,9909782851
Bharatbhai Visnagar,Visnagar,9426595690
Bhargav Dhirubhai Sachin,Sachin,8733923023
Bharti Engineearing Works Alwar Sale,Alwar,209
Bhartiya Motors Dhuliya,Dhule,9096781811
Bharuch Rekzin Spnach Bharuch,Bharuch,9824733621
Bhasin Motors Shirpur,Dhule,"9422786969 , 8806786969"
Bhaskar Agencies Varchha Surat,Surat,9879750484
Bhatia Automobiles Baroda,Baroda,9016941444
Bhavani Auto Parts And Garage Halvad,Rajkot,9825994515
Bhavani Auto Parts Khambhaliya,Khambhalia,9375814214
Bhavani Auto Parts Makarpura Baroda,Baroda,"9924195401 , 9824492935"
Bhavani Auto Parts Virpur Mahisagar,.,"9428562746 , 8141543007 , 9427388255"
Bhavani Automobiles Khavda Kutch,Kutch,"9106289900 , 8141233050"
Bhavani Automobiles Sikka Patiya,Jamnagar,9925174581
Bhavani Elec And Hardware Manjusar,Baroda,9725163309
Bhavani Enterprise Jam Khambhaliya,Ahmedabad,209
Bhavani Erthmovers Sarkhej,Sarkhej,"9227510093 , 9727510093 , 9998634995"
Bhavani Hardware & Electrical Ankleshwar,Ankleshwar,"8460761502 , 9898118792"
Bhavani Motors Navasari,Navsari,9737457171
Bhavani Motors Songadh,Songadh,"9724190933 , 9510444808"
Bhavani Tractor & Parts Tharad,Tharad,9825686002
Bhavani Traders A K Road Surat,Surat,9825688592
Bhavani Trading Radhanpur,Radhanpur,9825542376
Bhavani Treding Surat,Surat,"9638273010 , 9825688592"
Bhavdeep Auto Dakor,Anand,9824468207
Bhavesh Auto Agencies Ghandhidham,Gandhidham,9909882300
Bhavesh Automobiles Veraval,Veraval,9879246263
Bhavesh Tractor Parts Visnagar,Visnagar,9924988499
Bhaveshbhai Aachary Anand,Anand,9426512628
Bhaveshbhai Bhatena Surat,Surat,9909245515
Bhaveshbhai Saidpura Surat,Surat,9825433413
Bhavikbhai Deesa,Deesa,"9859911999 , 9859922999"
Bhavikbhai P Shah Adalaj,Gandhi Nagar,"9859922999 , 7016608200"
Bhavikbhai Sachin,Sachin,"9601138318 , 8460468837"
Bhavin Handloom House Ankleshwar,Ankleshwar,"9879561512 , 9924158512"
Bhavin Tyres Thara,Tharad,"8128246854 , 9925005072"
Bhavinbhai Bajipura,Bajipura,"9429012318 , 9687525202"
Bhavinbhai Mahesana,Mahesana,"9825688207 , 9879538593"
Bhavya Auto Parts Navapur,Nandurbar,9371259348
Bhavya Automobiles Saidpura Surat,Surat,9825433413
Bhawani Auto Hub Botad,Botad,9924442021
Bherunath Erthmovers Vapi,Valsad,"9825463956 , 8849586296"
Bhikhabhai Sayan,Surat,209
Bhikhabhai Sayan,Sayan,9879642130
Bhikhamchand Industrial Pvt Ltd Surat,Surat,9376840039
Bhimabhai Deesa,Deesa,"209 , 9427536562"
Bhimashankar Automobiles Khadakjamb M.H.,Nashik,9322723430
Bhimjibhai Palanpur,Palanpur,"9426705312 , 9998450422"
Bhimnath Tractor Spare Parts Iqbalgadh,Deesa,9427086488
Bhogibhai Bahuchraji,Bahucharaji,9879586443
Bholenath Wood Industries Bharuch,Bharuch,9825047381
Bhoomi Auto Parts Ichhapure Hazira,Hazira,"9377062653 , 8160516739"
Bhoomi Enterprise Vadagam,Vadagam,"9979550209 , 9726678548"
Bhoomi Motors Aslali,Ahmedabad,9712992276
Bhraratbhai Ranoli,Ranoli,9924533377
Bhuj Automobiles Mundra,Kutch,9426931519
Bhumi Agency Kadodara Hw,Kadodara,9913970682
Bhumi Agency Kadodara,Kadodara,9913970682
Bhumi Agency Kadodara,Navsari,9979618208
Bhumi Auto And Tractor Anjar,Anjar,9879318347
Bhumi Automobails Palanpur,Palanpur,9429849430
Bhumi Automobiles Kaalol,Kalol,9898035388
Bhumi Enterprise Ankleshwar Hw,Ankleshwar,9879044825
Bhumi Enterprise Dahej,Dahej,"7228829173 , 9427710190"
Bhupendra Bhai Sarkhej,Sarkhej,9427704282
Bhupendrabhai Dhanera,Deesa,9924933805
Bhupendrabhai Jholwa Dahej,Dahej,209
Bhupendrabhai Shagbara,Umbergaon,9427159334
Bhurabhai Motors Khatrej,Ahmedabad,"7778034346 , 9924829847"
Bhurabhai Sarkhej Changodar,Sarkhej,9724447550
Bike Auto Parts Zankhvav,Zankhwav,"9427887941 , 9913244983 , 9898838383 , 209"
Bike Auto Zankhvav,Zankhwav,9327050448
Bipinbhai Deesa,Deesa,9328410207
Biraj Traders Pandesara Surat,Surat,"8866097889 , 209"
Birenbhai Mirzapur,Mirzapur,"9898313131 , 9662308316"
Blue Pearl International Bhuj Kutch,Kutch,9925239684
Bombay Auto & Bearing Sarkhej,Sarkhej,9824040996
Bombay Automobiles Halol,Halol,"9898157003 , 9898329993"
Bombay Automobiles Siddhpur,Patan,9825183745
Bombay Motors Stores Baroda,Baroda,9376218110
Bonny Auto & Earthmoving Spares Hazira,Hazira,9662019418
Boraste Automobiles Pimpalgaon,Nashik,"9850840577 , 209"
Borsat Tractor Pimpalgaon 2 Mh,Nashik,9850840577
Borsat Tractor Pimpalgaon W Mh,Nashik,9850840577
Brahmani Auto Agency Kanubhai Deesa,Deesa,9427536562
Brahmani Auto Parts Becharaji,Mahesana,"6351453643 , 9979636067"
Brahmani Auto Parts Becharaji Old,Mahesana,"6351453643 , 9979636067"
Brahmani Auto Parts Bhimabhai Deesa,Deesa,"9427536562 , 7046264647"
Brahmani Auto Parts Chandlodia,Ahmedabad,9825526263
Brahmani Auto Parts Gota Ahd,Ahmedabad,"9724231850 , 9825526263"
Brahmani Automobiles Rajpipla Chokdi Ank,Rajpipla,9426039969
Brahmani Automobiles Rajpipla Chokdi Ank,Ankleshwar,9426039969
Brahmani Motors Car A.C & A.C Service Palanpur,Palanpur,"8128348169 , 8487921648"
Brahmani Motors Hitendra Bhai Deesa,Deesa,9714714596
Bright Automotive Sarkhej,Sarkhej,9825994433
Bright Logistics Icchapor Hazira,Hazira,"9825158515 , 9173669554"
Brij Industrial And Electricals Palsana,Palsana,"9033280634 , 9426807859"
Brijeshbhai Karjan,Karjan,"9879611904 , 9876442942"
Brother Automobile Aadipur Kutch,Kutch,9687115342
Brother Motor Parts Mota Varachha Surat,Surat,9879897997
Budhermal Mangatmal & Co Gandhidham,Gandhidham,9825232104
Burhani Hardware & Plywood Ankleshwar,Ankleshwar,"9228205052 , 9898590824"
Burhani Machinery Stores Taloda M.H,Nandurbar,"9764287847 , 9370383852"
Burhani Machinery Stores Taloda M.H Old,Nandurbar,"9764287847 , 9370383852"
Burhani Machinery Stores Taloda M.H W Old,Nandurbar,"9764287847 , 9370383852"
Burhani Paints& Plywood Bharuch,Bharuch,"9558387020 , 9712280652"
Burma Auto Parts And Oil Moshali,Moshali,9426129120
But Bhavani Auto & Engineering Works Limbdi,Dhanduka,9824300435
C A Motors Vyara,Vyara,9979679744
C.T. Auto Mobile Jambusar,Jambusar,9974903109
Calcutta Automobiles Gandhidham,Gandhidham,9898695858
Calcutta Enterprise Palsana,Palsana,9375118984
Calcutta Hardware Kadodara,Kadodara,9426118985
Cambay Trading Syndicate Sarkhej Amd,Sarkhej,9825050182
Cancel Bill A/C,.,
Cancel Bill A/C,Surat,209
Cancel Bill A/C R Hw,Surat,209
Cancel Bill A/C R M.H,Ahmednagar,209
Cancel Bill A/C R Ml,.,209
Capital Auto Agency Sarkhej,Sarkhej,"9426559212 , 9408420207"
Capital Earthmoving Spares Sarkhej,Sarkhej,"9227510093 , 9727510093"
Capital Lubricant Vapi,Vapi,"9426160600 , 9374035900"
Capital Sapre Parts Ankleshwar,Ankleshwar,"8200127409 , 9374510191"
Capital Trading Co. Delhi Chakla,Ahmedabad,9327038320
Capital Truck Parts Kadodara,Kadodara,9879061001
Car Care Motors Keshod,Junagadh,9904718963
Car Care Wheel Alignment Bhildi,Deesa,"9624757423 , 9428138159"
Car Care Workshop Lakhani,Deesa,9429088158
Car Castle Ahmedabad,Ahmedabad,"9723241261 , 8320300043"
Car Point Bhavnagar,Bhavnagar,"7383595018 , 8460520428"
Car Zone Pipodra Kim,Kim,"9824730005 , 9924002047"
Carecay Private Limited Vastral,Ahmedabad,6354019878
Cargo Auto Parts Himatnagar,Himat Nagar,8758085527
Carnaama Automobiles Nashik Mh,Nashik,"7972298172 , 9284040932"
Carnaama Automobiles Nashik W Mh,Nashik,"7972298172 , 9284040932"
Cash Bill A/C Ahmedabad,Ahmedabad,209
Cash Bill A/C Surat,Surat,209
Cash Bill Ac Rth,Surat,209
Central Automobiles Agra Road Nashik Mh,Nashik,"9890455959 , 9373963313 , 9373900465"
Central Automobiles Agra Road Nashik W Mh,Nashik,"9890455959 , 9373963313 , 9373900465"
Central Automobiles Navagam Songadh,Tapi,"9978922124 , 9429487124"
Central Automobiles Pimpllner,Nashik,8275041786
Central Automobiles Sahidbhai Godhra,Godhra,9714879006
Central Automobiles Shahada M.H.,Nandurbar,"9764344460 , 9421485844"
Central Automobiles Shahada M.H.W,Nandurbar,"9764344460 , 9421485844"
Chadi Auto Parts Modasa,Modasa,7572886313
Chaitanya Automobiles Adgaon Mh,Nashik,8087294204
Chaitanya Automobiles Sindkheda M.H,Dhule,8999147730
Champion Auto Parts Dhansura,Vadagam,9427949669
Champion Industrial Ahmedabad,Ahmedabad,"9898019865 , 9978562001"
Champion Industrial Bavla,Bavla,"9601945952 , 9054319963 , 8208837213"
Chamunda Auto Gerage Adajan Surat,Surat,7405642474
Chamunda Auto Parts Mahesana,Mahesana,9924051207
Chamunda Auto Parts Pipadiya Chokdi Morbi,Morbi,9586281182
Chamunda Auto Parts Surat Sardar Market,Surat,9725171252
Chamunda Auto Sales Amroli Surat,Surat,"9825651783 , 7984151664"
Chamunda Automobiles Aslali,Aslali,"9714590376 , 8200225973"
Chamunda Automobiles Aslali Hw,Aslali,"9714590376 , 8200225973"
Chamunda Automobiles Bhuj,Bhuj,"8141233050 , 9327087732"
Chamunda Lubricants Agra Road Nashik Mh,Nashik,"8237051121 , 9403673921"
Chamunda Lubricants Agra Road Nashik W Mh,Nashik,"8237051121 , 9403673921"
Chamunda Motors Amreli,Amreli,9426028021
Chamunda Motors Kathor Kamrej,Kamrej,9601256256
Chamunda Motors Kathor Kamrej Hw,Kamrej,9601256256
Chamunda Motors Mandal,Bahucharaji,"9724974768 , 209"
Chamunda Motors Parts Surat Sardar Market,Surat,9725171252
Chamunda Tractor Parts Dondaicha Mh,Dhule,8459479334
Chamundakrupa Auto Parts Khavda Kutch,Kutch,"7984611423 , 9558928321"
Chand Auto Parts Dahod,Godhra,8780714511
Chandan Engineering Works Songadh,Songadh,"9925073980 , 9426570753"
Chandan Engineers Delhi Sale,Delhi,209
Chandan Singh Areth,Mandvi,
Chandbhai Hazira,Hazira,9824228259
Chander Motors India Phagwara,Phagwara,8837713081
Chandra Electrical & Hardware Dahej,Bharuch,9998078175
Chandrabhan Automobiles Co Raypur Ahmedabad,Ahmedabad,9228134222
Chandrakant Kanubhai Kyada Sayan,Surat,9879013406
Chandrakantbhai Magob Surat,Surat,9898134334
Chandrakantbhai Modasa,Modasa,209
Chandrakrantbhai Bardoli,Bardoli,9427168863
Chandresh Automobiles Malegaon Mh Old,Malegaon town,"9828111225 , 9637471263"
Chandresh Automobiles Malegaon W Mh Old,Malegaon town,"9828111225 , 9637471263"
Chariya Auto Care Jamnagar,Jamnagar,9727732290
Chariya Automobiles Jamnagar,Jamnagar,"9090989896 , 9879177240"
Chariya Sales Hapa,Jamnagar,9925248981
Chartered Logistic Bakrol Ahmedabad,Ahmedabad,"8200201676 , 9879209040"
Chartered Logistic Bakrol Ahmedabad,Surat,209
Chartered Speed Limited Sanathal,Sanatal,"9409410006 , 9099914927"
Chartered Speed Limited Sanathal,Surat,209
Chase Enterprise Sarkhej 2 Old,Surat,209
Chase Enterprise Sarkhej,Sarkhej,9825506884
Chase Enterprise Sarkhej W Old,Sarkhej,9825506884
Chaudhari Automobiles Nandurbar 1 Old,Nandurbar,09922182737
Chaudhari Automobiles Nandurbar M H 2 Old,Nandurbar,09922182737
Chaudhari Automobiles Nandurbar M H Old,Nandurbar,09922182737
Chaudhari Automobiles Nandurbar M H W Old,Nandurbar,9922182737
Chaudhari Drilling Malegaon Mh,Malegaon town,"9828111225 , 9637471263"
Chaudhari Drilling Malegaon W Mh,Malegaon town,"9828111225 , 9637471263"
Chaudhary Electric And Hardware Manjusar,Baroda,"9979937641 , 9725163309"
Chehar Auto Parts Chanasma,Radhanpur,9978279630
Cheharkrupa Auto & Electricals Parts Deesa,Deesa,9979269021
Chetan Auto Center Dayapar,Kutch,9427234141
Chetan Automobiles Malegoan Mh,Nashik,8857076001
Chetan Bhai Karjan,Karjan,"9898609300 , 9998278920"
Chetanbhai Vapi,Vapi,9824742144
Chetanbhai Dahej,Dahej,"9327967555 , 209"
Chetanbhai Patel Sabarmati,Sabarmati,9879090502
Chetna Auto Parts Nandurbar,Nandurbar,"07709480073 , 8208754512"
Chetna Automobiles Vatva,Vatva,"9227214937 , 8141885963"
Chirag Auto Parts Chanasma,Patan,9925488830
Chirag Auto Parts Chanasma,.,209
Chirag India Automotive Pvt Ltd Udaipur,Udaipur,09414166392
Chirag Motors And A M Adhewada,Bhavnagar,9426261123
Chiragbhai Chikhli,Chikhli,9825091733
Chiragbhai Deesa,Deesa,209
Chiragbhai Patel Memnagar,Memnagar,9409062686
Chitra Automotive Yogi Chok Surat,Surat,8460148075
Chudhari Prahladbhai Premjibhai Tharad,Deesa,"9979487537 , 7600161804 , 9979490008"
Citi Motors Sayan,Surat,"9558430380 , 8758569031 , 7069549388"
City Auto Parts Ankleshwar,Ankleshwar,"6351590484 , 8980414888"
City Auto Parts Ankleshwar Old,Ankleshwar,"6351590484 , 8980414888"
City Automobiles Dwarka Nashik Mh,Nashik,"9890131992 , 9923366113"
City Automobiles Dwarka Nashik W Mh,Nashik,"9890131992 , 9923366113"
City Motor Garage Nandurbar M.H,Nandurbar,"9834322156 , 9420602787"
Classic Auto Agency Anand,Anand,9426820000
Classic Auto Care Palanpur,Palanpur,9824340570
Classic Automobiles Althan Surat,Surat,9824183970
Classic Automobiles Gandhidham Kutch,Gandhidham,"9825548644 , 9727701155"
Classic Enterprise Gandhidham Kutch Old,Gandhidham,"9825548644 , 9727701155"
Classic Enterprise Godhara,Godhra,9033685472
Classic Enterprise Mundra Kutch,Mundra,"9726150722 , 9265133790"
Classic Furniture And Decor Ankleshwar,Ankleshwar,"9898171793 , 9427875227"
Classic Motors Palanpur,Palanpur,"9913917350 , 9925424570"
Clutch Auto Ltd Bhiwadi,.,209
Comet Autolinks Mirzapur,Mirzapur,9327033798
Comet Autolinks Mirzapur Old,Mirzapur,9327033798
Comet Automobiles Jamnagar,Jamnagar,"9824592318 , 9426433004"
Comet Automobiles Jamnagar Old,Jamnagar,"9824592318 , 9426433004"
Continent 7 Motors Ahmedabad,Ahmedabad,9924158125
Cosmic Marketing Jubli Baug Baroda,Baroda,9825642325
Creative Genuine Spares Kamrej,Kamrej,9925431486
Creative Marketing Amraiwadi Ahmedabad,Ahmedabad,8490815878
Creative Motors Pecefic Inn Kamrej,Kamrej,"9925833475 , 9909035291"
D And D Auto Parts Rajpardi,Rajpardi,"9624430696 , 9510909594"
D C Automobiles Dwarka Nashik Mh,Nashik,"9623788187 , 9881819220"
D C Automobiles Dwarka Nashik W Mh,Nashik,"9623788187 , 9881819220"
D K Automobiles Nashik W Mh,Nashik,9552346172
D M Auto Agency Rajkot,Rajkot,9825349905
D M Auto Parts Sarkhej,Sarkhej,"9898454078 , 7383909448"
D M Motors Shirwade Phata Pimpalgaon Mh,Nashik,7020244825
D M Plywood Ankleshwar,Bharuch,9352626264
D R Agency Chalthan Hw,Surat,9173145511
D R Agency Chalthan,Surat,9173145511
D R Auto Spares & Service Sayan,Sayan,9726459611
D S Auto Parts Sinnar Fata Nashik Mh,Nashik,8378888892
Dabhi Automobiles Sachin,Sachin,9909632347
Dabhi Automobiles Sachin M S Old,Sachin,9909632347
Dabhi Automobiles Sachin U4 Old,Sachin,9909632347
Dadashri Automobiles Taharabad M.H,Taharabad,"8421797774 , 8055987445"
Dahej Motors Jolva Dahej,Bharuch,"8980017068 , 8980017069"
Daiben Ishwarbhai Chaudari Lodging Ac,Surat,209
Darpesh Patel Sadhli,Baroda,9979395465
Darshan Auto Parts Kadi,Kadi,9898332997
Darshan Auto Parts Kadi Old,Kadi,9898332997
Darshan Automobiles & Battery Sayla,Surendra Nagar,"9924010686 , 9724633888"
Darshan Automobiles & Battery Sayla,Rajkot,"9724633888 , 9924010686"
Darshan Automobiles Chhani Baroda,Baroda,"9825468928 , 9429828273"
Darshan Automobiles Chhani Baroda Old,Baroda,9825468928
Darshan Automobiles Chhani Baroda W Old,Baroda,9825468928
Darshan Automobiles Modasa,Modasa,9427593460
Darshan Enterprise Mithakhali Ahmd,Ahmedabad,"9824025420 , 9638825420"
Darshan Motor House Mirzapur,Mirzapur,"9879365350 , 9428498976"
Darshan Motors Shirpur Mh,Dhule,"9423980914 , 7499264612"
Darshan Tractor Aakhol Deesa,Deesa,"9429300302 , 9429307381"
Darshan Traders & Work Shop Kamrej,Kamrej,
Darshini Traders Dariyapur Ahmedabad,Dariyapur,"9824267577 , 7016081930"
Darshnabahen Sayan,Surat,9825939573
Darshnabahen Sayan,Sayan,209
Dashmesh Automobiles Narol,Narol,"9724879706 , 9712822244"
Dashmesh Automobiles Ranoli,Vadodara,9904466696
Dashmesh Automobiles Ranoli Old,Vadodara,9904466696
Dashratbhai Mehsana,Mahesana,9979275727
Dashrathbhai Choudhry Deesa,Deesa,"9106180255 , 9725446972"
Datar Oil Depo Naswadi,Bodeli,9979643435
Dattatrey Aauto Center Rajkot,Rajkot,"9824212451 , 9429244299"
Dayanand Automobiles Bhilad,Valsad,8401298411
Deccan Sales & Service Pvt.Ltd. Vapi,Vapi,"09227765532 , 09227765504"
Decent Decon Bharuch,Bharuch,9824100424
Decent Furnishing Bharuch,Bharuch,9227421386
Decent Motors Surat,Surat,9825966333
Decor Furnishing & Furnitur Jambusar,Jambusar,"9998756551 , 9925238724"
Deeksha Forklift Spares Ankleshwar,Ankleshwar,8460300705
Deeksha Forklift Vapi,Vapi,"9998020808 , 9377028085"
Deep Auto Center Rajkot,Rajkot,9727979293
Deep Auto Parts Sarkhej Amd,Ahmedabad,9825455773
Deep Auto Vastrapur Ahmedabad,Ahmedabad,"8140854061 , 9737886699"
Deep Corporation Kadadara Gandhinagar,Gandhi Nagar,9638349458
Deep Corporation Kadadara Gandhinagar,Ahmedabad,209
Deep Corporation Sarkhej,Sarkhej,7575834881
Deep Engineering Works Tantithaiya Kadodra W Old,Surat,"9428015372 , 9825374017 , 9375774017"
Deep Engineering Works Tathitaiya Kadodara,Surat,"9428015372 , 9825374017"
Deep Motors Deesa,Deesa,9824028401
Deep Motors Panchavati Nashik Mh,Nashik,"8552884275 , 9309849639 , 7767938875"
Deep Sales Co. Dhandhuka,Dhanduka,8141995632
Deepak R Shah & Company Agra Road Nashik W Mh,Nashik,7387312427
Deepakbhai Limbayat,Surat,"8980313528 , 9825627995"
Deesa Agencies Deesa,Deesa,9328410022
Deesa Motors Parts Nashik W Mh,Nashik,9225101977
Deesons Bearing Company Palanpur,Palanpur,9409438842
Deesons Bearings Palanpur,Palanpur,9374257333
Delux Auto Center Vadagam,Vadagam,9979370515
Delux Automobiles Borsad,Anand,"209 , 9924390243"
Delux Automobiles Godhra,Godhra,"9824763056 , 9173613813"
Delux Bearings Pvt Ltd Rajkot Sale,Surendra Nagar,209
Delux Motors Himmatnagar,Himat Nagar,"9429155144 , 9727198550"
Deluxe Automobiles Hindorna Chowkdi Rajula,Amreli,"9824994756 , 9737343454"
Deluxe Recycling India Pvt Ltd Pali Karambeli,Valsad,"9820013067 , 209"
Denishbhai Dharampur,Dharampur,9909080464
Denishbhai Mandavi,Mandvi,"9913230002 , 9825407357"
Desai Auto Electrics Surat,Surat,9687880858
Desai Auto Parts Dindoli Surat,Surat,
Desai Enterprise Dhoran Pardi Hw Old,Surat,"9825992421 , 9824994422"
Desai Enterprise Dhoran Pardi Old,Surat,"9825992421 , 9824994422"
Desai Enterprise Dhoran Pardi U4 Old,Surat,"9825992421 , 9824994422"
Desai Enterprise Dhoran Pardi W Old,Surat,"9825992421 , 9824994422"
Dev Automobiles Palsana,Palsana,"9712851032 , 9737968001"
Dev Darshan Automobiles Sarkhej,Sarkhej,9408057566
Dev Enterprise Saijpur Bogha,Ahmedabad,209
Dev Motor Harij,Patan,9879681499
Dev Motors Odhav,Odhav,"9662038436 , 8485930304"
Dev Motors Odhav Hw,Odhav,"9662038436 , 8485930304"
Dev Oil Center Kamrej,Kamrej,"9898098154 , 9033941566"
Dev Traders Palsana Hw M Old,Surat,"9712965469 , 9328981578"
Dev Traders Palsana M Old,Surat,"9712965469 , 9328981578"
Dev Traders Palsana,Surat,"9712965469 , 9328981578"
Dev Trading Co. Hardware Ankleshwar,Ankleshwar,9712002645
Devabhai Bardoli,Bardoli,9925070024
Deval Sales Corporation Saijpur Bogha Ahmd,Ahmedabad,9825005391
Devam Agencies Jamiyatpura Ahmedabad,Ahmedabad,"9825031221 , 9426012221"
Devam Apartment Jagatpur Ahmedabad,Ahmedabad,9377032905
Devangbvhai Pipodra Kim,Kim,"9824730005 , 9924002047"
Devansh Automobiles Sinner Phata Mh,Nashik,9371504104
Devansh Automobiles Sinner Phata W Mh,Nashik,9371504104
Devashish Enterprise Ankleshwar,Ankleshwar,8980706199
Devdutt Electrical & Hardware Bharuch,Bharuch,7742510918
Devendra Auto Store Dhule,Chiplun,9421526214
Devendra Bhagwan Patil Shahada,Nandurbar,7588318224
Devendra Kumar Babu Lal Patel Satlasana,Ahmedabad,9427285215
Devjibhai Dhanera,Deesa,9426897106
Devjibhai Tharad,Tharad,9428846178
Devki Auto Parts Narol,Narol,9898242910
Dh Auto Parts Rajkot,Rajkot,9409380980
Dhama Sales Ranoli,Ranoli,9924533377
Dhan Bhagvati Auto Mech Pvt Ltd Ankleshwar,Ankleshwar,
Dhan Laxmi Auto Electric Parts Gandhidham Kutch,Kutch,8141640060
Dhan Shree Auto Parts Dholka,Kheda,"9727382600 , 7383248970"
Dhan Shree Lubricant Sarkhej,Sarkhej,"9898537591 , 9173782897"
Dhanani Auto Spare Parts Ahwa,Vasda,"7043788077 , 8866163154"
Dhananjay Alang Furniture Laskana,Surat,"9106207501 , 9825117116 , 7567322117"
Dhananjay Motors Dahod,Dahod,9726464764
Dhandai Motora Garage And Spareparts Abhona Mh,Nashik,9850472131
Dhandai Motora Garage And Spareparts Abhona W Mh,Nashik,9850472131
Dhanjibhai Devjibhai Patel,Mandvi,209
Dhanlaxmi Agricultur Rajpipla,Rajpipla,9998150098
Dhanlaxmi Agriculture Rajpipla,Rajpipla,9998150098
Dhanlaxmi Engineering Works Kamrej,Kamrej,9925093235
Dhanlaxmi Seat Repering Bavla,Ahmedabad,9537844747
Dhanlaxmi Trading Co Jholwa Dahej,Dahej,9974748876
Dhanshree Auto Vehicle Lasalgaon Mh,Nashik,7776037270
Dhanshree Auto Vehicle Lasalgaon W Mh,Nashik,7776037270
Dhansukhbhai Sayan,Sayan,9898005606
Dhara Aaimata Hotel Chikhli,Chikhli,7600627046
Dharambhai Golden Chokadi Baroda,Baroda,9825615385
Dharma Lubricants Ankleshwar,Ankleshwar,9329977711
Dharmendra Automobiles Mehsana,Mahesana,9825721899
Dharmesh Auto Spares Prachi,Veraval,9879751088
Dharmeshbhai Salesman,Ahmedabad,"209 , 9824542881"
Dharmeshbhai Udhna Surat,Surat,9825344498
Dharmi Freight Carrier Aurangabad,Aurangabad,"9022164372 , 9265263288"
Dharmi Freight Carrier Aurangabad,Bhilad,"9022164372 , 9265263288"
Dharmin Patel Kamrej,Kamrej,"9898098154 , 9033941566"
Dharmnath Automobiles Nana Chiloda,Nana Chiloda,9601719065
Dharti Auto Parts Palanpur,Palanpur,9428677277
Dharti Automobiles Gandhidham,Gandhidham,9428006452
Dharti Automobiles Mahuva,Bhavnagar,9825337327
Dharti Machinery Stores Segwa Chokdi,Baroda,"9825660604 , 9909450104"
Dharti Motors Deesa,Deesa,"9978853566 , 82009844807"
Dharti Sale Corporation Jamnagar,Jamnagar,"9712905841 , 9978205841"
Dharti Sales Agency Udhyognagar,Kamrej,9904709685
Dharti Tractor Dhumad Baroda,Baroda,9825809781
Dhaval Auto Parts Chikhli,Chikhli,9824903374
Dhavalbhai Bodeli,Bodeli,9737403430
Dhh Entrepreneur Rajpipla,Rajpipla,"9712345517 , 8849697763"
Dhhanu Automobiles Adajan Surat,Surat,9892381737
Dhiraj Automobiles Narol,Narol,"9925363888 , 9727307007"
Dhiraj Automobiles Narol Hw,Narol,"9925363888 , 9727307007"
Dhiren Motors Store Narol,Narol,9898091004
Dhruv Auto Parts Sarkhej,Ahmedabad,"9328286996 , 9998039916"
Dhruv Automobiles Bhuj,Bhuj,"9033392217 , 9913899986"
Dhruv Motors India Pvt Ltd Amboli,Kamrej,"9327210359 , 9727705117"
Dhruva Auto Sales Mirzapur,Mirzapur,"9898313131 , 9662308316"
Dhruvi Automobiles Vapi,Vapi,9376001779
Dhulabhai Deesa,Deesa,9426705260
Dhvani Enterprise Nadiyad,Nadiad,8866881111
Dhwiti Traders Sarkhej,Sarkhej,"7016220898 , 9925048055"
Dhyan Tractors Karjan,Karjan,"9998008455 , 9428175539"
Diamond Auto Parts Balitha,Balitha,9974771905
Diamond Auto Parts Baroda,Vadodara,"7802971572 , 9429312046"
Diamond Auto Parts Baroda W Old,Baroda,9429312046
Diamond Auto Spare Parts Surendranagar,Surendra Nagar,"9909225562 , 8734058049"
Diamond Automobiles Satpur Nashik Mh,Nashik,9028199346
Diamond Automobiles Satpur Nashik W Mh,Nashik,9028199346
Diamond Motors Balitha,Vapi,7041872488
Diamond Tractor Parts Navapur,Nandurbar,9284086912
Diesal House Balitha Vapi,Vapi,9825490104
Diesel Auto Corporation Rajkot Navagam,Rajkot,9428570000
Diesel House Navsari,Navsari,9727430870
Diesel House Vapi,Vapi,9824536669
Dikshit Automobiles Mehsana,Mahesana,9824187992
Dikshitbhai Sevalia,Baroda,9033774435
Dilavar Motors Garage Jetpur,Porbandar,"9726177446 , 9879947479"
Dilawar Motor Garage Gola Gamdi Bodeli,Bodeli,9725574561
Dilip Auto Parts Nana Chiloda Naroda,Naroda,"9924029100 , 9924095166"
Dilip Automobiles Kunta,SILVASSA,9428540388
Dilip Automobiles Kunta Old,SILVASSA,9428540388
Dilipbhai Dehgam,Gandhi Nagar,209
Dilipbhai Jain Sarkhej,Sarkhej,9726550005
Dilipbhai Nana Chiloda Naroda,Naroda,"9924029100 , 9924095166"
Dilipbhai Nandurbar,Nashik,9423905723
Dilipbhai Patan,Patan,9408539402
Dilipbhai Shah Surat,Surat,9825350451
Dilipbhai Unjha,Unjha,9825714648
Dilipbhai Vankar Ranoli,Vadodara,"9327798784 , 7623957592"
Dilipbhai Vihar Char Rasta,Gandhi Nagar,"9904341540 , 209"
Dilshad Auto Electrics Sayan,Surat,"8866135735 , 7383974021"
Dina Glass Car Accessories Navsari,Navsari,9879359116
Dinesh Auto Parts Ranoli,Ranoli,"8469606376 , 9904814367"
Dinesh Automobiles Mehsana,Mahesana,9428853716
Dinesh Traders Katargam,Surat,9428106799
Dineshanbhai Vasda,Vasda,9426870216
Dineshbhai Amboli,Kamrej-Amboli,"209 , 9773414843"
Dineshbhai Ankleshwar,Ankleshwar,"9428442373 , 8140485305"
Dineshbhai Chikhli,Chikhli,9824903374
Dineshbhai Deesa,Deesa,9824028401
Dineshbhai Kadi Kalol,Kalol,9426029795
Dineshbhai Kadodara,Kadodara,"9375593775 , 9375038236 , 209"
Dineshbhai Modi Ranoli Baroda,Bardoli,209
Dineshbhai Navsari,Navsari,9898188260
Dineshbhai Palanpur,Palanpur,"9429720638 , 9723472654"
Dipak Auto Spare Khanpur Ahmd,Ahmedabad,9427052457
Dipak Automobiles Sarkhej,Sarkhej,9898663732
Dipak Automobiles Sarkhej Hw,Sarkhej,9898663732
Dipak Automobiles Ujala Circle Sarkhej,Sarkhej,"9426351022 , 8732917704"
Dipak Steel Corporation Ankleshwar,Ankleshwar,7567744487
Dipakbhai Aslali,Aslali,"9714590376 , 8200225973"
Dipakbhai Bardoli,Bardoli,9879920420
Dipakbhai Dolvan Unai,Vasda,9978354863
Dipakbhai Nana Chiloda,Nana Chiloda,9662502338
Dipakbhai Odhav,Odhav,"9904511975 , 9998739109"
Dipakgiri Kantigiri Gosai Deesa,Deesa,9726243160
Dipali Motors Narol,Narol,9712884343
Dipeshbhai Akkalkuwa,Nandurbar,9403425009
Dipta Auto Agency Ahmedabad Kathwada,Ahmedabad,"9913366264 , 9913766264"
Disha Enterprise Kapodara Varachha Surat,Surat,"9913087960 , 95378007385 , 5"
Dishant Marketing Navsari,Navsari,9825991449
Disoza Enterprise Kanodar,Siddhpur,"8849976196 , 9558805661"
Divan Auto Agency Asarva Ahmd,Ahmedabad,209
Divan Auto Agency Asarwa Ahmd,Ahmedabad,"9998338055 , 9928377467"
Divawala Hardware Ankleshwar,Ankleshwar,9825341733
Divine Motors Parts Mirzapur,Ahmedabad,9898580965
Divya Auto Parts Nandurbar M.H,Nandurbar,9579546387
Divya Automobiles Gandhidham,Gandhidham,"928227760 , 9722986035"
Divya Motors Deesa,Deesa,9726933532
Divya Motors Dhanera,Deesa,"7698372029 , 7041776183"
Divyanshi Enterprise Kim,Kim,"8320054515 , 9377745874 , 9714995322"
Dlxinfinity Driveline Pvt Ltd Maharashtra Sale,Pune,209
Dolat Lining Maktampur Bharuch,Bharuch,9879130128
Doshi Agencies Baroda,Baroda,9824023402
Dosti Automobiles Niphad Mh,Nashik,9356615586
Dosti Automobiles Niphad W Mh,Nashik,9356615586
Dpmj Engineering Pvt Ltd Maroli,Navsari,"9726562655 , 9879319396"
Dream Furnishing Ankleshwar,Ankleshwar,"9925348795 , 9974446093"
Durga Auto Care Sathamba,Godhra,9409634825
Durga Auto Gas Ahmedabad,Ahmedabad,"9898616349 , 9998935861 , 9824655816"
Durga Auto Parts Ahmedabad Naroda,Naroda,9909420421
Durga Auto Spare And Garaje Chikhli,Chikhli,209
Durga Auto Works Yeola Mh,Nashik,9822959504
Durga Auto Works Yeola W Mh,Nashik,9822959504
Durga Automobiles Ctm Ahmedabad,Ctm,"9898574497 , 209"
Durga Automobiles Rajkot,Rajkot,9033161174
Durga Tractor & Jeep Garage Sola Ognaj,Sola,8734871644
Durga Traders Nizar,Tapi,"9427653707 , 8160123069"
Durgadevi Motors Garage Borsad,Anand,9924565994
Durgadevi Tempo House Borsad,Anand,"9924565994 , 8490048804"
Durgesh Automobiles Nashik Road Mh,Nashik,"9552088333 , 9028130410"
Durgesh Automobiles Nashik Road W Mh,Nashik,"9552088333 , 9028130410"
Durva Spares Chanduri Mh,Nashik,9527224364
Dutt Auto Agency Bharuch,Bharuch,9898638368
Dwarikanath Motors Moshali,Moshali,209
Dwarkesh Motors Parts Mota Varachha Surat,Surat,"9913991478 , 9426847669 , 9374519121"
Dwarkesh Motors Parts Mota Varachha Surat Old,Surat,"9913991478 , 9374519121"
Dwarkeshbhai Bhilad,Bhilad,8140911133
Eagal Auto Parts Chikhli,Chikhli,9998361546
Eagal Auto Parts Navsari Rustamwadi,Navsari,209
Eagle Motors Godhra,Godhra,"9173619194 , 9904122858"
Eastern Auto Agency Vadodra,Baroda,209
Eco Fuel Systems I Private Limited Mumbai,Mumbai,9323944385
Ecowise Pandesara Surat,Surat,"7228975152 , 93776404674"
Egal Auto Parts Navsari Rustamwadi,Navsari,"9737788845 , 9327380473"
Eicher Madical Shop Kamrej,Kamrej,"9624000760 , 8347577660"
Ek Vira Oil Center Shatana M.H,Shatana,8379837924
Ek Vira Oil Center Shatana M.H Old,Shatana,8379837924
Ek Vira Oil Center Shatana M.H W Old,Shatana,8379837924
Ekdant Spares Pimpalgaon Mh,Nashik,9823790408
Ekon Abrasives Bharuch,Bharuch,9825774935
Ekta Auto Agency Baroda,Baroda,9824466656
Ekta Auto And Tractor Parts Olpad,Olpad,9712619866
Ekta Auto Parts Killa Pardi,Valsad,"7573893826 , 7574966980"
Ekta Auto Parts Punagam,Kamrej,"7778808838 , 9824292216"
Ekta Automobiles Sarkhej,Sarkhej,"9428679387 , 9904566643"
Ekta Automobiles Siddhpur,Patan,9275908986
Ekta Motors Baroda,Baroda,9998195357
Ekta Motors Deesa,Deesa,9426546432
Ekta Motors Kosamba,Kosamba,9925657037
Electromech Traders Begampura Surat,Surat,9825037114
Eleven Auto Parts Malegaon M.H.2,Nashik,9823412777
Eleven Auto Parts Malegaon M.H.W,Nashik,9823412777
Elofic Industrial Sale A/C,Ahmedabad,209
Elofic Industries Ltd Ahmedabad Sale,Ahmedabad,209
Energy Power Sales Bhavnagar,Bhavnagar,9727741741
Everest Auto Electric Parts Gandhidham,Gandhidham,9909524865
Everest Car Accessories & Seat Cover Kheralu,Mahesana,"9723605026 , 6355447255"
Everest Motor Garage Viramgam,Bahucharaji,9898268972
Evergreen Auto Center Sachin Hw,Sachin,"9909144456 , 9909877766"
Evergreen Auto Center Sachin,Sachin,"9909144456 , 9909877766"
Evergreen Automobiles Surat Hw,Surat,9898178342
Evergreen Automobiles Surat,Surat,9898178342
Express Rmc Corporation Navapura Abd,Ahmedabad,"9904452277 , 7624002400"
Ezzy Auto Parts Valsad,Valsad,9574106060
Fahad Auto Centre Jaroda Halol,Vadodara,9904677886
Fahimbhai Diamond Balitha,Balitha,"9974771905 , 209"
Fair Deal Engg Sercice Nana Varachha Surat,Surat,"9825425062 , 9558895739"
Faiz Auto Parts Sarkhej,Sarkhej,9924181338
Faiz Famous Lining Ankleshwar,Ankleshwar,"9427832603 , 9427583819"
Faiz Sardar Battery And Auto Parst Dabhoi,Dabhoi,"9978611746 , 9978911746"
Faizalbhai Idar,Ider,9898890514
Faizan Auto Parts Sarkhej Amd,Sarkhej,"9714613436 , 9924155826 , 9924372308"
Faizanbhai Sarkhej Amd,Sarkhej,"9714613436 , 9924155826 , 9924372308"
Famous Auto And Eng Rajpipla Anthenibhai,Rajpipla,8485904183
Famous Auto And Eng Rajpipla Jayvirbhai,Rajpipla,9898841075
Famous Auto Center Sevalia,Vapi,9824841118
Famous Car Parts Amod,Bharuch,9974570057
Famous Traders Sevalia,Baroda,9904799000
Farhanbhai Bharuch,Bharuch,9574317129
Farheenbhai Dwarka Nashik,Nashik,9823078699
Faridbhai Songadh,Songadh,9409368557
Farooq Motor Garge Shahad,Nandurbar,"9881448986 , 9011492788"
Faruk Garage & Automobiles Sangamner Mh,Nashik,"9822892004 , 9822502202"
Farukbhai Chikhli,Chikhli,9998361546
Farukbhai Songadh,Songadh,7984979040
Faruqbhai Godhra,Godhra,"9173619194 , 9904122858"
Faruqbhai Himmatnagar,Himat Nagar,209
Faruqbhai Ider,Ider,"8511047003 , 9974943516"
Fast Track Batteries Nagarwada Baroda,Baroda,9724256310
Fine Auto Spare Sarkhej,Sarkhej,9427509698
Fine Earthmovers Jambusar,Jambusar,9898725025
Firoz Haidar Jafri Hazira,Surat,"9898956401 , 8160934565 , 9825251180 , 79990470472"
Firozbhai Borsad,Anand,"7096588354 , 9904054315 , 209"
Fly In Sky Trading Bharuch,Bharuch,9825589390
Foam & Furnishing Salimbhai Bharuch,Bharuch,9737104426
Four Wheel Spare Sarkhej,Sarkhej,9427688177
Friends Auto Hub Ankleshwar,Ankleshwar,9737370092
Frontline Corporation Ltd Sarkhej Sal,Ahmedabad,9925152048
Furniture Palace Ankleshwar,Ankleshwar,"9825178777 , 9662533392"
Future Automotives Ambad Mh,Nashik,8806786851
G M Spare Link Umbhel,Surat,8460203532
G M Spare Link Umbhel,Kadodara,209
G M W Kim,Kim,9377262650
G N Automobiles Munnafbhbai Surat,Surat,"9879044825 , 9924602878"
G N Automobiles Munnafbhbai Surat Hw,Surat,"9879044825 , 9924602878"
G N Automobiles Navsari Hw,Navsari,"9228134471 , 7359110291"
G N Automobiles Navsari,Navsari,"9228134471 , 7359110291"
G N Spring Pata Repairers Sanathal,Ahmedabad,"9426703320 , 9601135090"
G Naam Automobiles Laxminagar Morbi,Morbi,"9979134758 , 8141737780"
G Patel And Co Tractor Vyara,Vyara,9974190190
G S Enterprise Sachin,Sachin,8488080809
G.S.B.Auto Parts Singarva Ahmedabad,Ahmedabad,"9898003041 , 9725943357"
Gadakh Spares Panchavati Nashik Mh,Nashik,"9921929686 , 9284454551"
Gadakh Spares Panchavati Nashik W Mh,Nashik,"9921929686 , 9284454551"
Gadivala Tyre And Oil Center Chikhli,Chikhli,9537297826
Gajanan Automobiles Sabarmati Ahmedabad,Sabarmati,"9727424284 , 9825329746"
Gajanan Motors Gandhidham Kutch,Kutch,9825699209
Gajanan Motors Gandhidham Kutch,Gandhidham,9825699209
Gajanand Auto Garage Kheralu,Siddhpur,9879592436
Gajanand Auto Parts Bavla,Bavla,9925026765
Gajanand Earthmoving Spares Chikhli,Chikhli,"9825198160 , 9574271614"
Gajanand Enterprise Bharuch,Bharuch,9429375999
Galaxy Auto Sales Rajkot,Rajkot,"9427225979 , 9426165108 , 7405567567"
Galaxy Industrial Mehsana,Mahesana,"9925899767 , 9426278934"
Galaxy Marketing Vadodara,Vadodara,"9825031592 , 9157084845"
Gamit Automobiles Bajipura,Bajipura,209
Gandhi Automobiles Dahod,Dahod,9426528140
Gandhi Brothers Santrampur,Godhra,9427078800
Gandhi Enterprise Mirzapur Ahmd,Mirzapur,9825106623
Gandhi Motors & Tractor Manmad Mh,Nashik,"9822062073 , 8421772900"
Gandhi Motors & Tractor Manmad Mh Old,Nashik,"9822062073 , 8421772900"
Gandhi Motors & Tractor Manmad W Mh,Nashik,"9822062073 , 8421772900"
Gandhi Motors & Tractor Manmad W Mh Old,Nashik,"9822062073 , 8421772900"
Gandhidham Auto Spares Gandhidham,Kutch,"9427452836 , 209"
Ganesh Agriculture Works Sadhli,Baroda,9925653412
Ganesh Auto Parts Adalaj Koba Amd,Adalaj,9067541932
Ganesh Auto Parts Dehgam,Modasa,9974050623
Ganesh Auto Parts Dhumad X Baroda,Baroda,"9824222777 , 8200796704 , 209"
Ganesh Auto Parts Rajkot,Rajkot,9924579346
Ganesh Automobiles And Garage Por,Baroda,"9687105060 , 8401121479"
Ganesh Automobiles Chandwad Mh,Nashik,9423180452
Ganesh Automobiles Harsol Vadagam,Vadagam,9714997599
Ganesh Automobiles Madhi,Madhi,9879753639
Ganesh Automobiles Madhi,Bardoli,9879753639
Ganesh Automobiles Vadodara,Vadodara,"9825435148 , 9925554351"
Ganesh Communications Guntur A.P,Guntur,08977777737
Ganesh Enterprise Pune Hadapsar,Pune,9552981234
Ganesh Spare & Company Kamrej,Kamrej,8849536073
Ganesh Tractor Garage Valsad,Valsad,"9898493796 , 9601306007"
Ganesh Tractors Panchavati Pradipbhai Nashik Mh,Nashik,9890015012
Ganesh Tractors Panchavati Pradipbhai Nashik W Mh,Nashik,9890015012
Ganesh Trading Company Dahej,Dahej,8980679660
Ganeshbhai Bardoli,Bardoli,9426854124
Ganeshlal C Shah Baroda,Baroda,9428430209
Gangotri Auto Parts Nashik Mh,Nashik,"9890229961 , 9423103557"
Gangotri Auto Parts Nashik W Mh,Nashik,"9890229961 , 9423103557"
Gani Oil Center Palej,Palej,9427878615
Ganpatbhai Purohit Pathawada,Deesa,"8000444793 , 8441927118"
Ganpati Automobiles Silvasa,SILVASSA,9426844311
Garib Nawaz Auto Electric Works Bodeli,Bodeli,"9727849978 , 9824743978"
Garibnath Enterprise Ankleshwar,Ankleshwar,"9427931770 , 9408177360"
Gastoy Car Care Bopal Ahmedabad,Ahmedabad,9510606072
Gati Enterprise Udhna Surat,Surat,9376040709
Gati Spare Parts Udhna,Surat,9376040709
Gattani Shree Ram Oil Traders Sachin,Surat,8306107704
Gattu Bhai Ankleshwar,Ankleshwar,"9825108395 , 9427832643"
Gaurang Machinery And Tractor Parts Karjan,Karjan,9033301119
Gaurav Automobiles Porbandar Ct Rajubhai,Porbandar,9879462588
Gauri Engineering Work Ozar W Mh,Nashik,"9272390626 , 7507786341"
Gautam Agro Traders Karjan,Karjan,9427074091
Gautam Auto Garage Ring Road Surat,Surat,9825356471
Gautam Baroda,Baroda,9924459559
Gautam Machinery Store Karjan,Karjan,9427074091
Gautam Tractor & Auto Store Bharuch,Bharuch,"9925036047 , 9825534047"
Gautam Tractor & Auto Store Bharuch Hw,Bharuch,"9925036047 , 9825534047"
Gautam Trading Bhavnagar,Bhavnagar,9825707215
Gautambhai Akhol Deesa,Deesa,"9725789393 , 9426360193"
Gautambhai Deesa,Deesa,9426546432
Gayatri Auto Bayad,Modasa,9428134158
Gayatri Auto Bayad,Madasa,9428134158
Gayatri Auto Parts Khedbrama,Himat Nagar,"9426579978 , 209"
Gayatri Auto Rameshbhai Piplod Surat,Surat,9825730006
Gayatri Automobiles Dwarka Nashik Mh,Nashik,"9970819419 , 9822649919"
Gayatri Automobiles Dwarka Nashik W Mh,Nashik,"9970819419 , 9822649919"
Gayatri Automobiles Palse Nashik Mh,Nashik,9850992701
Gayatri Automobiles Radhanpur,Radhanpur,7041696304
Gayatri Automobiles Vadalibhoy M.H.,Nashik,9309949462
Gayatri Clutch & Brakes Gandhidham Kutch,Gandhidham,9824242636
Gayatri Enterprises Vyara,Vyara,"9925017761 , 9426808721"
Gayatri Lubricants Bharuch,Bharuch,7600870048
Gayatri Motors Adipur Kutch,Gandhidham,"9723699324 , 9925094905"
Gayatri Petroleum Anand,Anand,"9924812919 , 9723313537"
Gayatri Tractor Spares Chikhli,Chikhli,"9825099566 , 9824359366"
Gayatri Tractors & Services Dwarka Nashik Mh,Nashik,9370315799
Gayatri Tractors & Services Dwarka Nashik W Mh,Nashik,9370315799
Gayatri Traders Varaccha Surat,Surat,9825247970
Gayatri Trading Company Bharuch,Bharuch,8160579302
Gayatri Trading Corporation Raipur Ahmedabad,Ahmedabad,9909088004
Gayatri Trading Corporation Raipur Ahmedabad W Old,Ahmedabad,9909088004
Geeta Automobiles Patan,Patan,9979548858
Geeta Automobiles Sabalpur,Rajkot,9825881251
Geeta Creation Pandesara Surat,Surat,9727085145
Geeta Enterprise Nakhatrana Kuttch,Kutch,"9725338463 , 9879122256"
Geeta Tempo Spares Rajkot,Rajkot,"9428792063 , 8849362865 , 9825830028"
Geetanjali Motors Junagadh,Junagadh,9427183784
Gel Ambe Motors Punagam,Surat,9714741437
Gel Automobiles Gondal,Gondal,8401453400
Geli Auto Gandhidham Kuch,Kutch,9879671071
General Auto And Tractor Amreli,Amreli,9825235224
General Motors Parts Modasa,Modasa,"7265069434 , 9426046919"
General Motors Parts Modasa Old,Modasa,"7265069434 , 9426046919"
General Tractor Parts Danta,Siddhpur,9427650787
General Trading Corp Rajpipla,Rajpipla,9426878977
Genion Spare Parts Shahada M.H,Nandurbar,9881448986
Genion Spare Parts Shahada W M.H,Nandurbar,9881448986
Ghanshyam Auto Parts Patadi,Surendra Nagar,9924532633
Ghanshyam Automobiles Ghandhidham,Gandhidham,9879194924
Ghanshyam Automobiles Siddhpur,Patan,"9825290831 , 9426880634"
Ghanshyam Earthmoving Spares Sarkhej,Sarkhej,9825444331
Ghanshyam Logistics Gandhidham,Gandhidham,9879194924
Ghanshyam Sales Llp Sarkhej,Sarkhej,6355804449
Ghanshyam Tractor Corporation Palanpur,Palanpur,"9925310877 , 9428196977"
Ghanshyam Traders Panoli Ankleshwar,Ankleshwar,"7567340200 , 9824138718"
Ghanshyam Truck And Tr Corporation Mehsana,Mahesana,9737077051
Ghanshyambhai Botad,Botad,"9825820077 , 9714586030"
Ghanshyambhai Patel Kamrej,Kamrej,209
Ghinaiya Brothers Corporation Bardoli,Bardoli,"9726511233 , 8866660456"
Giradharlal P Mistri Baroda,Baroda,"9824319606 , 9426023323"
Giriraj Automobiles Bhukhira Porbandar,Porbandar,9825840403
Giriraj Sales Corporation Sayan,Sayan,9909151756
Girishbhai Bhuva,Dahej,"9408553483 , 7201842619"
Girishbhai Dabhoi,Dabhoi,209
Girishbhai Halol,Halol,9925698566
Girisukh Enterprises Indore,Indore,9425911898
Girnar Auto Ichhapor Hazira,Hazira,7043841914
Gita Auto Parts Dhule,Dhule,"7588318673 , 9423916049"
Gita Auto Parts Thara,Tharad,"9429521580 , 6353061623"
Gj 5 6682 2182 839 7510 Ahmd,Ahmedabad,209
Gj 5 Uu 800 8495 1557 5389 Nashik,Nashik,209
Gj 5 Uu 800 8495 1557 5389 Surat,Surat,209
Globe Motors Kathada Comer Nashik Mh,Nashik,"9225117519 , 9595883371"
Globe Motors Kathada Comer Nashik W Mh,Nashik,"9225117519 , 9595883371"
Godavari Auto Agency Muzafar Dwarka Nashik Mh,Nashik,9890961309
Godavari Auto Agency Muzafar Dwarka Nashik W Mh,Nashik,9890961309
Godavari Auto Oil Agency Dwarka Nashik W Mh,Nashik,9823078699
Godawari Car Care Chandori Nashik Mh,Nashik,"9604430137 , 8329211558"
Goel Automotive Pune,Pune,"09426009379 , 09325782184"
Gogabhai Dabhoi,Dabhoi,9426369415
Gojendrabhai Bodeli,Bodeli,"7202050909 , 9727793665"
Gokul Automobiles Songadh,Songadh,9016562997
Gokul Engneearing Stores Kim,Kim,9825349936
Gold Trading Co. Sarkhej,Sarkhej,9725077774
Golden Auto Parts & Eletrics Dhule Mh,Dhule,"9273049209 , 9112049209"
Golden Auto Parts & Eletrics Dhule W Mh,Dhule,"9273049209 , 9112049209"
Golden Auto Parts Netrang,Netrang,"9429127386 , 9427927386"
Golden Auto Parts Vapi,Vapi,8000355460
Golden Automobiles Store Vapi,Vapi,8000355460
Golden Automobiles Store Vapi U4 M Old,Vapi,8000355460
Golden Crown Kim,Kim,9998206574
Golden Mirror Sanathal Sarkhej,Sarkhej,7990022342
Good Luck Steel And Hardware Nakhatrana,Kutch,"9913953282 , 9998851382"
Good Power Outo Electric Olpad,Surat,9913359386
Goodluck Auto Agency Mahesana,Mahesana,9979893944
Goodwill Traders Ctm Ahmd,Ahmedabad,9879867688
Gopal Auto Sales Rajkot,Rajkot,7048722261
Gopal Automobiles Dhule M.H.,Nashik,"9422296261 , 9923433861 , 9420002485"
Gopal Automobiles Dhule M.H. Old,Nandurbar,"9422296261 , 9923433861 , 9420002485"
Gopal Automobiles Navagam Rajkot,Rajkot,9879122261
Gopal Tractor Parts Kamrej,Kamrej,9427672705
Gopalbhai Valak Ner,Kamrej,9924477660
Gopi Automobiles Odhav Amd,Ahmedabad,9924292431
Gopi Automobiles Sabarmati Abd,Sabarmati,"9898677476 , 8200730937"
Gopinathji Sales Agency Palod Kim,Kim,9099889812
Gopinathji Sales Anjani Amroli Surat,Surat,7283989909
Gordhanbhai Ramol,Ramol,9825019523
Gourav Motor Parts Vapi,Vapi,6351146988
Govindbhai Dwarka Nashik,Nashik,8623084479
Govindbhai Mirzapur,Mirzapur,"98255328643 , 8320382785"
Goyal Motors Chandwad Mh,Nashik,"9423180318 , 9423967318"
Greavas Automobiles Modasa,Madasa,9104795765
Greavas Automobiles Modasa,Modasa,9104795765
Grenovators Motors Work Pvt Ltd Mehsana,Mahesana,"7987959845 , 9552240808"
Guddubhai Chikhli,Chikhli,9825534620
Gujarat Agencies Lal Darwaja Surat,Surat,"9328267944 , 209"
Gujarat Auto Agency Varachha Surat,Surat,"9586988957 , 9825455021"
Gujarat Auto Parts & Garage Rajubhai Simadanaka,Surat,"9824226272 , 9824116272"
Gujarat Auto Parts & Garage Rajubhai Simadanaka Hw,Surat,"9824226272 , 9824116272"
Gujarat Auto Parts Bardoli,Bardoli,9712306181
Gujarat Auto Parts Bardoli Hw,Bardoli,9712306181
Gujarat Auto Parts Bhiloda,Ider,9898881134
Gujarat Auto Parts Buhari,Bardoli,9898414017
Gujarat Auto Parts Buhari Hw,Bardoli,9898414017
Gujarat Auto Parts Saroli Surat,Surat,9925118865
Gujarat Auto Parts Shamkhiyali Kutch,Kutch,9726836028
Gujarat Auto Parts Vagra,Bharuch,9426083292
Gujarat Auto Unn Bhestan,Surat,9979970097
Gujarat Automobiles Halvad,Rajkot,"9825753813 , 7947436221 , 9825553813"
Gujarat Automobiles Kadodara,Kadodara,"9898788551 , 8780766287"
Gujarat Automobiles Kalol,Kalol,9824715154
Gujarat Automobiles Kim,Kim,9924886352
Gujarat Body & Accessories Panthawada,Deesa,"9725767200 , 9601005851 , 209"
Gujarat Hardware Electric & Sefty Ankleshwar,Ankleshwar,"9737424648 , 7096314593"
Gujarat Hydrolic And Tractor Gandhidham,Gandhidham,"9638822349 , 9998135404"
Gujarat Marketing Ankleshwar,Ankleshwar,"9099986510 , 9426477701"
Gujarat Metador House Lal Darwaja Surat,Surat,9328267944
Gujarat Motors Bharuch,Bharuch,9724684125
Gujarat Motors Dayapar Kutch,Kutch,9427974332
Gujarat Motors Khatrej Chokdi,Ahmedabad,9924829847
Gujarat Motors Khatrej Chokdi Hw,Ahmedabad,9924829847
Gujarat Motors Mahesana,Mahesana,9687179130
Gujarat Motors Parts Bharuch,Bharuch,9426880656
Gujarat Nut Bolts Gandhidham Kutch,Gandhidham,9833556114
Gujarat Oil And Tyre Palej,Palej,"9825693137 , 9824782953 , 9714015220"
Gujarat Oil And Tyre Palej,Baroda,"9714015220 , 9824782953"
Gujarat Oil Trading Zankhvav,Zankhwav,"9427887941 , 9913244983 , 9898838383"
Gujarat Oil Trading Zankhvav Hw,Zankhwav,"9427887941 , 9913244983 , 9898838383"
Gujarat Repowering Workers Bharuch,Bharuch,9724684125
Gujarat Sales Corporation Gandhidham,Gandhidham,9879846176
Gujarat Tractor Garage Gola Gamdi Shankheda,Dabhoi,9913738411
Gujarat Tractor Parts And Oil Centre Moshali,Moshali,"9426883592 , 02629220001 , 9537850108"
Gujarat Tractor Parts And Oil Centre Moshali Hw,Moshali,"9426883592 , 02629220001"
Gujarat Tractor Parts Barwada,Bhavnagar,9925088296
Gujarat Traders Sevaliya,Baroda,"9824121341 , 9998299000"
Gujarat Trading Co. Mirzapur,Mirzapur,9825328643
Gulab Rai & Sons Delhi,Delhi,"981190911 , 01145510011"
Gulambhai Bharuch,Bharuch,9624084196
Gulambhai Tadkeshwar,Tadkeshwar,"9624215455 , 9825407308"
Gulistan Automobiles Bharuch,Bharuch,8460797311
Gulshan Sales & Service Vapi,Vapi,"9558825254 , 8000760840 , 8401339055"
Gunabhai Amreli,Amreli,9426208136
Gunjan Auto Parts Taharabad M.H,Nashik,"9822378290 , 8180873581"
Gunvantbhai Odhav,Odhav,9725521301
Gunwantbhai Himatnagar,Himat Nagar,9377736524
Gupta Enterprise Ankleshwar,Ankleshwar,9725781729
Guptaji Ranoli,Ranoli,9898230580
Guru Automobiles Shingada Talao Nashik Mh,Nashik,9881096331
Guru Automobiles Shingada Talao Nashik W Mh,Nashik,9881096331
Guru Motors Satrampur 1 Old,Godhra,8238315785
Gurudatta Automobiles Kanashi Mh,Nashik,"9665880795 , 7410588984 , 9975660793"
Gurudatta Automobiles Kanashi Mh,Surat,209
Gurudatta Automobiles Kanashi Mh Old,Nashik,"9665880795 , 7410588984 , 9975660793"
Gurudatta Automobiles Kanashi W Mh,Nashik,"9665880795 , 7410588984 , 9975660793"
Gurudatta Automobiles Kanashi W Mh Old,Nashik,"9665880795 , 7410588984 , 9975660793"
Gurudatta Automotive Ichhapur Hazira,Hazira,"8425999892 , 8850503912"
Gurudatta Tractors Nampur M.H,Nampur,"8888300777 , 8857818508"
Gurudatta Tractors Nampur M.H.W,Nashik,8888300777
Gurukripa Auto Parts Chandwad Magrol Phata Mh,Nashik,"8623030777 , 9673842741"
Gurukrupa Auto Parts & Hardware Ner M.H.,Dhule,9850587016
Gurukrupa Auto Parts & Hardware Ner M.H.W,Dhule,9850587016
Gurukrupa Auto Parts Mota Ponda Hw,Valsad,"7203008708 , 7043267922"
Gurukrupa Auto Parts Mota Ponda,Valsad,"7203008708 , 7043267922"
Gurukrupa Auto Tata Bardoli Hw,Bardoli,9879795069
Gurukrupa Auto Tata Bardoli,Bardoli,9879795069
Gurukrupa Automobile Vilholi Mh,Nashik,9422317000
Gurukrupa Automobiles Bokhira Porbandar,Porbandar,9979288946
Gurukrupa Automobiles Bokhira Porbandar Old,Porbandar,9979288946
Gurukrupa Automobiles Chalisgon,Dhule,"9423193361 , 9028093361 , 9422707334"
Gurukrupa Automobiles Dhule Mh,Dhule,9422707334
Gurukrupa Automobiles Hazira,Hazira,8866393094
Gurukrupa Automobiles Lasalgaon Mh,Nashik,"9518507104 , 9890799275 , 7387765775 , 9284140275"
Gurukrupa Automobiles Navsari,Navsari,9825183723
Gurukrupa Automobiles Navsari Hw,Navsari,9825183723
Gurukrupa Automobiles Works Waghodiya,Baroda,9898500214
Gurukrupa Motors Varaccha Surat,Surat,7041820900
Gurukrupa Tractor Parts Muler,Bharuch,"9409465143 , 9824694699"
Gurukrupa Trading Co.Dhule Mh,Dhule,9423193361
Gurunanak Auto Agencies Dwarka Nashik Mh,Nashik,"9850083588 , 8275114288"
Gurunanak Auto Agencies Dwarka Nashik W Mh,Nashik,"9850083588 , 8275114288"
Gurunanak Auto Pandesara,Surat,9909274134
Gurunanak Auto Pandesara Hw,Surat,9909274134
Gurunanak Auto Parts Narol,Narol,9898972924
Gurunanak Auto Stores Agra Road Sanjaybhai Nashik Mh,Nashik,"9763110940 , 9834229268"
Gurunanak Auto Stores Agra Road Sanjaybhai Nashik W Mh,Nashik,"9763110940 , 9834229268"
Gurunanak Automobiles Satpur Nashik Mh,Nashik,"9850074288 , 9373133393 , 9373026333"
Gurunanak Automobiles Satpur Nashik W Mh,Nashik,"9850074288 , 9373133393 , 9373026333"
Gurunanak Kaman Work Pandesara,Surat,9909274134
Gurunanak Traders Dabhoi,Dabhoi,9904439530
Gurunath Traders Vijayapur,Arsikere,9845479450
H K Enterprise Rajkot,Rajkot,"9724509700 , 9374917342"
H K Enterprise Sarkhej,Sarkhej,9825419044
H K Jewels Pvt.Ltd. Katargam Surat,Surat,209
H M Auto Spares Parvat Patiya Surat,Surat,7778841152
H M Auto Spares Parvat Patiya Surat Old,Surat,7778841152
H M Hardware Panoli Ankleshwar,Ankleshwar,"9067967916 , 9099314005 , 9714274826"
H P Automobiles Naroda,Naroda,9898159107
H P Enterprises Rajkot,Rajkot,9879836835
H S Auto Care Service Sola,Ahmedabad,"9824245924 , 7990443788 , 7698785685"
H S Sales Bardoli,Bardoli,9377715318
H V Mistry & Sons Bharuch,Bharuch,9428322365
Hafiz Hardware Bharuch,Bharuch,9924031880
Hajarilal Gadri Nanapondha,.,209
Hajibhai Khedbrhama,Himat Nagar,9974943516
Hakimi Auto Amreli,Amreli,9428707863
Hakimi Hardware & Auto Mart Taloda M.H,Nandurbar,"9423497121 , 9579156409 , 8149325272"
Haldex Anand India Pvt Ltd Nasik Sal,Nashik,209
Hamid Ahmed Hussain Ansari Kim,Kim,9327715861
Hanifbhai Khedbrahma,Ider,"9427613280 , 9428644943"
Hanifbhai Muler,Bharuch,9574114680
Hanish Automobiles Himmatnagar,Himat Nagar,9898689888
Hansa Vahan India Private Limited Kosad Surat,Surat,"9636123042 , 9898989898"
Hanumant Auto Parts Velanja,Surat,"9825776912 , 9638237037"
Hanumant Enterprise Umbhel W Old,Surat,9725566633
Haradwala Auto & Tractors Himatnagar,Himat Nagar,9427084288
Haradwala Automobiles Himatnagar,Himat Nagar,"9427594947 , 9427084288"
Harbhole Auto Parts Madhapar Bhuj Kutch,Kutch,9662685886
Hardik Bhai Ankleshwar,Ankleshwar,"9662222175 , 9979656406"
Hardikbhai Ankleshwar,Ankleshwar,"9662222175 , 9979656406"
Hardikbhai Tarapur,Anand,"9712985784 , 9824885784"
Hardikbhai Valakpatia,Kamrej,9638643043
Hare Krishana Enterprise Adajan Surat,Surat,7405333311
Hare Krishna Automobiles Vapi,Vapi,9875100383
Hare Krishna Automobiles Vapi U4 Old,Vapi,9875100383
Hare Krishna Surat,Surat,"9537783857 , 9874544492"
Haresh Bhai Dhanera,Deesa,"9638906195 , 9925427632"
Hari Krushna Motors Adalaj,Adalaj,"9714928717 , 9687999303"
Hari Om Auto Spares Subjail Surat,Surat,"9227947679 , 9426859709"
Hari Om Automobiles Gondal,Rajkot,9429431529
Hari Om Motors Vadodara,Baroda,"9998460303 , 9574764639"
Hari Sales Sarkhej,Sarkhej,9909909218
Hari Sales Sarkhej Hw,Sarkhej,9909909218
Hari Varsha Auto Navsari,Navsari,209
Harihar Service And Auto Parts Kim,Kim,9924361087
Harin Enterprise Navsari,Navsari,"9427153847 , 8238121805"
Harinandan Auto Parts Valak Patiya Sarthana 1 Old,Surat,"9712131581 , 9099980073"
Harinandan Auto Parts Valak Patiya Sarthana U3 M Old,Surat,"9712131581 , 9099980073"
Harinandan Auto Parts Valak Patiya Sarthana,Surat,"9712131581 , 9099980073"
Harinandan Auto Parts Valak Patiya,Surat,"9712131581 , 9099980073"
Hariom Auto And Tractor Navsari,Navsari,9825183723
Hariom Auto And Tractor Navsari Hw,Navsari,9825183723
Hariom Auto And Tractor Valsad,Valsad,"9898493796 , 9601306007"
Hariom Auto And Tractor Valsad Hw,Valsad,"9898493796 , 9601306007"
Hariom Automobiles Puna Kumb Hareshbhai Surat,Surat,9925809423
Hariom Automobiles Rajula Old,Amreli,9624114127
Hariom Battery Baroda,Vadodara,9427592492
Hariom Hardware Kamrej,Kamrej,"9427777731 , 7600396813"
Hariom Lubricantas Punagam Surat,Surat,9979418222
Hariom Lubricantas Punagam Surat Old,Surat,9979418222
Hariom Lubricantas Punagam Surat W M Old,Surat,9979418222
Hariom Lubricantas Punagam Surat W Old,Surat,9979418222
Hariom Motors Garage Kavant,.,"9712577163 , 9512895863 , 9898626152"
Hariom Motors Kamrej Kanabhai,Kamrej,9327550626
Hariom Oil And Auto Parts Ankleshwar,Ankleshwar,"9726832733 , 9974069609"
Hariom Oil And Auto Parts Ankleshwar Hw,Ankleshwar,"9726832733 , 9974069609"
Hariom Oil Centre Bardoli,Bardoli,9879921558
Hariom Tractor Parts Panthawada,Deesa,"7567628770 , 9974033770 , 209"
Harish Auto Parts Mohadi Dhule,Dhule,"9422797979 , 8379814379"
Harish Automobiles Sarda Civle Nashik W Mh,Nashik,9822626126
Harishbhai Hazira,Hazira,9824115485
Harishbhai Mohadi Dhule,Dhule,"8379814379 , 9422797979"
Harishbhai Palsana,Palsana,
Harishbhai Surat,Surat,9979113446
Harsengbhai Pababhai Patel Tharad,Tharad,209
Harsh Auto Parts Waghodiya,Baroda,9898205108
Harsh Automobiles Aslali,Ahmedabad,9558813424
Harsh Engnearing And Welding Workers Olpad,Surat,8160248409
Harsh Enterprise Udhana Surat,Surat,9429266886
Harsh Info Com Private Limited Mehsana,Mahesana,209
Harsh Interior Bharuch,Bharuch,"9601092021 , 9610092021"
Harsh Interior Bharuch,.,9724398735
Harsh Marketing Sarkhej,Sarkhej,9898020483
Harsh Motors Navsari,Navsari,8849166584
Harsh Motors Sanathal,Sanatal,8128465006
Harsh Motors Sanathal Hw,Sanatal,8128465006
Harshad Automobiles Andupara,Andupara,9824595886
Harshad Patel Pimpalgaon,Nashik,9423474745
Harshadbhai Sarkhej,Sarkhej,209
Harshbhai Unjha,Unjha,8200006031
Harshida Automobiles Santrampur,.,9427399474
Harshida Automobiles Santrampur,Mirzapur,9427399474
Harsiddh Traders Deesa,Deesa,9427643914
Harsiddhi Enterprise Dahej,Bharuch,"7567086094 , 9879163322"
Harsiddhi Fleet Maintanance & Servce Surat,Surat,9723461858
Harsiddhi Fleet Maintanance & Servce Surat,Ahmedabad,209
Harsiddhi Fleet Maintanance & Service Surat Rth,Surat,209
Harsiddhi Hardware Mart Rajpardi,Bharuch,"9925251075 , 9726361044 , 9925251175 , 9624547985"
Harsiddhi Motors Vadodara,Vadodara,"9974627427 , 7984199868"
Hashmukhbhai Adajan Surat,Surat,"9879115681 , 9727706100"
Hasmita Spare Parts Aslali,Aslali,"9687897585 , 9157111585"
Hasmukhbhai Jajantibhai Patel Tarapur,Anand,"9429070517 , 9712985784"
Hasmukhbhai Shah Valinath Chokdi Memnagar Ahmd,Memnagar,9227205454
Heena Enterprise Mirzapur Ahmd,Mirzapur,"9825380228 , 9879030201"
Heer Enterprise Ankleshwar,Ankleshwar,9727556555
Heer Fashion Magob Surat,Surat,9726557755
Heera Tractor Parts Ankleshwar,Ankleshwar,"9974754027 , 9898508309"
Heerva Auto Parts Nikol,Ahmedabad,"6352321047 , 7572955405"
Heet Automobiles & Tyre Chikhli,Chikhli,9428383798
Hemal Enterprise Baroda,Vadodara,9825676977
Hemant Automobiles Aslali,Aslali,"9428736536 , 8401448264"
Hemant Transport Hazira,Surat,9825041749
Hemantbhai Botad,Botad,209
Hemantbhai Gurjar Adajan Surat,Surat,9879198721
Hemantbhai Kadodara,Kadodara,"9825530346 , 9879535546"
Hemaram Bhai Panthawada,Deesa,"8980606542 , 9601419412"
Hemuben Khergam,Dharampur,9426893689
Henkel Adhesive Technologies India Pvt Ltd Navi Mumbai,Navi Mumbai,209
Hi Tech Corporation Delhi Darwaja,Ahmedabad,"9428498002 , 9428498004"
Highway Hardware Palej,Palej,"9428587526 , 8401345734 , 9624530698"
Highway Motors Palanpur,Palanpur,"9925465561 , 9662012266"
Himanshu Automobiles Himatnagar,Himat Nagar,9429084870
Himanshu Enterprise Palsana,Surat,7041227959
Himansubhai Baroda,Baroda,"9428714771 , 9898601203"
Himansubhai Sevaliya,Kheda,8154812525
Himmat Automobile Vartej Old,Bhavnagar,9429084870
Himmat Automobiles Vartej Bhavnagar,Bhavnagar,"9924995079 , 9328232121"
Himmat Automobiles Vartej Bhavnagar M Old,Bhavnagar,"9924995079 , 9328232121"
Himmat Autos Vartej,Bharuch,"9328232121 , 8866114002"
Himmat Autos Vartej Hw,Bharuch,"9328232121 , 8866114002"
Hina Sales Corporation Sarkhej,Sarkhej,9377220110
Hinal Sales Kamrej,Kamrej,9712399799
Hind Auto Parts Idar,Ider,"9275198082 , 9725528038"
Hindusingh Deesa,Surat,9638620098
Hindustan Auto Agencies Aslali,Aslali,"7718770961 , 9974338855"
Hindustan Auto Parts Baroda,Baroda,"9712991149 , 9426981147"
Hindustan Automobiles Sarkhej,Sarkhej,8758521552
Hindustan Motors Narol,Narol,9887058827
Hindustan Repowering Baroda,Baroda,9426981147
Hindustan Timber Sankheda,Baroda,209
Hinglaj Auto Parts Karansingh Tharad,Tharad,9429710939
Hinglaj Enterprise Bharuch,Bharuch,"9974933583 , 7284823270"
Hinglaj Trading Hathabhai Tharad,Tharad,"9925647200 , 9428846178"
Hira Kiran Automobiles Manmad Mh,Nashik,"9423482734 , 9762627177"
Hira Kiran Automobiles Manmad W Mh,Nashik,"9423482734 , 9762626177"
Hiral Auto And Tractor Rajpipla Dilipbhai,Rajpipla,9825775075
Hiral Automobiles Kiritbhai Rajpardi,Rajpardi,"7016846045 , 9879778436"
Hiral Automobiles Kiritbhai Rajpardi Hw,Rajpardi,"7016846045 , 9879778436"
Hirani Trading Co Mandvi Kutch,Kutch,9925571715
Hirani Trading Com Mandavi Kutch,Kutch,9925571715
Hire Tractors Chandwad Mh,Nashik,"9423481201 , 8830030436"
Hire Tractors Chandwad W Mh,Nashik,"9423481201 , 8830030436"
Hiren Sorathiya Sevaliya,Baroda,"9825805315 , 9825624875"
Hirenbhai Sevaliya,Baroda,9428934718
Hisab Alkesh Ahmedabad,Surat,209
Hisab Amrish Bhai Shah H.O.,Surat,209
Hisab Anil Up,.,209
Hisab Bhimabhai Rathod H.O.,.,209
Hisab Dharmeshbhai Ahmed,.,209
Hisab Dipak Prajapati,Surat,209
Hisab Dipenbhai Vadodara,Surat,209
Hisab Hitesh Kamrej,Surat,209
Hisab Jignesh Rawal,Surat,209
Hisab Karan Bhai Moriya Up H.O.,.,209
Hisab Mallabhai,Surat,209
Hisab Mashrubhai R Rabari H.O.,.,209
Hisab Naineshbhai,Surat,209
Hisab Naysarbhai,Surat,209
Hisab Pacho Rabari,Surat,209
Hisab Parasbhai,Surat,209
Hisab Parth Patel,Surat,209
Hisab Ramesh Bhai Gandhi,.,209
Hisab Ramesh Desai,.,209
Hisab Sandip Bhavsar,Surat,209
Hisab Sanjay Bhai Car H.O.,Surat,209
Hisab Satishbhai Rabari H.O.,.,209
Hisab Shyambhai Ahmd,Surat,209
Hisab Sunil Polygrip(Atul),Surat,209
Hisab Sunilbhai Up H.O.,.,209
Hisab Vicky,Surat,209
Hisab Vickybhai,Surat,209
Hisab Vijaybhai Ahmedabad,Ahmedabad,209
Hisab Vilash Gayakwad,Surat,209
Hisab Yashmin Patel,Surat,209
Hitech Engineering Solutions Gandhidham,Kutch,"8200848402 , 7405497811"
Hitendrabhai Vatva,Vatva,9727758157
Hitesh Enterprise Baroda,Baroda,"209 , 9825512812"
Hiteshbhai Sarda Civle Nashik,Nashik,9822626126
Hiteshbhai Chikhli,Chikhli,"9427466644 , 209"
Hiteshbhai Deesa,Surat,209
Hiteshbhai Deesa,Deesa,209
Hiteshbhai Ichhapor Hazira,Hazira,9974583910
Hiteshbhai Mehsana,Mahesana,"7698990493 , 9574962401"
Hiteshbhai Navagam Kamrej,Kamrej,"9979032987 , 9825896987"
Hiteshbhai Ranoli,Ranoli,7878393931
Hiteshbhai Sachin,Sachin,9904370714
Hiteshbhai Songadh,Songadh,"8758212751 , 87582127451"
Hiteshbhai Vagara,Bharuch,"7096486867 , 9879943450"
Hiteshbhai Velanja,Surat,"9909654155 , 9978987802"
Hms Chasis House Navagam Kamrej,Kamrej,9426012557
Hms Chasis House Navagam Kamrej Hw,Kamrej,209
Honda Auto Centre Sarkhej,Sarkhej,9825665108
Honest Agency Mehsana,Mahesana,9909963403
Honest Auto Care Salatwada Baroda,Vadodara,9173217313
Honest Auto Parts Bharuch,Bharuch,7698874400
Honest Automobiles Valsad,Valsad,7698225050
Honest Automobiles Valsad Mohsinbhai Old,Valsad,7698225050
Honest Autp Parts Kadi,Kadi,9925440275
Honest Battery & Auto Parts Gandhinagar M.H,Nandurbar,7722077392
Honest Enterprise Himmatnagar,Himat Nagar,8401052852
Honest Motor Garage Karjan,Vadodara,9978693006
Honest Motors Kosamba,Kosamba,9913778786
Honest Motors Parts Baroda,Baroda,9376219841
Hora Automobiles Agra Road Nashik Mh,Nashik,"7709948203 , 9561669551 , 7972948969"
Hora Automobiles Road Nashik Mh,Nashik,"7709948203 , 5661669551 , 7972948969"
Horizon Engineering Works Silvassa,SILVASSA,"9974879555 , 9879617684 , 7201976706"
Hotel Foodland Dhamdod,Surat,9081117424
Hotel Pavan Palace Chikhli,Chikhli,"209 , 7600627046"
Hotel Silver Gate Ankleshwar,Ankleshwar,7990478119
Hsandipbhai Vareli Kadodara,Kadodara,9898111620
Hybr Auto India Pvt Ltd Sarkhej Hw,Sarkhej,"9157074707 , 6357283707"
Hybr Auto India Pvt Ltd Sarkhej,Sarkhej,"9157074707 , 6357283707"
I M Automobiles Sayan,Surat,"7778071083 , 7043254672"
I M Lubricate Baroda,Baroda,9428427178
I U Memon Sarkhej,Sarkhej,209
Ichhapurti Auto Mobile And Services Vadolibhoy Mh,Nashik,"7499339241 , 9762947623"
Ideal Auto Parts Vapi,Vapi,"9426160045 , 9327038818"
Ila Enterprise Kim,Kim,209
Ilayashbhai Naswadi,Baroda,9998503465
Iliyasbhai Dabhoi,Dabhoi,"9978611746 , 9978911746"
Impact Llp Bamroli Pandeshra Surat,Surat,9725245003
Imran Abbas Badarpura Chhapi,Palanpur,"9724390032 , 9054110032"
Imranbhai Anand,Anand,9898370461
Imranbhai Dharmpur,Dharampur,9879933921
Imranbhai Dhule,Nashik,"9273049209 , 9112049209"
Imranbhai Sevalia,Baroda,"9824841118 , 9904799000"
Imtiyazbhai Bharuch,Bharuch,9427175542
India Auto Garage & Workshop Nandurbar,Nandurbar,"9421525064 , 9158070738 , 9657336999"
India Auto Parts Bharuch,Bharuch,"9925192170 , 9429555794"
India Auto Parts Pimplaner Mh,Nashik,"9822308986 , 9657984086 , 8668418616"
India Auto Parts Pimplner M.H.,Nashik,"9822308986 , 9657984086 , 8668418616 , 209"
India Auto Spare Killapardi,Valsad,9924163684
India Automobiles Sangamner Mh,Nashik,"9673686777 , 9881781111"
India Automobiles Sangamner W Mh,Nashik,"9673686777 , 9881781111"
India Motors Narol,Narol,8866688711
India Motors Narol Hw,Narol,8866688711
Indian Auto Parts Amboli Dhoranpardi,Kamrej-Amboli,"6393184017 , 7525926272"
Indian Auto Parts Amboli Dhoranpardi U4 Old,Kamrej-Amboli,"6393184017 , 7525926272"
Indian Auto Parts Kunta,Vapi,"9227830325 , 9898046064"
Indian Car Accessories Kim,Kim,9727204941
Indian Motors Danilimda Ahmd,Ahmedabad,"7383099555 , 8181949426"
Indian Oil Shahada M.H,Nandurbar,"8552807750 , 9403434326"
Indian Trade Agency Sarkhej,Sarkhej,9825068594
Indian Trade Agency Sarkhej Hw,Sarkhej,9825068594
Indore Spare And Service Anand,Anand,9099945856
Indrajeetbhai Bodeli,Bodeli,9979494114
Industrial Spares Corporation Adajan Surat,Surat,9339933999
Industrial Traders Ankleshwar,Ankleshwar,
Infinity Auto Parts Varacha Surat,Surat,9510818849
Infinity Lubricants Privated Vasna,Ahmedabad,9687485420
Iqbalbhai Idar,Ider,209
Iqlakhbhai Himatnagar,Himat Nagar,9824158508
Iqra Auto Parts Mandvi Kutch,Mandvi,9727172966
Irfanbhai Khedbrahma,Ider,"9825519070 , 9428831231"
Iscon Auto Sanathal Sarkhej,Sarkhej,"9898914040 , 6354522050 , 9157363919"
Iscon Auto Sanathal Sarkhej Hw,Sarkhej,6354522050
Ishaqbhai Mandava,Ankleshwar,9824085089
Ishawashyam Rottery Tiller Sales & Service Dabhoi,Dabhoi,9426522204
Ishmailbhai Rajpardi,Rajpardi,7405741633
Ishwarbhai Khamar & Sons Ibk Mehsana,Mahesana,"9825289490 , 9099515174"
Ishwarbhai Sevalia,Baroda,9879130473
Ismailbhai Hazira,Hazira,9374951925
Ismailbhai Shantipura Ahmd,Ahmedabad,"9574244127 , 9724408273"
Ismailbhai Tintoi,Modasa,9427364930
J & P Auto Parts Gandhidham,Gandhidham,8347219196
J A P Enterprise Mandavi,Mandvi,9879054063
J A P Mandvi,Mandvi,9879054063
J B Auto Traders Sarkhej,Sarkhej,9825009979
J B Autolink Sarkhej,Ahmedabad,7990548656
J C Kumbhat Waghai Hw,Vasda,9950144966
J C Kumbhat Waghai,Vasda,9950144966
J G R Auto Parts Navsari,Navsari,8980134203
J H Enterprise Surat,Surat,7405333311
J J Automobiles Sayan Hw Old,Sayan,"9825939573 , 9714136907"
J J Automobiles Sayan Old,Sayan,"9825939573 , 9714136907"
J J Automobiles Sayan U4 Old,Sayan,"9825939573 , 9714136907"
J J Car Auto Accessories & A.C. Dhanera,Deesa,"9426359625 , 9727531710 , 6352362513"
J J Motors Tharad,Tharad,9913291889
J K Auto Atul Valsad Rth,Surat,209
J K Auto Link Mudra Kutch,Mundra,9825042546
J K Automobiles Shingada Talao Nashik Mh,Nashik,"9225103118 , 9028098304"
J K Automobiles Shingada Talao Nashik W Mh,Nashik,"9225103118 , 9028098304"
J K Automobiles Taharabad M.H,Taharabad,"8390082008 , 9404800455"
J K Enterprise Morbi,Morbi,"9879412378 , 9879235433"
J K Enterprise Navagam Rajkot,Rajkot,8000858590
J K Motors Dwarka Nashik Mh,Nashik,8552869900
J K Motors Dwarka Nashik W Mh,Nashik,8552869900
J K Motors Porbandar,Porbandar,9428377410
J K Sons Tadwadi Surat,Surat,"209 , 8128687806"
J K Tractor Parts Maroli,Navsari,9879067775
J K Trading Co Ankleshwar,Ankleshwar,"9825232203 , 9825026203"
J M Auto Kadodara,Kadodara,9824272688
J M Enterprises Nashik W Mh,Nashik,8080090831
J P Auto Agencies Junagadh,Junagadh,"9825516001 , 9428439421"
J P Traders Sarkhej,Sarkhej,"787469539 , 8980390558"
J R Automotive Bhopal M.P,Bhopal,7999015167
J R Traders Narol,Narol,9998800589
J S Auto Spares Dabhoi,Dabhoi,9925091495
J T Automobiles Pimpalner M.H,Dhule,"9404193271 , 9850580083"
Jackbro Global Privet Limited Kamrej,Kamrej,9925014022
Jadav Traders Koita,Deesa,9726002668
Jagdamba Electrical & Hardware Ankleshwar,Ankleshwar,"8128347025 , 9574112202"
Jagdamba Hardware Mark Rajpardi,Bharuch,"8200941091 , 7990172049"
Jagdish Auto Patrs Palanpur,Palanpur,"9925037622 , 9978309254"
Jagdish Distributors New Agra Road Nashik Mh,Nashik,9422256296
Jagdish Distributors New Agra Road Nashik W Mh,Nashik,9422256296
Jagdish Khatri & Mayurbhai Sarkhej,Sarkhej,"9426080052 , 9978462153"
Jagdish Trading Co Vadagam,Vadagam,9925746097
Jagdishbhai Dhansura,Vadagam,9426271336
Jagdishbhai Himmatnagar,Himat Nagar,209
Jagdishbhai Iqbalgadh,Deesa,209
Jagdishbhai Kamrej,Kamrej,"9879458821 , 9687787348"
Jagdishbhai Kanjibhai Chaudhary Akhol Deesa,Deesa,9725738481
Jagdishbhai Kanjibhai Pathewada,Deesa,"9714649527 , 9428476255"
Jagdishbhai Panchal Udhyognagar,Kamrej,"9925349194 , 6351423618"
Jagdishbhai Sarkhej,Sarkhej,9974678354
Jagdishbhai Sidhpur,Mahesana,209
Jagdishbhai Surat,Surat,209
Jaghubhai Dharampur,Dharampur,9427153687
Jagmalbhai Dhanera,Deesa,209
Jagruti Traders Vapi,Vapi,8156010790
Jagtap Car Solution & Lubricants Palse Mh,Nashik,9850761913
Jagtap Car Solution & Lubricants Palse W Mh,Nashik,9850761913
Jahnvi Enterprise Ankleshwar,Ankleshwar,2646239092
Jai Bhavani Transport Co Vapi,Vapi,9879532697
Jai Enterprise Vapi,Vapi,"9978452041 , 7802945150"
Jai Jalaram Car Decor Valsad,Valsad,"9033737201 , 8160868051 , 9276157398"
Jai Janardhan Automobiles Vinchor Mh,Nashik,"8484970007 , 7276376777"
Jai Kisan Tractor Nandurbar Mh,Nandurbar,9764839766
Jai Shree Jamuwai Auto Parts Vareli Kadodra Road,Kamrej,"9979461811 , 9662026330"
Jai Shree Jamuwai Auto Parts Vareli Kadodra Road Hw,Kamrej,"9979461811 , 9662026330"
Jain 4P Enterprise Ichhapur Hw,Surat,9898652966
Jain 4P Enterprise Ichhapur,Surat,9898652966
Jain Auto Agencies Jakat Naka Nashik Mh,Nashik,"7447227660 , 9860083885"
Jain Auto Agencies Jakat Naka Nashik W Mh,Nashik,"7447227660 , 9860083885"
Jain Automobiles Adgaon Nashik Mh,Nashik,"9822778754 , 9689786811"
Jain Automobiles Adgaon Nashik W Mh,Nashik,"9822778754 , 9689786811"
Jain Automobiles Gandhidham,Gandhidham,"9879988886 , 9099943663 , 9825917613"
Jain Automobiles Gandhidham,Hazira,9099943068
Jain Automobiles Saroli Surat,Surat,"8000311346 , 8460259283"
Jain Motors Hazira,Hazira,9427107900
Jaiswal Trading Company Nizampur M.H,Dhule,"9923964821 , 9103964821"
Jakirbhai Bharuch,Bharuch,9724684125
Jalaram Auto And Tractor Parts Navsari,Navsari,9913319428
Jalaram Auto Care Ghodasar Amd,Ahmedabad,"9377104110 , 8264412144 , 8401332445"
Jalaram Auto Parts Anjar,Kutch,"9099083364 , 9974007014"
Jalaram Auto Parts Anjar W Old,Kutch,"9099083364 , 9974007014"
Jalaram Auto Parts Bardoli,Bardoli,7990742085
Jalaram Auto Parts Bayad,Bayad,"9409687355 , 8140713547"
Jalaram Auto Parts Gandhidham,Gandhidham,9427274829
Jalaram Auto Parts Mandavi,Mandvi,9879054063
Jalaram Auto Parts Mandavi Hw,Mandvi,9879054063
Jalaram Auto Parts Vastral,Vastral,9723451678
Jalaram Auto Parts Virendrabhai Nanapondha,Valsad,209
Jalaram Auto Spare Dhansura,Vadagam,9426271336
Jalaram Auto Spare Dhansura Old,Vadagam,9426271336
Jalaram Auto Spare Dhansura W Old,Vadagam,9426271336
Jalaram Auto Spare Khergam,Navsari,"9512614941 , 9099467852"
Jalaram Auto Stores Adalaj,Adalaj,9327429878
Jalaram Auto Stores Adalaj,Surat,209
Jalaram Auto Stores Adalaj,Ahmedabad,9327429878
Jalaram Automobiles Bajipura,Bajipura,"9687681313 , 9825383886"
Jalaram Automobiles Savli,Baroda,"9974896479 , 9427032433"
Jalaram Automobiles Songadh,Songadh,9426869355
Jalaram Automobiles Songadh Hw,Songadh,9426869355
Jalaram Automobiles Vadagam,Vadagam,9879065676
Jalaram Enterprise Chhani Vadodra 2 Old,Baroda,"9825662096 , 9824125577"
Jalaram Enterprise Chhani Vadodra W Old,Baroda,"9825662096 , 9824125577"
Jalaram Enterprise Mandavi,Mandvi,9879054063
Jalaram Hardware Tatithaiya Kadodara,Kadodara,"9824194324 , 9714800555"
Jalaram Motors & Auto Electricals Sayan,Surat,9924567664
Jalaram Motors Gandhidham Kuttch,Gandhidham,9427274829
Jalaram Motors Vyara,Vyara,9925510148
Jalaram Mototors Deesa,Deesa,"7878469999 , 9725511123"
Jalaram Oil Center Aasodar Chokdi,Anand,9909599352
Jalaram Traders Baroda,Baroda,9879109240
Jalaram Traders Chani Baroda,Baroda,9409612670
Jalaram Traders Vyara,Vyara,9879913994
Jalindrabhai Adgoan,Nashik,"9975670642 , 9689381778"
Jalram Auto Parts Bardoli U3 M Old,Bardoli,7990742085
Jalteshbhai Dharampur,Dharampur,9428894532
Jamadar Funichar Javidbhai Palej,Palej,"9714080058 , 9909073658"
Jamalbhai Dabhoi,Dabhoi,9925091495
Jambusar Auto Parts Jambusar,Jambusar,"7779047329 , 9429555893"
Jamsan Power Vahelal Ahmedabad,Ahmedabad,8200012841
Janak Automobiles Unjha,Unjha,"8401832467 , 9426342412"
Jangid Exports Akhol Deesa,Deesa,9824072053
Janta Auto Bilimora,Chikhli,"9898353410 , 9558328788"
Janta Auto Garge Bodeli,Bodeli,9879650420
Janta Auto Stores Deesa Old,Deesa,9898456943
Janta Hardware And Tools Kim,Surat,"9825657474 , 9824152824"
Janta Hardware Stores Palej W Old,Palej,"9904733395 , 9574324601"
Janta Motors Bodeli,Bodeli,"9429136155 , 9924232384"
Janta Tractor Parts Kosamba,Kosamba,"9377020774 , 9913973373"
Janvi Car Spares Pal Suart,Surat,8982199619
Janvi Motors Bardoli,Bardoli,9825270170
Jash Auto Magadalla,Hazira,9925057777
Jash Marine Parts Veraval,Veraval,9428266786
Jasubhai Nana Chiloda,Nana Chiloda,9825310301
Jasvirsingh Vyara,Tapi,"9825312607 , 7698594704"
Javed Motor Garge Bhilad,Valsad,"9726996766 , 8000554755"
Javedbhai Shahada,Nandurbar,"8552807750 , 9403434326"
Javidbhai Amroli Surat,Surat,9825656337
Jay Agencies Pandesara,Surat,9825116952
Jay Ambay Agro Center Surat,Surat,"9879674127 , 7359039959"
Jay Ambay Auto Center Vasad,Padra,9427547883
Jay Ambay Auto Traders Dariyapur,Ahmedabad,"8141208241 , 7405594855"
Jay Ambay Automobiles Kadodara,Kadodara,9375257700
Jay Ambe Agro Sales Shahada M.H.,Nandurbar,7588318224
Jay Ambe Agro Sales Shahada M.H.W,Nandurbar,7588318224
Jay Ambe Auto Garage Bilimora,Navsari,"9016255526 , 9825393446"
Jay Ambe Auto Narol,Ahmedabad,"9725918400 , 209"
Jay Ambe Auto Parts Kheralu,Siddhpur,9879592436
Jay Ambe Auto Sales Khoraj Khodiyar,Ahmedabad,9898679266
Jay Ambe Auto Service Naroda Amd,Naroda,9426543270
Jay Ambe Automobiles Amritdham Shambhai Nashik Mh,Panagi,"8600870509 , 9145532232"
Jay Ambe Automobiles Amritdham Shambhai Nashik Mh,Nashik,"8600870509 , 9145532232"
Jay Ambe Automobiles Lalitbhai Gandhinagar,Gandhi Nagar,9925527720
Jay Ambe Automotive Swapnilbhai Adgaon Nashik Mh,Nashik,"9145532232 , 9923362232"
Jay Ambe Body Parts Ichapor Hazira,Hazira,209
Jay Ambe Carting Mandvi Hw,Mandvi,9879054068
Jay Ambe Carting Mandvi,Mandvi,9879054068
Jay Ambe Enterprise Bardoli,Ankleshwar,"9714824882 , 9879181050"
Jay Ambe Enterprise Baroda,Baroda,"8128584310 , 8460855912"
Jay Ambe Glass Trading Naroda,Naroda,"9428113733 , 7228904133"
Jay Ambe Hardware & Tools Sachin,Surat,9265001909
Jay Ambe Lubricantnts Maroli,Navsari,"7265002021 , 7359528077 , 9727306527"
Jay Ambe Marketing Ankleshwar,Ankleshwar,9427582625
Jay Ambe Supplier Vegha Dabhoi,Dabhoi,9909661696
Jay Ambe Tractor Parts Handod Chowkdi Sankheda,Bodeli,"8058118456 , 8397076745"
Jay Ambey Enterprise Kadodara,Kadodara,"9925013198 , 9265449189 , 9408927420"
Jay Ambika Automobiles Lasalgaon Mh,Nashik,"9890082308 , 8665005523"
Jay Ambika Automobiles Vinchur Mh,Nashik,"8421549333 , 7620713533"
Jay Ashapura Auto Parts Sarkhej,Sarkhej,9824352931
Jay Ashapura Maa Auto Parts Karjan,Karjan,9737080722
Jay Auto And Tractor Surat,Surat,9824727733
Jay Auto Parts Khedbrahma,Ider,9427059303
Jay Automobiles Bayad,Ahmedabad,9426387675
Jay Automobiles Bayad,Bayad,9426387675
Jay Automobiles Chikhli Hw,Vasda,"9722351607 , 9924797405"
Jay Automobiles Kadodara Hw,Kadodara,8866813410
Jay Automobiles Kadodara,Kadodara,8866813410
Jay Automobiles Mahuva Karcheliya Hw,Bardoli,"9537770768 , 9824725452"
Jay Automobiles Mahuva Karcheliya,Bardoli,"9537770768 , 9824725452"
Jay Automobiles Modasa,Modasa,9428314257
Jay Automobiles Nana Chiloda,Nana Chiloda,9825310301
Jay Automobiles Spare Parts Tharad,Deesa,"9979487537 , 7600161804 , 9979490008"
Jay Automobiles Surat Magob Hw,Surat,9825106897
Jay Automobiles Surat Magob,Surat,9825106897
Jay Automobiles Surat,Surat,9638723708
Jay Automobiles Valsad,Valsad,"9427865465 , 9979687187"
Jay Automobiles Visnagar,Visnagar,9427376614
Jay Bahuchar Auto Parts Gandinagar,Gandhi Nagar,"8401714335 , 9998663197"
Jay Bajrang Auto Traders Asarwa,Ahmedabad,"9825016347 , 9879634616"
Jay Bajrang Earthmovers Songadh,Songadh,"9714463666 , 8200380467"
Jay Bajrang Industries Kamrej Hw,Kamrej,8980030865
Jay Bajrang Industries Kamrej,Kamrej,8980030865
Jay Bajrangbali Auto Parts Ichhapore Hazira,Surat,"9714252379 , 9687227659"
Jay Balaji Spaliers Shahada,Nandurbar,"9423194528 , 7219033927"
Jay Bharat Automobiles Morbi,Morbi,"9427361897 , 8460528325 , 9033771273"
Jay Bhavani Auto Parts Katargam Surat Hw,Surat,9879071848
Jay Bhavani Auto Parts Katargam Surat,Surat,9879071848
Jay Bhavani Furniture Ankleshwar,Ankleshwar,"9251969696 , 8641969696"
Jay Bhavani Hardware Bharuch,Bharuch,"9427144614 , 8238719779"
Jay Bhavani Hardware Sanand Ahmd,Ahmedabad,"9979528681 , 9979854382"
Jay Bhavani Marketing Surat Parvat Patiya,Surat,"9898033388 , 9825052925 , 8238399252"
Jay Bherunath Electrical And Hardware Vapi,Vapi,9374991747
Jay Bhole Auto Parts Dhumad Chokdi Baroda,Baroda,"9898757050 , 8160696726"
Jay Bhole Auto Parts Dhumad Chokdi Baroda Old,Baroda,"9898757050 , 8160696726"
Jay Bhole Traders Deesa,Deesa,9726243160
Jay Chehar Auto Parts Mahesana,Mahesana,8469330117
Jay Dwarkadhis Oil Auto Padhana Patiya,Porbandar,9925303250
Jay Dwarkadhish Auto Garage Varachha,Surat,"7698466509 , 9427166601"
Jay Dwarkadhish Earthmovers Dhornpardi,Sayan,"9537190690 , 9824303285"
Jay Dwarkadish Agency Ankleshwar,Ankleshwar,"9638385992 , 9151385992"
Jay Enterprise Kamrej,Kamrej,9825896986
Jay Ganesh Auto & Body Parts Hazira,Surat,"7698962389 , 8320443900"
Jay Gayatri Traders Baroda,Baroda,"9825894071 , 9662698971"
Jay Goga Auto Parts Panthawada,Deesa,"9967370657 , 7733003197"
Jay Goga Enterprise Deesa,Deesa,"9974701454 , 9426487005"
Jay Goga Hydrolic Kamrej,Kamrej,9978021300
Jay Gopal Auto Parts Nana Chiloda Ahmd,Nana Chiloda,"9879093343 , 9512775593"
Jay Gopal Automobiles Morbi Tajpar,Morbi,9825672005
Jay Harsiddhi Auto Garage Umiyadham Surat,Surat,9879850090
Jay Harsiddhi Auto Parts & Garage Valak Patiya Hw,Surat,9879850090
Jay Harsiddhi Auto Parts & Garage Valak Patiya,Surat,9879850090
Jay Hindustan Auto Electric Works Ankleshwar,Ankleshwar,"9824491491 , 9428026005"
Jay Hinglaj Auto Agency Pandesara,Surat,8401004258
Jay Hinglaj Auto Center Nilesh Bhai Mahesana,Mahesana,9909536791
Jay Hinglaj Enterprise Mahesana,Mahesana,"9712936791 , 9428499685"
Jay Jalaram Auto Agencies Narol,Narol,"9898462323 , 9879183834"
Jay Jalaram Auto Parts & Garege Tadkeshwar,Tadkeshwar,9898117184
Jay Jalaram Auto Parts Dadra,SILVASSA,9824331325
Jay Jalaram Auto Spares Vasda,Navsari,"9662295509 , 9638069656"
Jay Jalaram Automobiles Bahuchraji,Bahucharaji,9925440963
Jay Jalaram Automobiles Navsari,Navsari,"9825726733 , 9898599589"
Jay Jalaram Automobiles Navsari Hw,Navsari,"9825726733 , 9898599589"
Jay Jalaram Motors Nanapurna,Nanapurna,"9913822947 , 8780832166"
Jay Jalaram Motors Nanapurna Hw,Nanapurna,"9913822947 , 8780832166"
Jay Jalaram Tractor Dharampur,Dharampur,9909080464
Jay Jalaram Tractor Dharampur Hw,Dharampur,9909080464
Jay Jalaram Tractor Spare Parts Surat,Surat,9879824920
Jay Janardhan Motors Lasalgaon Mh,Nashik,9422755833
Jay Janardhan Motors Lasalgaon W Mh,Nashik,9422755833
Jay Jiravala Motors Sarkhej,Sarkhej,9825991078
Jay Khodiar Auto Parts Sanjaybhai Punagam Surat Ner,Surat,"8200337326 , 82003373262"
Jay Khodiar Auto Parts Sanjaybhai Punagam Ner Old,Surat,"9924477660 , 8200337326"
Jay Khodiar Auto Parts Sanjaybhai Punagam Ner U4 Old,Surat,"9924477660 , 8200337326"
Jay Khodiyar Auto Parts Gopalbhai Valak [R T H],Surat,209
Jay Khodiyar Auto Parts Gopalbhai Valak Ner,Kamrej,9924477660
Jay Khodiyar Auto Parts Gopalbhai Valak Ner Hw,Kamrej,9924477660
Jay Khodiyar Auto Saileshbhai Valakpatiya Hw,Surat,9924772345
Jay Khodiyar Auto Saileshbhai Valakpatiya,Surat,9924772345
Jay Khodiyar Auto Ser Upleta Kathiyavad,Porbandar,9825695860
Jay Khodiyar Bus Service Private Limited Kosmadi Patiya Hw,Kamrej,"8866090394 , 9879244644"
Jay Khodiyar Bus Service Private Limited Kosmadi Patiya,Kamrej,"8866090394 , 9879244644"
Jay Khodiyar Earthmovers Kamrej,Surat,"9909012084 , 9909625087"
Jay Khodiyar Enterprise Bharuch,Bharuch,9067141995
Jay Khodiyar Enterprise Bharuch Hw,Bharuch,9067141995
Jay Khodiyar Motors Motapondha,Valsad,"9979994991 , 7043267922 , 7203008708"
Jay Khodiyar Parts And Tractor Garage Babra,Bhavnagar,9979182199
Jay Kishan Tractor Sarkhej,Sarkhej,9879025991
Jay Laxmi Auto Rajkot,Rajkot,9426979721
Jay Laxmi Enterprise Gandhidham,Kutch,"9974879078 , 9879106755"
Jay Lubricants Hazira,Hazira,9925480693
Jay Maa Shakambhari Motor Garage Godadara Surat,Surat,"9714192096 , 209"
Jay Maa Shakambhari Motor Garage Godadara Surat Hw,Surat,9714192096
Jay Madi Auto Parts Memnagar,Memnagar,9409062686
Jay Madi Tractors Khatrej,Kheda,9825997616
Jay Mahakali Motors Ramol,Ramol,"8511145513 , 9328013833"
Jay Makali Motors Songadh,Songadh,"9377618181 , 9377111181 , 93776181819377119"
Jay Makali Motors Songadh Rth,Surat,209
Jay Marimata Auto Parts & Garage Areth,Surat,9903434893
Jay Matadi Auto Parts Vapi,Vapi,"9377010953 , 209"
Jay Mataji Auto Hub Ankleshwar,Ankleshwar,"8160305725 , 9316357172"
Jay Mataji Auto Parts Adajan Surat,Surat,"7043461676 , 9998461676"
Jay Mataji Auto Parts Bahucharaji,Bahucharaji,9638438578
Jay Mataji Auto Parts Limbadi Dahod,Godhra,"9427057873 , 209"
Jay Mataji Auto Patan,Patan,"8320872095 , 6351965986"
Jay Mataji Motors Kim,Kim,"8238968120 , 8320682576"
Jay Mataji Oil Center Nampur M.H,Nashik,9075865597
Jay Mataji Oil Parlour Dholka,Ahmedabad,"9913477308 , 9898736808"
Jay Mataji Sales Kalubhai Sarkhej,Sarkhej,"9328633126 , 8490895394"
Jay Matjaji Co. Ankleshwar,Bharuch,9352626264
Jay Meldi Automobiles Mehsana,Ahmedabad,9638417441
Jay Motors Anjar Kutch,Kutch,9879223278
Jay Motors Chikhli,Chikhli,9924797405
Jay Motors Chikhli Hw,Chikhli,9924797405
Jay Motors Gandhidham,Kutch,9879223278
Jay Motors Gudlav Valsad,Valsad,9879568909
Jay Nagneshi Plywood Hardware Bharuch,Bharuch,"9601129821 , 9741662200"
Jay Narayan Auto Parts Halol,Halol,8469868688
Jay Prakash Traders Sayan,Sayan,9825177911
Jay Ramdev Automobiles Valakpatia,Kamrej,9909782851
Jay Ramdev Automobiles Valakpatia Hw,Kamrej,9909782851
Jay Ranchod Enterprise Dehgam,Dehgam,9510240541
Jay Shakti Auto Dhansura,Vadagam,"9427368067 , 6355134151"
Jay Shantoshi Tools And Hardware Kamrej,Kamrej,9426234063
Jay Shree Brahmani Oil Marketing Dhanera,Deesa,7096776806
Jay Shree Brahmani Oil Marketing Dhanera,.,209
Jay Shree Ram Hydraulic & Oil Broewell Spare Parts Netrang,Netrang,"9537987687 , 9978231895 , 990992050 , 9909920504"
Jay Shree Ram Hydraulic & Oil Broewell Spare Parts Netrang Hw,Netrang,"9537987687 , 9978231895 , 9909920504"
Jay Shree Sadhi Auto Parts Bhildi,Radhanpur,"9979926881 , 209"
Jay Shree Traders Lasalgaon Mh Old,Nashik,9822195126
Jay Shree Traders Lasalgaon W Mh Old,Nashik,9822195126
Jay Shri Nakalang Auto Parts Bhildi,Deesa,"9978311717 , 8160479051 , 209"
Jay Siddheshwar Parts Sarkhej Hw,Sarkhej,9924889949
Jay Siddheshwar Parts Sarkhej,Sarkhej,9924889949
Jay Singh Ichchhapore Hazira,Surat,"8905046255 , 7874800363 , 9817830948"
Jay Surya Motors Bhathena Surat,Surat,9998710804
Jay Tractor And Auto Parts Dahej,Dahej,9909247035
Jay Tractors And Auto Parts Dwarka Nashik Mh,Nashik,"9325608150 , 9403412905 , 7798333589"
Jay Tractors And Auto Parts Dwarka Nashik W Mh,Nashik,"9325608150 , 9403412905 , 779833358"
Jay Umiya Hydrolic Bodeli,Bodeli,9737403430
Jay Umiya Sales Mehsana,Mahesana,9428960801
Jay Umiya Tractor Parts Surat,Surat,"9913003794 , 9925285622"
Jay Veerkrupa Auto Electric & Battery Satlasana,Ahmedabad,"6352340514 , 9427285215"
Jay Veerkrupa Auto Electric & Battery Satlasana,.,209
Jay Visat Auto Parts Mehsana,Mahesana,9737277625
Jay Yogeshwar Vit Supplayer Shirpur Mh,Dhule,209
Jayant Auto Parts Limbadi Dahod,Dahod,"9427036076 , 9723036076"
Jayantibhai Akhol Deesa,Deesa,"9879298392 , 9979925717"
Jayantibhai Dhanera,Deesa,9925952526
Jayantibhai Palanpur Tata,Palanpur,"9825208791 , 209"
Jaycee Earthmovers Kamrej,Surat,9727922214
Jayco Automobiles Baroda,Baroda,"9898536438 , 9426776438"
Jaydeeep Automobiles Laskana,Kamrej-Laskana,9375544428
Jaydeep Auto Parts Anjar,Anjar,"9825843929 , 9979388531"
Jaydeep Hadiya Hazira,Hazira,9662982233
Jaydeep Motors Ahmedabad,Ahmedabad,"9898580965 , 8000724363"
Jaydip Tractor Bardoli,Bardoli,209
Jaydip Tractor Bardoli Rth,Surat,209
Jaydipbhai Kamrej,Kamrej,9427671288
Jayendrabhai Aslali,Aslali,9925031543
Jayesh Automobiles Navagam,Rajkot,9427268293
Jayeshbhai Chhani,Baroda,9825592243
Jayeshbhai Deesa,Deesa,9898456943
Jayeshbhai Gothi Karjan,Vadodara,9978693006
Jayeshbhai Gudlav Valsad,Valsad,9879568909
Jayeshbhai J J Sayan,Sayan,209
Jayeshbhai Kadi,Kadi,9879026611
Jayeshbhai Kaprada Dharampur,Dharampur,9427469145
Jayeshbhai Kheda,Kheda,"9913567167 , 209"
Jayeshbhai Nadiad,Nadiad,"9427547442 , 9099856716"
Jayeshbhai Palanpur,Palanpur,9913988300
Jayeshbhai Unjha,Unjha,209
Jayeshbhai Vapi,Vapi,209
Jayram Battery And Auto Electricals Sachin,Sachin,9904370714
Jayram Battery And Auto Electricals Sachin,Surat,9904370714
Jayshree Traders Lasalgaon Mh,Nashik,9822195126
Jayshree Traders Lasalgaon W Mh,Nashik,9822195126
Jayveer Auto Spare Parts Vastral,Vastral,"9898415566 , 8320250221 , 8511437591"
Jayveer Genrator Service Althan Surat,Surat,
Jayveer Nut Bolt Palanpur,Palanpur,"9898473868 , 9925725649"
Jayveer Sing Master Sayan,Sayan,"9825939573 , 9714136907"
Jayvir Hydraulic Mundra,Kutch,9925011858
Jeel Motors Dhoranpardi,Kamrej-Amboli,"9723418418 , 9825018418"
Jeenam Automobiles Laxminagar Morbi,Morbi,"8141737780 , 9979134758"
Jeet Enterprise Gandhidham,Kutch,9662567954
Jentibhai Kamrej,Kamrej,9825896986
Jentibhai Mandvi,Mandvi,9427170152
Jigarbhai Deesa,Deesa,"9726933532 , 8849268662"
Jigarbhai Por,Baroda,"9724431948 , 7984446422"
Jigarkumar Dhirajlal Modh Siddhpur,Patan,"9825290831 , 9429538757"
Jignenbhai Memco Naroda Ahemdabad,Naroda,9879882043
Jigneshbhai Anand,Anand,9825281427
Jigneshbhai Bhuj,Bhuj,9427819805
Jigneshbhai Kadi,Kadi,7211115554
Jigneshbhai Mirzapur,Ahmedabad,9879353455
Jigneshbhai Mota Ponda,Valsad,"7203008708 , 7043267922"
Jigneshbhai Navsari,Navsari,"9427153847 , 8238121805"
Jigneshbhai Patel Sumul Surat,Surat,8733013658
Jigneshbhai Rajpardi,Rajpardi,9978800195
Jigneshbhai Sayan,Sayan,"9824196530 , 7567511490"
Jigneshbhai Vasda,Vasda,9427153981
Jigneshbhai Vyara,Vyara,"9427782252 , 9979280838"
Jilani Oil Company Palanpur,Palanpur,9924690822
Jimmy Trading Co. Satellite Amd,Ahmedabad,9825506884
Jinam Auto Parts Anjar,Anjar,"209 , 9426043105"
Jindal Industral & Hardware Sanand Ahmedabad,Ahmedabad,"8980207692 , 9558171011"
Jinendra Auto Parts Hazira,Hazira,9824115485
Jiravala Motors Mirzapur,Mirzapur,9825422097
Jirawala Marketing Sarkhej,Sarkhej,"9265772893 , 9428195893"
Jishan Furniture Palej,Palej,"9574146761 , 9558999505 , 7041283571 , 8160564259"
Jitendrabhai Ankleshwar,Ankleshwar,"9426138496 , 9426878275"
Jitendrabhai Chikhli,Chikhli,9428439268
Jitendrakumar Prabhulal Thakkar Bhabhar,Deesa,209
Jitu Auto Parts Jambusar,Jambusar,9898932110
Jiva Furnishingh Arts Bharuch,Bharuch,9725392055
Jiyalal R.Patel Sachin,Surat,8160684670
Jizai Auto Parts 40 Village Phata Malegaon Mh,Nashik,"8806476645 , 7028126645"
Jmd Auto Parts Vapi,Vapi,6355454311
Jnd Traders Kim,Kim,9979968777
Jnd Traders Kim M Old,Kim,9979968777
Jogmaya Auto Agencies Pandesara Surat,Surat,9624293210
Jogmaya Auto Parts Pandesara Surat,Surat,9624293210
Jogmaya Automobile Kalol,Kalol,"9428849002 , 9898268891"
Johnsons Auto Center Chhani Baroda,Baroda,9824045905
Johnsons Auto Sales Ranoli Baroda,Baroda,"209 , 9173408033"
Josepbhai Vyara,Vyara,9898719389
Joshina Thakker Engineering Stores Surat,Surat,8000171720
Joy Motors Jivrajpark,Jivrajpark,"8460804677 , 8866558862"
Junedbhai Jambusar,Jambusar,209
Jupiter Enterprise Katargam Surat,Surat,9925144577
Jupiter Spare Kapodra Surat,Surat,9537743664
Jupiter Spare Surat,Surat,9537743664
Jyoti Lining Kosamba,Kosamba,"9825284152 , 9033428427"
Jyoti Motor Accessories Nashik W Mh,Nashik,"9175022260 , 8668763309 , 8329102818"
Jyoti Motors Gandhidham,Gandhidham,9909122310
Jyoti Motors Valsad,Valsad,"9375832833 , 9429275701"
Jyoti Tractors Garage Nandurbar M.H,Nandurbar,7507500039
K B Auto Special Nashik Mh,Nashik,"9423133154 , 9423133145"
K B Auto Special Nashik W Mh,Nashik,"9423133154 , 9423133145"
K B Engineering And Co Bavla,Bavla,9558565822
K B Garage Gota Ahmedabad,Ahmedabad,7096777896
K F L Associates Sarkhej,Sarkhej,9426358504
K G Automobiles Nashik W Mh,Nashik,9422770942
K G Enterprise Mirzapur,Mirzapur,7405353705
K G N Auto Garage Sanathal,Sanatal,209
K G N Auto Sarkhej,Sarkhej,9723830957
K G N Automobiles Ankleshwar,Ankleshwar,9426889664
K G N Automobiles Sachin,Sachin,"9898445156 , 9033652384"
K G N Spare Parts Killapardi,Chikhli,"8866786009 , 8866786031"
K J Traders Sarkhej,Sarkhej,"9377982272 , 982409824"
K K Motors Kakar Kukad Mota Pondha,Valsad,9723591768
K K Tractor Parts Navsari,Navsari,9825298701
K L Auto Parts Sarkhej,Sarkhej,9879029325
K M Marketing Himatnagar,Himat Nagar,9427370602
K P Motors Barvala,Botad,"9574037413 , 9727605051"
K Patel & Company Sarkhej,Sarkhej,9824409575
K R Auto And Oil Agency Sarkhej,Sarkhej,9825094496
K R Auto Traders Delhigate Ahmedabad,Ahmedabad,9825094496
Kadams Automobiles Ozar Mh,Nashik,"9921898154 , 7020536533"
Kadiwal Navedbhai Siddhpur,Patan,9510510314
Kailash Auto Parts Vyara,Vyara,"8141000385 , 9913214779"
Kailash Bhai Vapi,Vapi,9824150420
Kailash Trading Co Dhansura,Bayad,9428833288
Kailashbhai Odhav,Odhav,"9426593523 , 7405501534 , 740551534"
Kailashbhai Saroli,Surat,"209 , 9979847932"
Kaka Auto Parts Halol Old,Halol,9925698566
Kaka Automobiles Halol,Halol,9925698566
Kakadiya Tanaykumar Narendrabhai Amroli Surat,Surat,"9327102081 , 7069697792"
Kalash Enterprise Sarkhej,Sarkhej,9727183234
Kalikund Machine Tools Sarkhej,Sarkhej,"9824020967 , 8128198863"
Kalim Bhai Segwa Chowkdi,Baroda,9974199718
Kalpana Motors Bodeli,Bodeli,"9879857447 , 8141849066"
Kalpana Motors Bodeli W Old,Bodeli,"9879857447 , 8141849066"
Kalpataru Ceramic Ankleshwar,Ankleshwar,8460810098
Kalpesh Auto Parts Palanpur,Palanpur,9426631622
Kalpesh Bhai Sayan,Sayan,"9978932442 , 9998741520"
Kalpesh Roadlines Vapi,Vapi,9275095632
Kalpesh Tractor Corporation Valsad,Valsad,"9712946582 , 9825146582"
Kalpesh Tyres & Tripal House Chalisgaon,Dhule,"9420851888 , 9130741888"
Kalpeshbhai Bodeli,Bodeli,9428070951
Kalpeshbhai Dabhoi,Dabhoi,9426582599
Kalpeshbhai Deesa,Deesa,"209 , 9427536562 , 7046264647"
Kalpeshbhai Kamrej,Kamrej,9898707013
Kalpeshbhai Palanpur,Palanpur,209
Kalpeshbhai Patadi,Surendra Nagar,9924532633
Kalpeshbhai Ranoli,Vadodara,9714869824
Kalpita Enterprise Auto Parts Wholesaler Vadodara,Vadodara,"6355905910 , 9687246949 , 9978579111"
Kalptaru Agencies Baroda,Baroda,9601283706
Kalubhai Anand,Anand,9376145761
Kalubhai Ankleshwar,Ankleshwar,9898857678
Kalubhai Deesa,Deesa,9426546432
Kamakshi Engineering Works Goa,Panaji G.P.O,9892120999
Kamal Accessories Sarkhej,Sarkhej,9825020107
Kamal Alignment Center Shahada,Nandurbar,"9823218758 , 9270595443"
Kamal Auto Saroli Surat,Surat,8469534582
Kamal Automobiles Satpur Nashik Mh,Nashik,"7588832915 , 7588832914 , 8208331282"
Kamal Automobiles Satpur Nashik W Mh,Nashik,"7588832915 , 7588832914 , 8208331282"
Kamal Motor Saroli Surat,Surat,8469534582
Kamal Motor Saroli Surat M Old,Surat,8469534582
Kamal Motors Saroli Surat M Old,Surat,8469534582
Kamal Trading Co. Dahej,Dahej,"9920050406 , 7486052993"
Kamar Automotive Himmatnagar,Himat Nagar,9427842978
Kamdhenu Electricals Palsana,Palsana,"9638474543 , 7046661543"
Kamil Oil Agency Jamnagar,Jamnagar,9824592318
Kamit Automobiles Khedbrahma,Ider,9426034322
Kamlesh Auto Parts Palanpur,Palanpur,"9426631622 , 9712966822"
Kamleshbhai Baroda,Vadodara,9824346380
Kamleshbhai Bhildi,Deesa,"9624757423 , 9428138159"
Kamleshbhai Dahej,Dahej,9979437240
Kamleshbhai Iqbalghadh,Palanpur,"6352445599 , 9427483984"
Kamleshbhai Iqbalghadh,.,209
Kamleshbhai Kadodara,Kadodara,9825184965
Kamleshbhai Sevalia,Baroda,9825874492
Kamleshbhai Songadh,Songadh,"9737101824 , 209"
Kamleshbhai Songadh,Surat,9737101824
Kamleshbhai Vadgam W Old,Vadagam,9427647781
Kamleshbhai Vapi,Vapi,"7434022986 , 8160728411 , 7573011928"
Kamnath Auto Parts Kadi,Kadi,9898594266
Kanaiya Auto Garage Vyara,Vyara,9714444430
Kanaiya Automobiles Mahesana,Mahesana,9925651549
Kanaiya Earthmovers Vyara,Vyara,9714444430
Kanaiya Hardware & Tools Surat,Surat,"9227901711 , 9998023523 , 9913729129"
Kanaiya Hardware And Tools Bamroli Surat,Surat,"7046452913 , 70464052913"
Kanaiya Hardware Sachin,Sachin,"9881675584 , 8888423444"
Kanaiya Hardware Store Hojiwala Sachin,Surat,9909328328
Kanaiya Traders Surat,Surat,"9913729129 , 209"
Kanaiyalal Patel Himmatnagar,Himat Nagar,9825345484
Kanaknidhi Auto And Battery Points Surat,Surat,9624035000
Kanani Auto Care Katargam Surat,Surat,9825835298
Kanani Auto Sales Surat Sahara Darwaja,Surat,"9825835298 , 9426659135"
Kanishq Automobiles Manmad Mh,Nashik,9404570838
Kantibhai Bajipura,Bijapura,9979144145
Kantibhai Dhanera,Deesa,9898459759
Kantibhai Sachin,Surat,9662100332
Kanu Motors Nana Chiloda,Nana Chiloda,9409654040
Kanubhai Akhol Deesa,Deesa,9426705260
Kanubhai Hasot,Ankleshwar,9427132596
Kapadia Auto Spares Odhav Amd,Odhav,9898753357
Kapil Tractor Sarkhej,Sarkhej,"9427621003 , 9879054932"
Karam Auto Parts Chikhli U3 M S Old,Chikhli,"9824190049 , 9429085729"
Karan Auto Parts Mota Pondha,Valsad,6352365076
Karan Hardware Paint Ply Laskana,Kamrej-Laskana,"9913168403 , 9426121605 , 8108643676"
Karan Motors Chikhli,Navsari,"9904445787 , 9925051682"
Karan Motors Chikhli,Chikhli,"9904445787 , 9925051682"
Karan Traders Shahpur Ahmedabad,Ahmedabad,"209 , 9898083787"
Karanbhai Shah Rajpardi,Bharuch,9825566923
Karanshing Tharad,Tharad,"9824790885 , 9913161361"
Karimbhai Sarkhej,Sarkhej,9879140709
Karm Auto Ahmedabad Jasodnagar,Jasodnagar,9898072588
Karma Auto Parts Palanpur,Palanpur,"8980189203 , 9824638850"
Karmyash Auto And Tractor Sarkhej,Sarkhej,9825320809
Karmyogi Automobiles Vinchur Mh,Nashik,"9890304860 , 8055881358"
Karni Enterprise Kumbharia Saroli,Surat,9925244974
Karni Krupa Auto Parts Adipur Kutch,Kutch,"9427128813 , 9978497467"
Karni Motors Ashokbhai Deesa,Deesa,9998912573
Karsanbhai Dhoranpardi,Kamrej,9898132265
Karsanbhai Dhornpardi,Kamrej,9898132265
Karshanbhai Mundra,Mundra,9727980535
Kart Kreationz Vesu Surat,Surat,209
Kartik Tempo Spares Surat,Surat,9327447937
Kartik Tempo Spares Surat,Mahesana,209
Kartikbhai Desai Dhoranpardi,Kamrej-Amboli,"9825992421 , 9824994422"
Kasambhai Kim,Kim,9377262650
Kashyap Enterprise Gandhidham Kutch,Gandhidham,9638664747
Kasish Motors Songadh,Songadh,"9913123126 , 9974373217"
Kast Bhanjan Enterprise Surat,Surat,9879450898
Kausar Auto Center (Sd),Surat,209
Kaushal Associates Makarpura,Vadodara,"9374008322 , 9825372103"
Kaushal Marketing Haripura Ahmadabad,Ahmedabad,9426513762
Kaushikbhai Bardoli,Bardoli,9824417594
Kaveen Infra Solutions Pvt.Ltd. Kamrej,Surat,9099071412
Kayna Trading Company Sanand,Ahmedabad,9426516086
Kazi Automobiles Unn Sachin,Surat,9898767143
Kazi Motors Unn Surat Old,Surat,9898767143
Kedarnath Auto Agency Iqbalghadh,Palanpur,"6352445599 , 9427483984"
Kesar Auto Parts & Service Motera Ahemdabad,Ahmedabad,"8160961985 , 9427649893"
Kesar Automobiles Adalaj,Gandhi Nagar,"9859922999 , 7016608200"
Kesar Automobiles Deesa,Deesa,9859911999
Kesar Car Center Himmatnagar,Himat Nagar,9428185006
Kesar Enterprise Jolva Dahej,Bharuch,"8155985149 , 8511209562"
Kesar Enterprise Udhna Surat,Surat,"9824122863 , 8483028253"
Keshariya Auto Center Madhapar Kutch,Kutch,9727797773
Keshav Erthmovers Rajpardi,Bharuch,"9727730740 , 9727530740"
Keshav Marketing Deesa,Deesa,9925635864
Keshav Tractor And Auto Parts Mahesana,Surat,"9825688207 , 9879538593"
Keshav Tractor And Auto Parts Mahesana,Mahesana,"9825688207 , 9879538593"
Ketanbhai Anand,Anand,9228420171
Ketanbhai Karchaliya,Bardoli,9427120611
Ketanbhai Karjan,Karjan,9998619399
Ketanbhai Sarkhej,Sarkhej,209
Ketulbhai Kaalol,Kalol,"9428363202 , 9913022401"
Keval Auto Parts Bharuch,Bharuch,9824700997
Keval Auto Parts Vapi,Vapi,9824742144
Keval Automobiles Majalpur Baroda,Baroda,8758091666
Keval Enterprise Palanpur,Palanpur,9157108966
Keval Motors Vapi,Vapi,9824742144
Kevin Bhai Magdalla,Surat,9909041400
Keyurbhai Kamrej,Kamrej,9825757629
Keyurbhai Valsad,Valsad,8160180920
Khanbhai Hazira,Hazira,9978906915
Khandesh Motor Store Dhule,Dhule,9421532119
Kharodiya Automobiles Himmatnagar,Himat Nagar,"9537420871 , 209"
Khedut Agro Engineering Pvt Ltd Rajkot,Rajkot,"9979477666 , 9979900006"
Khedut Machinery Store Dharampur,Dharampur,9429530537
Khimaj Auto Parts Tharad,Tharad,9925487110
Khimaj Truck Garaj Tharad,Tharad,"9898693964 , 9925487110"
Khodal Agriculture Vyara,Vyara,"9727253108 , 8849000768"
Khodal Automobiles Ahmedabad,Ahmedabad,9825929951
Khodal Car Accessories & Auto Parts Anand,Anand,9925109532
Khodiyar Auto Agency Nana Varachha,Surat,9879906474
Khodiyar Auto Amreli,Amreli,209
Khodiyar Auto Parts Guj. Pavt. Ltd Ranoli,Baroda,9898098469
Khodiyar Auto Parts Jamnagar Sikkapatiya,Jamnagar,9033772555
Khodiyar Auto Parts Nagalpur Botad,Ahmedabad,7622931483
Khodiyar Auto Parts Punagam Surat 2 Old,Surat,"9925794236 , 9510484352"
Khodiyar Auto Parts Punagam Surat W Old,Surat,"9925794236 , 9510484352"
Khodiyar Auto Parts Surjitbhai Sarkhej,Sarkhej,8980334793
Khodiyar Auto Parts Visnagar,Visnagar,9374958038
Khodiyar Automobiles Kukarwada Vijpur,Himat Nagar,9925576803
Khodiyar Automobiles Mahesana,Mahesana,"9824971474 , 8401851134"
Khodiyar Automobiles Ratanpur Bhadaj,Bhadaj,"9428044531 , 9998722801"
Khodiyar Battery Magob Surat,Surat,9825680723
Khodiyar Enterprise Anjar,Kutch,"6359442319 , 8758128656"
Khodiyar Motocorp Private Limited,Surat,9173976303
Khodiyar Motor Garage Limbdi,Ahmedabad,7778972023
Khodiyar Motors,Surat,9909903571
Khodiyar Motors Anjar Kutch,Anjar,"9913751799 , 9726521230"
Khodiyar Motors Anjar Kutch Old,Anjar,"9913751799 , 9726521230"
Khodiyar Motors Navsari,Navsari,"9825514902 , 9427447105"
Khodiyar Motors Unn Surat,Surat,9909903571
Khodiyar Sales Adajan Surat,Surat,9924268949
Khodiyar Tractor Garage Kiritbhai Mandvi,Mandvi,9879165395
Khooshi Motors Chhani,Baroda,9924136153
Khus Enterprise Adajan Surat,Surat,209
Khushbu Auto Sales A.K. Road Surat,Surat,"9537787228 , 9099164838"
Khushbu Motors Randheja Chokadi,Gandhi Nagar,"9913720766 , 9173642786"
Khushbu Motors Randheja Chokdi,Gandhi Nagar,"9913720766 , 9173642786"
Khushi Auto Garege Khimmat,Deesa,9998867079
Khushi Automobiles Dindori M.H,Nashik,"9890153738 , 9960636738"
Khushi Automobiles Dondaicha M.H,Dhule,"9403259950 , 9422795509 , 9326096071"
Khushi Automobiles Dondaicha M.H.,Dhule,"9403259950 , 9422795509"
Khushi Motors Vinzol Amd,Ahmedabad,9712884343
Khushi Sales Ranoli,Ranoli,9924533377
Khushi Tractor Dindori,Nashik,"9890153738 , 9960636738"
Khushi Tractor Dindori M.H,Nashik,"9890153738 , 9960636738"
Kimraj Bearing Center Begampura Surat,Surat,9428868817
Kiran Auto Parts Dhariapur Ahmd,Ahmedabad,"9723595127 , 9824102705"
Kiran Enterprise Navagam,Rajkot,8238097810
Kiran Sales Corporation Hazira,Hazira,9925263309
Kiran Sales Corporation Jolwa Dahej,Bharuch,"7874922535 , 9426188487 , 9726166655"
Kiranbhai Gandhinagar,Gandhi Nagar,9737214330
Kiranbhai Himmatnagar,Himat Nagar,9925627725
Kiranbhai Raval Gandhinagar,Gandhi Nagar,9824058270
Kiranbhai Sardar Mkt Varachha,Surat,9824535050
Kiranbhai Vallabhbhai Parmar Kim,Kim,9925080204
Kiri Dineshkumar Murchandbhai Deesa,Deesa,"9909465229 , 7621888808"
Kirit Bhai Anand,Anand,9825378223
Kiritbhai Nana Chiloda,Nana Chiloda,9925410548
Kiritbhai Valak Patia,Kamrej-Laskana,209
Kirtanbhai Narol,Narol,209
Kirti Auto Agency Deesa,Deesa,9824354653
Kirti Automobiles Sarkhej Rupeshbhai,Sarkhej,9825166557
Kirti Automobiles Sarkhej Rupeshbhai Hw,Sarkhej,9825166557
Kirti Motors Mirzapur Ahmd,Mirzapur,9974164663
Kirti Sales Corporation Rajubhai Sarkhej,Sarkhej,9428407277
Kirti Sales Corporation Rajubhai Sarkhej Hw,Sarkhej,9428407277
Kirtibhai Khedbrahma,Himat Nagar,9898743844
Kirtibhai Mahesna,Mahesana,"9825075832 , 9825061195"
Kisaan Agriculture Works Bodeli,Bodeli,9924881052
Kisaan Enterprise Udhiyog Nagar Kamrej Hw,Kamrej,"9427555559 , 9377445599"
Kisan Tractor Mandavi,Mandvi,"9574145000 , 8320176186"
Kisan Tractor Parts Yeola Mh,Nashik,9822852937
Kisan Tractor Parts Yeola W Mh,Nashik,9822852937
Kisan Tractors Spares Bardoli,Bardoli,9979334346
Kisan Trector & Auto Parts Satlasana,Siddhpur,9428848574
Kishan Auto Oil Kamrej,Kamrej,9825742501
Kishan Automobiles Dhanera,Deesa,9427043140
Kishan Automobiles Vijapur,Vajapur,9426879645
Kishan Engineering Store Hasot,Ankleshwar,9427132596
Kishan Enterprise Nadiyad,Nadiad,9909424707
Kishan Kalyan Traders Mandvi Kutch,Kutch,9879321275
Kishan Motors Dhanera,Deesa,"9426359625 , 9426659625"
Kishan Plast India Bhatena Surat,Surat,8320212234
Kishan Tractor Gareej Chhota Udepur,Baroda,8955796009
Kishan Tractor Karcheliya,Bardoli,7567705432
Kishan Tractor Parts & Services Vyara,Vyara,"9825122309 , 8000951562"
Kishan Tractor Parts And Service Vyara,Vyara,"8000951562 , 9825122309"
Kishan Tractor Parts And Service Vyara,Madhi,209
Kishan Tractors Gadhsisha,Kutch,9879782754
Kishan Traders Gandhidham,Gandhidham,7405044991
Kishan Traders Sachin,Sachin,"8469211175 , 9427473950"
Kishan Traders Sachin,.,"8469211175 , 9427473950"
Kishan Trading Co.Dabhoi,Dabhoi,9909450104
Kishan Trading Co.Palej,Palej,8401829192
Kishan Trading Company Bhathena Surat,Surat,9824817229
Kishanbhai Akhol Deesa,Deesa,9427044366
Kishmat Automobiles Rajpardi Zagadiya,Rajpardi,9925021627
Kishor Auto Parts Sikka Patiya,Jamnagar,"9909330333 , 209"
Kishor Automobiles Sarda Circle Nashik M.H.W,Nashik,9552445526
Kishor Motors Panchavati Nashik Mh,Nashik,"9822596944 , 9503444449"
Kishor Motors Panchavati Nashik W Mh,Nashik,"9822596944 , 9503444449"
Kishorbhai Kamrej,Kamrej,9428456136
Kishorbhai Mandvi,Mandvi,9879165612
Kishorbhai Sarkhej,Sarkhej,9879029325
Kishorbhai Vapi,Vapi,209
Kismat Auto Electronics Navipardi,Kamrej-Amboli,"7096145437 , 8487925080"
Kissan Automotive Sarkhej,Ahmedabad,9428047258
Kissan Tractor Parts Sarkhej,Sarkhej,"9824324223 , 9426401958 , 9428047258"
Kk Enterprise Chhapi,Palanpur,"9724390032 , 9054110032"
Kohinoor Automobiles Himatnagar,Himat Nagar,9824158508
Kohinoor Automobiles Khedbrahma,Ider,"9427613280 , 9428644943"
Kohinoor Tyres Nandurbar,Nandurbar,"9422825674 , 9665759964"
Komal Enterprise Sarkhej,Sarkhej,7600830655
Kothari Enterprise Sosyo Circle Surat,Surat,"9979729989 , 9426669740"
Kp Trucking Private Limited Ankleshwar,Ankleshwar,"6358012387 , 6358012386"
Krimal Auto Spars Viratnagar Ahmd,Viratnagar,9825150316
Krimal Auto Spars Viratnagar Ahmd Old,Viratnagar,9825150316
Krimal Auto Spars Viratnagar Ahmd W Old,Viratnagar,9825150316
Krish Auto Store Sarda Circle Nashik Mh,Nashik,7058903252
Krisha Automobiles Gandhinagar,Gandhi Nagar,"9574096208 , 7984962845"
Krisha Enterprise Rajkot,Rajkot,"9998843355 , 9099789611"
Krishiv Motors Kamrej,Surat,9904210728
Krishna Agencies Bardoli,Bardoli,"9537221312 , 9925893173"
Krishna Agencies Songadh,Songadh,9426869355
Krishna Agency Vapi,Vapi,9427725551
Krishna Agency Vapi,Baroda,9824625598
Krishna Agensies Jivrajpark Ahmedabad,Jivrajpark,9313617774
Krishna Auto Center Rajkot,Rajkot,"9429045337 , 9925891533"
Krishna Auto Electric Sarkhej,Ahmedabad,9825063530
Krishna Auto Parts Dharmeerbhai Vapi,Vapi,"8000012276 , 8690581887"
Krishna Auto Parts Hazira Rth,Surat,209
Krishna Auto Parts Hazira,.,9737018333
Krishna Auto Parts Natubhai Vapi,Vapi,"8980282384 , 9586044865"
Krishna Auto Parts Santrampur Lunawada Road,Godhra,9925587002
Krishna Auto Parts Sola Ahmedabad,Sola,"8511965676 , 9426426619"
Krishna Auto Parts Vapi,Bhilad,"8980282384 , 9586044865"
Krishna Automobiles Bhatiya,Porbandar,"8000009951 , 9687300045"
Krishna Automobiles Kadodara,Kadodara,9824574044
Krishna Automobiles Karjan,Karjan,"8141054670 , 9825382943"
Krishna Automobiles Mineshbhai Sighrwa Odhav,Odhav,"9714548245 , 9824639135"
Krishna Automobiles Radheja Chokdi,Mahesana,8401522420
Krishna Automobiles Timbdi Patiya Morbi,Morbi,9825620144
Krishna Creation Surat,Surat,9825248187
Krishna Earth Movers Bharuch,Bharuch,209
Krishna Earthmovers Parts Bharuch,Bharuch,"9106645189 , 7698642207"
Krishna Earthmovers Sarkhej,Sarkhej,9033816765
Krishna Earthmovers Sarkhej Hw,Sarkhej,9033816765
Krishna Enterprise Adalaj,Adalaj,9427616443
Krishna Enterprise Dahej,Dahej,"6377385459 , 9116847782"
Krishna Enterprise Rajkot,Rajkot,9998843355
Krishna Hardware & General Stores Zankhavav,Surat,9904821374
Krishna Hardware Stores Sachin,Sachin,9724242286
Krishna Hydro Spares Anjar,Anjar,9825468842
Krishna Hydroline Mudra,Kutch,9825006739
Krishna Hydroline Mudra,Mundra,9825006739
Krishna Hydroline Mudra Old,Mundra,9825006739
Krishna Marble Bharuch,Bharuch,9825922522
Krishna Motor Parts Lambha Ringroad Aslali,Aslali,"9825586494 , 9825582453"
Krishna Motors Arvindbhai Odhav,Odhav,9426326195
Krishna Motors Diamond Nagar Hw,Kamrej,8469645246
Krishna Motors Diamond Nagar,Kamrej,8469645246
Krishna Motors Hazira,Hazira,"9824700243 , 9824535050"
Krishna Motors Kamrej,Kamrej,9909507467
Krishna Motors Kaushikbhai Bardoli,Bardoli,9824417594
Krishna Motors Sardar Mkt Varachha,Surat,9824535050
Krishna Nut Bolts Centre Anand,Anand,"7984434411 , 9428403498"
Krishna Raj Automobiles Karjan,Karjan,9974657808
Krishna Tractor & Auto Electrical Parts Akhol Deesa,Deesa,9824155652
Krishna Tractor Ankleshwar,Ankleshwar,9427167953
Krishna Tractor Chhota Udepur,Baroda,"9974555222 , 9712694420"
Krishna Tractor Hazira,Hazira,9898730309
Krishna Tractor Parts Bodeli,Bodeli,"9428690631 , 9586047947"
Krishna Tractor Parts Yevla Mh,Nashik,9822852937
Krishna Tractor Parts Yevla W Mh,Nashik,9822852937
Krishna Tractor Rajkot,Rajkot,9825075489
Krishna Tractor Shahada Mh,Shatana,8600188740
Krishna Traders Varachha Surat,Surat,9377433856
Krishnakant R Panchal Jhagadia,Bharuch,9033545956
Kriyu Lubricants Vyara,Vyara,9825683256
Krrish Automobiles Gola Gamdi Sankheda,Bodeli,"9913187811 , 209"
Krupa Traders Halol,Halol,"9824374901 , 9099797746"
Krupal Auto Agency Navagam Rajkot,Rajkot,7990144731
Krushna Automobiles Satana,Nashik,"8806944724 , 8484940008"
Krushna Automobiles Satana M.H.,Shatana,"8806944724 , 8484940008"
Krushna Automobiles Satana M.H.W,Shatana,"8806944724 , 8484940008"
Krushna Automobiles Satpur Nashik Mh,Nashik,7722099337
Krushna Automobiles Satpur Nashik Mh Old,Nashik,7722099337
Krushna Motors Shahada,Nandurbar,"8600064999 , 9423905284"
Kuber Auto Parts Jubelibaug Baroda,Baroda,9737111189
Kuber Electricals Sachin,Sachin,9537983272
Kuldeep Enterprise Dharmpur,Dharampur,"7226936424 , 9327069049"
Kuldevi Auto Dharampur,Dharampur,"7226936424 , 9327069049"
Kuldevi Auto Parts Velanja Hw Old,Sayan,8140335586
Kuldevi Auto Parts Velanja,Sayan,8140335586
Kuldevi Auto Parts Velanja U4 Old,Sayan,8140335586
Kuldevi Motors Garage & Spare Deesa,Deesa,"9662121488 , 8849032088"
Kuldip Auto Parts Pipodra Kim,Surat,9737747526
Kuldip Auto Store Vasda,Vasda,9925976444
Kuldip Auto Store Vasda Hw,Vasda,9925976444
Kulswamini Traders Nashik Mh,Nashik,"9850286912 , 9763993439"
Kulswamini Traders Nashik W Mh,Nashik,"9850286912 , 9763993439"
Kumar Auto And Tractor Bharuch,Bharuch,9824739370
Kumar Automobiles Sarkhej Hw,Sarkhej,9824516878
Kumar Automobiles Sarkhej,Sarkhej,9824516878
Kumar Tractor And Auto Parts Vapi,Vapi,9825111474
Kumar Tractors And Auto Parts Junagadh,Junagadh,9427733334
Kunal Industrial Kamrej,Kamrej,9925152423
Kunal Motors Parle Point Surat,Surat,9374720782
Kunalbhai Chikhli,Chikhli,9924797405
Kunalbhai Satana,Nandurbar,7083097689
Kundanbhai Deesa,Deesa,9427536562
Kundanbhai Patel Mahesana,Mahesana,"7818072380 , 9913099510"
Kunj Enterprise Simada Naka Surat,Surat,9819445473
Kush Auto Parts Magdalla,Hazira,"9824490337 , 9825765032 , 7600033800"
Kushumbhai Varcha,Surat,9898456380
Kutch Marketing Gandhidham,Gandhidham,9426730422
Kutch Motors Madhapar Bhuj,Kutch,"9727747777 , 8347797777"
Kutch Oil Depo Gandhidham,Gandhidham,9408440005
Kyara Enterprise Ankleshwar,Ankleshwar,"7041270812 , 9537255081 , 9558182583"
L G Auto Parts Mirzapur,Mirzapur,9879799077
L M Automobiles Akhol Deesa,Deesa,"9714466873 , 8200349781"
L M Motor Deesa,Deesa,"9714466873 , 8200349781"
L N T Work Dahej,Bharuch,"9998087771 , 9909960888"
L N T Work Dahej,Dahej,209
L N Tile Traders Sachin,Sachin,9824158208
Labdhi Enterprise Surat,Surat,9924780132
Labh Automobels Virpur,Godhra,9427388255
Labh Motors Sarkhej,Ahmedabad,"7096887134 , 9428024286"
Labh Tools & Hardware Dholka,Dholka,"9974941110 , 8347034570"
Labh Tools & Hardware Dholka,.,"9974941110 , 8347034570"
Labheshvar Marble & Granites Netrang,Bharuch,"9723550055 , 7096550055 , 9537550055"
Labheshwar Marble And Granite Ankleshwar,Ankleshwar,8511550055
Labheshwar Marble And Granite Rajpardi,Rajpardi,9879550055
Lala Motors Porbandar,Porbandar,9825546418
Lalabhai Bhuj,Bhuj,9429341782
Lalabhai Narol,Narol,"9426756152 , 9327005680"
Lalabhai Vapi,Valsad,"9825463956 , 8849586296"
Lalit Automobiles Anand,Anand,9376222697
Lalit Automobiles Mehsana,Mahesana,"9510017931 , 8490859540"
Lalit Enterpries Udhna Surat,Surat,"8238631533 , 9638693507"
Lalitbhai Amroli,Surat,9913526758
Lalitbhai Gandhinagar,Gandhi Nagar,9925527720
Lalu Automobilesh Halol,Halol,9825466599
Lalubhai Sevani,Tadkeshwar,9726982781
Lata Auto Parts Kheralu,Siddhpur,"9427832581 , 7383591018"
Lathiya Spare And Redair Varaccha,Surat,"9879750484 , 209"
Laveen Automobiles Dwarka Nashik Mh,Nashik,9371311313
Laveen Automobiles Dwarka Nashik W Mh,Nashik,9371311313
Laxmi Agencies Bardoli,Bardoli,9016846400
Laxmi Auto Agency Gandhidham,Gandhidham,"9979340600 , 9879714589"
Laxmi Auto Centere Padana Gandhidham,Gandhidham,9909882283
Laxmi Auto Electric Gandhidham,Gandhidham,"9925574825 , 9998487414"
Laxmi Auto Parts & Batteries Dholka,Dholka,"9726635999 , 8320067855"
Laxmi Auto Parts & Batteries Dholka Hw,Dholka,"9726635999 , 8320067855"
Laxmi Auto Parts Kheralu,Siddhpur,9574442230
Laxmi Auto Parts Mandvi,Mandvi,"9687537985 , 6359568361"
Laxmi Auto Parts Pali Limkheda,Godhra,"9426595133 , 7874255959"
Laxmi Automobiles Mehsana,Mahesana,9426281732
Laxmi Automobiles Nakhtrana,Kutch,9825748482
Laxmi Automobiles Tarsali Baroda,Vadodara,"9099729333 , 7990230542"
Laxmi Automobiles Thara,Tharad,9427044584
Laxmi Automobiles Visnagar,Visnagar,"9727932833 , 9998829321"
Laxmi Car Accessorise Surat,Surat,"7990982405 , 9927475096"
Laxmi Engineers Olpad,Sayan,"209 , 9601299148"
Laxmi Enterprise Adajan Surat,Surat,209
Laxmi Enterprise Aslali,Ahmedabad,8607889949
Laxmi Hardware Pipodra,Kim,"9913922368 , 9974138984"
Laxmi Hydraulic Hazira,Hazira,9974115109
Laxmi Hydraulic Parts Vapi,Vapi,9824442380
Laxmi Krupa Agencies Surat,Surat,9913728581
Laxmi Metallics Sachin,Sachin,9687320000
Laxmi Metallics Sachin,Surat,209
Laxmi Motors Nadiyad,Nadiad,9537011198
Laxmi Motors Nakhatrana,Kutch,9825748482
Laxmi Motors Sevalia,Baroda,9825874492
Laxmi Motors Sevalia Old,Baroda,"9825874492 , 8460074862"
Laxmi Oil Trading Co. Mansa,Gandhi Nagar,9429482683
Laxmi Sales Corporation Jolva Dahej,Bharuch,"7567932727 , 9601755991"
Laxmi Tractor Parts Tejgadh,.,"6353597906 , 8160693705"
Laxmi Traders Kamrej,Kamrej,9925494360
Laxmi Trading Co Dahej Chokdi,Bharuch,9408596267
Laxmikantbhai Mandvi,Mandvi,9978946246
Leyland Automobiles Anand,Anand,9825281427
Leyland House Chandkheda,Chandkheda,9898721701
Leyland House Hazira,Hazira,"9227439425 , 9227453551"
Leyland House Ranoli,Ranoli,9898230580
Linkan Traders Bharuch,Bharuch,9624323689
Lion Auto Agency Valsad,Valsad,9427129233
Lion Motors Modasa,Modasa,9428198578
Liver Batteries Maroli,Navsari,"9879539384 , 7016297329"
Loyela Maruti Motors Nadiyad,Nadiad,"9773263247 , 9998905601"
Lube Plus Kamrej,Kamrej,9898707013
Lube Plus Kamrej W Old,Kamrej,9898707013
Lubh Adhesive And Engineering Co Ghodasa,Ahmedabad,"9512784284 , 9512784294"
Lubrico Billimora,Navsari,9824147579
Lucky Auto Garage Panthawada,Deesa,9601130321
Lucky Auto Parts & Garage Palsana,Palsana,"9904096047 , 9998303600"
Lucky Auto Parts Shahada M.H.,Nandurbar,"9421484708 , 9923338808"
Lucky Automobiles Kanodar,Palanpur,9904431143
Lucky Enterprise Vapi,Vapi,8690854013
Lucky Garage And Service Station Bavla,Bavla,9898098305
Lucky Hydraulic Parts Vapi,Vapi,8690854013
Lucky Lubricants & Auto Parts Garage Kosamba,Kosamba,"9879323349 , 7878582211"
Lucky Motors Ahmedabad Thaltej,Ahmedabad,"9824465486 , 9825533355"
Lucky Oil Traders Sarkhej,Sarkhej,"9825849458 , 8530807863"
Luman Industries Limited Uttrakhand Sale,Haridwar,209
Luman Marketing Delhi,Delhi,9911241965
M A Automotive Ajva Road Baroda,Baroda,9898036370
M A Diesel Motors Truck Kim,Kim,"8197649972 , 7068970596"
M Automobile Mirzapur,Mirzapur,8866220096
M B A Ranoli Baroda,Vadodara,"9825105061 , 9327212207"
M B Deesa,Deesa,"209 , 9427536562 , 7046264647"
M D Auto Parts Bhavnagar,Bhavnagar,"9374621713 , 7878742278"
M J Auto And Electric Baroda,Baroda,"9376248031 , 9726979258"
M J Electricales Surat,Surat,"9824172470 , 9925799803"
M K Auto Co Baroda Rth,Surat,209
M K Auto Corporation Birenbhai Baroda,Baroda,"9574215479 , 9825066028"
M K Auto Corporation Birenbhai Baroda,Surat,"209 , 9574941129"
M K Auto Corporation Birenbhai Baroda,Ahmedabad,209
M K Automobiles Lasalgaon Mh,Nashik,"9765741786 , 7841864486"
M K Motors Chhani Baroda,Baroda,9904053315
M K Tractor Traders Chikhli,Chikhli,9824736066
M M Auto Parts Godhara,Godhra,9998942245
M M Auto Parts Palanpur,Palanpur,9925428480
M M Automobiles Sanand Chokdi Sarkhej,Sarkhej,"9924560657 , 209"
M M Motors Dhulia M.H,Dhule,9422296335
M Mehta Autolines Bhestan Surat,Surat,"9825420141 , 9227120141"
M N Agro Indu Velnja Sayan,Sayan,"9904858883 , 9904858886"
M P Enterprise Bharuch,Bharuch,"9227435619 , 9227435620"
M P Motors Satelite Ahmedabad,Ahmedabad,8488824632
M P Motors Satelite Ahmedabad,Himat Nagar,8980010473
M R Enterprise Vyara,Vyara,"6351081215 , 9898981376 , 209"
M S Auto Parts Golden Chokdi,Baroda,"9638593159 , 8320042633"
M S Auto Spare Parts Borsad,Anand,"9586843405 , 9104237283 , 9825531795 , 982553179"
M S Earthmovers Danta,Siddhpur,"9913256756 , 9427082294"
M S Motor Parts Kim,Kim,9512601331
M S Motors Shoebbhai Narol,Narol,"9429893158 , 8320598680"
M S Sales Salimbha Narol Ahmedabad,Narol,9879815751
M Z Plus Auto Kamrej,Kamrej,"9909955088 , 9824479999"
M Z Plus Kamrej Rth,Surat,209
M.H. Lubricants Himatnagar,Himat Nagar,7016468416
M2K Enterprise Mirzapur,Ahmedabad,9825962000
Maa Ambe Auto Parts Sachin,Sachin,"9920662784 , 9327455154"
Maa Ambe Auto Parts Sachin Hw,Sachin,"9920662784 , 9327455154"
Maa Ashapura Auto Parts Naroli Silvassa,SILVASSA,"9662622839 , 9824122839"
Maa Auto Parts Ranoli,Ranoli,8000441400
Maa Brahmani Auto Parts Panthawada,.,9979924536
Maa Chamunda Auto Parts Sankeshvar,Patan,"9904865647 , 7878954722"
Maa Gayatri Tractor Parts Bodeli,Bodeli,9879077515
Maa Kali Auto Kadodara,Kadodara,"209 , 9664601198"
Maa Khodal Auto Parts Anand,Anand,"9925109532 , 9228162677"
Maa Krupa Auto Spares Atul Valsad,Valsad,"209 , 9825214474"
Maa Krupa Sofa Collection Bharuch,Bharuch,9624279706
Maa Krupa Tractor Parts Buhari,Valsad,9712797500
Maa Motors And Tractor Radhanpur,Radhanpur,"8238068735 , 8980186623 , 8283068735"
Maa Motors Garage Limbdi,Ahmedabad,9924252024
Maa Natraj Tyre Mandvi,Mandvi,9979367847
Maa Varahi Automobiles Mahesana,Mahesana,"7698345670 , 9714074109"
Maan Trade Bhavnagar,Bhavnagar,"9328432552 , 8200030366 , 9426450609"
Maarg Agency Ujala Chami Sarkhej,Ahmedabad,9824123729
Machinery Spares Corporation Vapi,Vapi,"9825128491 , 9913188444"
Madan Suthar Dhanera,Deesa,"8320314484 , 9712341760"
Madan Suthar Dhanera,.,209
Madan Trading Co. Nashik Mh,Nashik,"9225102282 , 8275567456"
Madani Auto Garage Karjan,Vadodara,9998265548
Madani Auto Garage Karjan,Karjan,209
Madhav Auto And Tractor Kamrej Hw,Kamrej,9429556571
Madhav Auto And Tractor Kamrej,Kamrej,9429556571
Madhav Auto Electric Ranoli,Vadodara,"9327798784 , 7623957592"
Madhav Auto Parts Ankleshwar Hw,Ankleshwar,"9662222175 , 9979656406"
Madhav Auto Parts Ankleshwar,Ankleshwar,"9662222175 , 9979656406"
Madhav Auto Parts Ankleshwar W Old,Ankleshwar,"6962222175 , 9979656406"
Madhav Battery Sayan,Sayan,"9825557627 , 9879575008"
Madhav Battery Sayan,Surat,"9825557627 , 9879575008"
Madhav Machine Tools Kamrej,Kamrej,9825757629
Madhav Traders Kamrej Old,Kamrej,9825371454
Madhav Traders Kamrej,Kamrej,9825371454
Madhav Trector Vankal Dharampur,Dharampur,9825057097
Madhu Enterprise Waghodia,Baroda,9879535667
Madhukar Spares Deesa,Deesa,9428024980
Madhupushpa Automobiles Sinnar Pahata Mh,Nashik,8550966773
Madhupushpa Automobiles Sinnar Pahata Mh Old,Nashik,8550966773
Madhupushpa Automobiles Sinnar Pahata W Mh,Nashik,8550966773
Madhupushpa Automobiles Sinnar Pahata W Mh Old,Nashik,8550966773
Madhuram Automobiles Kamrej,Kamrej,9725360150
Madhuvan Automobiles Prachi,Junagadh,9277752503
Madni Automobiles Himatnagar,Himat Nagar,"9426046918 , 9426391388"
Madni Oil Center Kim,Kim,9925888540
Maganbhai Laskana,Kamrej-Laskana,9737747526
Maganbhai Pipodra,Kim,9879922074
Maganbhai Rajput Laskana,Kamrej,9737747526
Mahadev Enterprise Navsari,Navsari,9325052283
Mahadev Auto Garage Ankleshwar,Ankleshwar,7405404919
Mahadev Auto Parts & Care Mandvi,Mandvi,"9586219800 , 9537309588"
Mahadev Auto Parts Ankitbhai Motavarachha Surat,Surat,"9998082038 , 9898682038"
Mahadev Auto Parts Gondal Rajkot,Rajkot,"9825375201 , 9016803929"
Mahadev Auto Parts Iqbalgadh,Ahmedabad,"209 , 8780457730 , 8530143325"
Mahadev Auto Parts Madhapar Kutch,Kutch,
Mahadev Auto Parts Umbhel,Kadodara,"9377149126 , 209"
Mahadev Auto Parts Varachha,Surat,"9898682038 , 9978202727"
Mahadev Auto Spare Bardoli,Bardoli,
Mahadev Auto Spares Bardoli,Bardoli,9913434033
Mahadev Automobile Mehsana,Mahesana,9664997175
Mahadev Automobile Mehsana W Old,Mahesana,9664997175
Mahadev Automobiles Diamondnagar Surat,Kamrej,"9979655926 , 9925044415"
Mahadev Automobiles Diamondnagar Surat Hw,Kamrej,9979655926
Mahadev Automobiles Diamondnagar Surat,Kamrej-Laskana,9979655926
Mahadev Enterprise Bokhira Porbanader,Porbandar,"9825252306 , 9913333844"
Mahadev Enterprise Daskroi,Ahmedabad,8200012841
Mahadev Hardware & Tools Makkarpura Baroda,Vadodara,"8828044260 , 8118843816"
Mahadev Hardware Kamrej,Kamrej,"9879425605 , 9909330446"
Mahadev Motors Bodeli,Bodeli,"9879466494 , 9773439922"
Mahadev Motors Dhanera,Deesa,"9924933805 , 9638274624"
Mahadev Motors Palsana,Palsana,9824625151
Mahadev Motors Rajubhai Bardoli,Bardoli,9913434033
Mahadev Tractor Garage Utavali Chokdi Dabhoi,Dabhoi,7080638266
Mahakal Agency Saroli,Surat,"9898604368 , 7003359079"
Mahakal Auto Electrician Kedagoan Mh,Nashik,9595951685
Mahakali Auto Parts Khambhat,Padra,9824432804
Mahakali Auto Parts Limbadi,Dhanduka,9904136083
Mahakali Auto Spare Chandlodia,Chandlodia,"9924395083 , 9723182220"
Mahakali Car Care & Washing Talegadh Satlasn,Mahesana,"9898292227 , 9978274039 , 7861078513"
Mahakali Car Care Ahmedabad Adalaj,Ahmedabad,"9974647133 , 9173440591"
Mahakali Engineering Mehsana,Mahesana,7990702380
Mahakali Enterprise Umiya Dham Surat,Surat,"9924400169 , 9979141657"
Mahakali Oil & Auto Parts Satlasna,Siddhpur,9429226210
Mahakali Oil & Auto Parts Satlasna,.,209
Mahakali Pipe & Fitting Baroda,Baroda,"8866551848 , 9723070803"
Mahalaxmi Auto Parts Deesa,Deesa,9429530566
Mahalaxmi Automobiles And Service Center Panchale Mh,Nashik,"9579710714 , 8459722968"
Mahalaxmi Automobiles And Service Center Panchale W Mh,Nashik,"9579710714 , 8459722968"
Mahalaxmi Automobiles Modasa,Modasa,9979920390
Mahalaxmi Battery Auto Electric Works Kadi,Kadi,"9824720957 , 9265721558 , 209"
Mahalaxmi Enterprise Baroda,Baroda,9587366179
Mahalaxmi Enterprise Bhilwara Rajasthan,Bhilwada,"7069644191 , 9680402497"
Mahalaxmi Enterprise Kholwad Kamrej,Kamrej,"9824198580 , 8733870721"
Mahalaxmi Enterprise Madanbhai Dahej,Dahej,"9427460409 , 9601433493"
Mahalaxmi Hardware And Textile Parts Hoziwala,Sachin,"9898304881 , 9909404825"
Mahalaxmi Marketing Jolwa Kadodara,Kadodara,9116978205
Mahalaxmi Nut Bolt Palanpur,Palanpur,9426240848
Mahalaxmi Oil Trading Valsad,Valsad,8160180920
Mahalaxmi Spares Parts Girone Mh,Nashik,"9011193121 , 9890576869"
Mahalaxmi Spares Parts Girone W Mh,Nashik,"9011193121 , 9890576869"
Mahalaxmi Textile Traders Sachin,Sachin,9909404825
Mahalaxmi Tractor And Compressor Dhuliya,Dhule,"9822950024 , 9421534920"
Mahalaxmi Traders Anand,Anand,"9924451793 , 9727262608"
Mahalaxmi Traders Asharwa Ahmedabad,Ahmedabad,9998338055
Mahalaxmi Traders Sarkhej,Sarkhej,"9998844526 , 8460492759"
Mahalaxmi Trading Jholwa Co. Dahej,Dahej,7226897536
Maharaja Auto Sales Kamrej,Kamrej,9825136762
Maharaja Motors Malegon Mh 2 Old,Malegaon town,209
Maharaja Motors Malegon Mh W Old,Malegaon town,209
Maharaja Tractors Malegaon Mh 2 Old,.,209
Maharaja Tractors Malegaon Mh Old,Malegaon town,7020661041
Maharaja Tractors Malegaon Mh W Old,Malegaon town,7020661041
Maharashtra Motor Garage Chanvad Mh,Nashik,"9423180151 , 9881917612"
Maharashtra Motors Garage Chandwad Mh,Nashik,"9423180151 , 9881917612"
Maharastara Tranport Dhule,Dhule,"9422336672 , 9922351635"
Maharastra Automobiles Navapur,Nandurbar,209
Maharastra Motors Garage Chandwad Mh Old,Nashik,"9423180151 , 9881917612"
Maharastra Motors Garage Chandwad Mh W Old,Nashik,"9423180151 , 9881917612"
Maharastra Tradars Navapur,Nandurbar,"9545838115 , 9421136932 , 8830458611"
Mahashakti Auto Parts Patan,Patan,9925938649
Mahashakti Auto Parts Shahibaug Ahmedabad,Ahmedabad,8758628842
Mahashakti Automobiles Odhav,Odhav,9725521301
Mahashakti Automobiles Odhav Hw,Odhav,9725521301
Mahatma Motors Malegaon Mh,Malegaon town,"9860156057 , 9823617790"
Mahatma Motors Malegaon Mh,.,209
Mahaveer Enterprises Sarkhej,Ahmedabad,9057230732
Mahaveer Enterprises Sarkhej,Sirohi,9414153657
Mahaveer Motors Aburoad,Sirohi,9414153657
Mahaveer Motors Aburoad,Ajmer,"9057230732 , 7734832331 , 9414153657"
Mahaveer Motors Sumerpura Rajasthan,Ajmer,"9057230732 , 7734832331 , 9414153657"
Mahaveerbhai Malegaon,Malegaon town,"9828111225 , 9637471263"
Mahavir Auto Center Sarkhej,Sarkhej,"7573071614 , 8734027488 , 209"
Mahavir Auto Parts Karcheliya,Bardoli,9427120611
Mahavir Auto Parts Karcheliya Hw,Bardoli,9427120611
Mahavir Auto Parts Limbadiya Chokdi Lunavada,Godhra,9913071802
Mahavir Auto Parts Mirzapur,Mirzapur,9033097930
Mahavir Auto Parts Santalpur,Radhanpur,9427552285
Mahavir Automobiles Golden Chokdi Baroda,Vadodara,"9377395259 , 9664948870"
Mahavir Automobiles Mayurbhai Sarkhej,Sarkhej,209
Mahavir Automobiles mayurbhai Sarkhej Amd,Sarkhej,"9426080052 , 9978462153"
Mahavir Automobiles Naroda Memko,Naroda,9879181692
Mahavir Automobiles Naroda Memko Hw,Naroda,9879181692
Mahavir Automobiles Nileshbhai Vapi,Vapi,9909913643
Mahavir Automobiles Nileshbhai Vapi U4 Old,Vapi,9909913643
Mahavir Automobiles Niphad Mh,Nashik,"9370290778 , 9860374999"
Mahavir Automobiles Niphad Mh,Surat,"9370290778 , 9860374999"
Mahavir Automobiles Niphad W Mh,Nashik,"9370290778 , 9860374999"
Mahavir Automobiles Sarkhej Amd,Ahmedabad,"9978462153 , 9426080052"
Mahavir Automobiles Spares & Service Panchvati Nashik Mh,Nashik,"9423228628 , 9822821242"
Mahavir Automobiles Vani Mh,Nashik,"8329431774 , 9420592820 , 9588686912"
Mahavir Automobiles Vani W Mh,Nashik,"8329431774 , 9420592820 , 9588686912"
Mahavir Corporation Surendranagar,Surendra Nagar,80008782324
Mahavir Electrical Ankleshwar,Ankleshwar,"9099972447 , 9099972446"
Mahavir Enterior Shop Adajan Surat,Surat,"9825279117 , 9825432170"
Mahavir Enterprise Dhule Mh,Dhule,"9423982135 , 9404550864"
Mahavir Enterprise Jolwa Dahej,Dahej,9998039512
Mahavir Enterprise Udhana Surat,Surat,9426630748
Mahavir Motors Mahuva,Bardoli,"9426455622 , 9426924332"
Mahavir Motors Sarkhej,Sarkhej,9824369878
Mahavir Motors Shahada M.H,Nandurbar,"9422792498 , 8888880575"
Mahavir Motors Vapi,Vapi,"9327605024 , 9904551040"
Mahavir Motors Waghodiya Chokdi Baroda,Baroda,"7575098777 , 75677589833"
Mahavir Oil Center Surat Rander,Surat,9106817345
Mahavir Oil House Surendranagar,Surendra Nagar,"9879345765 , 7573844404"
Mahavir Sales Corporation Ankleshwar,Ankleshwar,9428324969
Mahavir Tractor And Bearing Anand,Anand,7777973705
Mahavir Traders Naroda Krishna Nagar,Naroda,9825384225
Mahavirsingh Rajput Deesa,Deesa,"9725966771 , 9974055062"
Mahendrabhai Bayad,Bayad,8469181871
Mahendrabhai Dahej,Dahej,9624340943
Mahendrabhai Icchapor Hazira,Hazira,209
Mahendrabhai Icchapor Hazira,Surat,9904990498
Mahendrabhai Jolva Dahej,Bharuch,"8155985149 , 8511209562"
Mahendrabhai Vasda,Vasda,"9737376773 , 9723220253 , 9428013534"
Mahesana Auto Agencies Umbhel,Kadodara,9099256311
Mahesana Auto Agency Palanpur,Palanpur,"9925440528 , 9925732105"
Mahesana Auto Parts Vipulbhai Ankleshwar,Ankleshwar,9374499099
Mahesana Automobiles Ichhapor Hazira,Hazira,9327855222
Mahesana Automobiles Kadodara,Kadodara,"9824272688 , 9426013359"
Mahesana Automobiles Sevalia,Baroda,9998857887
Mahesana Automobiles Vinodbhai Ankleshwar,Ankleshwar,9825636957
Mahesana Motors Baroda,Baroda,9925467347
Mahesana Motors Baroda Old,Baroda,9925467347
Mahesh Auto Store Amreli,Amreli,9624888884
Mahesh Automobile Deesa,Deesa,9924975996
Mahesh Automobiles Chalisgaon,Dhule,9764031717
Mahesh Automobiles Mirzapur,Mirzapur,"9998311281 , 9979856245"
Mahesh Automobiles Radhanpur,Radhanpur,9909887353
Mahesh Enterprise Mirzapur 2 Old,Mirzapur,"9998311281 , 9979856245"
Mahesh Enterprise Mirzapur Old,Mirzapur,"9998311281 , 9979856245"
Mahesh Enterprise Mirzapur,Mirzapur,"9998311281 , 9979856245"
Mahesh Motors Stores Sabarmati,Sabarmati,9825384961
Mahesh P Sanghvi Sarkhej,Sarkhej,9409112243
Mahesh Vidyut Udyog Baroda,Baroda,9825050588
Mahesh Vidyut Udyog Baroda W Old,Baroda,9825050588
Maheshbhai Aasodar Chokdi,Anand,"9909599352 , 209"
Maheshbhai Bapunagar Memko,Memko,9723502322
Maheshbhai Deesa,Deesa,9924975996
Maheshbhai Dehgam,Dehgam,"9879477141 , 9409636441"
Maheshbhai Mandvi,Mandvi,"9879303298 , 9727784534"
Maheshbhai Nanapurna,Vapi,"9879468204 , 7990197880"
Maheshbhai Palanpur,Palanpur,9426488550
Maheshbhai Rajpardi,Rajpardi,"8490022558 , 8347590791"
Maheshkumar Ramanlal Shah Rajpardi,Rajpardi,"8490022558 , 8347590791"
Maheshwari Auto Agency Katargam Surat,Surat,"8866001010 , 9898699129"
Maheshwari Auto Spare Modasa,Madasa,9687262162
Maheshwari Enterprise Rajkot,Rajkot,"7405697056 , 9925390888"
Maheshwari Motor,Surat,9898699129
Maheshwari Motors Katargam Surat,Surat,8866001010
Maheta Enterprise Ratanpur Surendranagar,Surendra Nagar,8153868638
Mahika Automobiles Pimpalgaon Mh,Nashik,"9890985767 , 8698550642"
Mahika Automobiles Pimpalgaon W Mh,Nashik,"9890985767 , 8698550642"
Mahima Auto Parts And Oil Surat,Surat,"9824653572 , 9624000760"
Mahindra Auto Agencies Agra Road Nashik Mh,Nashik,8983336663
Mahindra Auto Agencies Agra Road Nashik W Mh,Nashik,8983336663
Mahindra Tractor Malegaon,Malegaon town,7709871198
Mahindra Tractor Malegaon W Mh,Malegaon town,7709871198
Mahindra Tractor Spares Anjar,Anjar,9898422717
Mahmadbhai Chhapi,Deesa,"9601965765 , 9898691986"
Mahmadbhai Naswadi,Baroda,9427075592
Majid Shekh Pandesara Surat,Surat,9825683971
Majid Shekh Pandeshara Surat,Surat,9825683971
Makbulbhai Palanpur,Palanpur,9924690822
Makwana Automobiles Junagadh,Junagadh,9824222904
Malaviya Auto Parts Waghodiya,Vadodara,8866009092
Malaviya Motors Waghodiya 2 Old,Baroda,8866009092
Malhar Wires Privete Limited Baroda,Baroda,7359536110
Malik Auto Agency Mandali Nandasan,Mahesana,"9328458724 , 9228144116"
Malik Auto Parts Taloda M.H,Nashik,8149352035
Malinath Auto Parts Deesa,Deesa,"9824923006 , 9998033052"
Malla Automobiles Godhra Old,Godhra,"9904122858 , 9173619194"
Malla Automobiles Godhra,Godhra,9904122858
Mamani Rodways Sarkhej Ahmedabad,Sarkhej,9723061547
Manak Automobiles & Diesel Services Ghoti Mh,Nashik,"9403497166 , 8087448733"
Manak Automobiles & Diesel Services Ghoti W Mh,Nashik,"9403497166 , 8087448733"
Manan Auto Parts Ider,Ider,9428957080
Manan Sales Corporation Amroli Surat,Surat,9725114755
Mananbhai Songadh,Songadh,209
Manav Motors Kim,Kim,"9879505416 , 9879585416"
Manchharam Ghelabhai Begampura Surat,Surat,9825559681
Mandlik Auto Parts Sarthana,Surat,"8866002810 , 8238724340"
Mangabhai Navsari,Navsari,"9228134471 , 7359110291"
Mangal Auto Parts Co Mehsana,Mahesana,"9898515073 , 9429318521"
Mangal Auto Parts Songadh,Songadh,9033910602
Mangalam Automobiles Kadi,Mahesana,9825888060
Mangaldeep Hardware & Elec Umargam,Valsad,9974210154
Mangalmurti Traders Kalwan Mh,Nashik,"9420901295 , 9421604110"
Manglam Motors Talaja,.,"9586304076 , 9712511778"
Manharbhai Bhil Waghodiya,Baroda,9898500214
Manish Auto Agency Varachha,Surat,9925351519
Manish Auto Traders Aasarwa,Ahmedabad,"9825094496 , 9898267277"
Manish Auto Traders Delhi Gate Ahmd,Ahmedabad,9825094496
Manish Automobiles Satana M.H.,Nashik,"9764647760 , 9168085608"
Manish Motors Akhol Deesa,Deesa,"9376253669 , 9376553668"
Manish Motors Akhol Deesa,.,209
Manish Motors Varachha Surat,Surat,"9925351519 , 9825351519"
Manisha Jitendra Shingala Rajkot,Rajkot,6353456103
Manishbhai Anand,Anand,209
Manishbhai Valak Patia,Kamrej,8140094969
Manjara Highway Auto Cen Moshali,Moshali,"9725818007 , 9427777678 , 9484447188"
Manoj Automobiles Nanachiloda,Nana Chiloda,9033212444
Manoj Automobiles Surat,Surat,9327706575
Manojbhai Odhav,Odhav,9898321522
Manojbhai Sachin,Sachin,8141011055
Manojbhai Satelite Ahmedabad,Ahmedabad,209
Mansi Automobiles Bardoli,Bardoli,9428144522
Mansoori Enterprises Malegaon W Mh,Nashik,"9595378772 , 8698847754"
Mansukhbhai Ankleshwar,Ankleshwar,9879943450
Mansuri Auto Electricals Bharuch,Bharuch,9574434278
Mansuri Auto Garage Dahej,Dahej,8155939847
Mansuri Auto Garage Dahej Hw,Dahej,8155939847
Manthan Jcb & Parts Shahada Mh,Nandurbar,"9922023031 , 7020992931"
Manubhai Navsari,Navsari,"9909563140 , 7402778692 , 9925313723"
Manubhai Ranoli,Ranoli,8734044144
Marco Trading Co Sachin,Sachin,9638886161
Marg Automobiles Chikhli,Chikhli,9726762806
Margo Industrial Products Mehsana,Mahesana,8511110502
Marhaba Motors Navapara Bhavnagar,Bhavnagar,9924818481
Maroon Autotech Pvt Ltd Chikhli,Chikhli,9978977107
Marshal Auto Spart And Hyd Velanja,Surat,"9909654155 , 9978987802"
Marshal Motos Rajkot,Rajkot,9924926972
Maruti Alang House Dahej,Bharuch,9824477375
Maruti Alang House Dahej,Dahej,"9824477375 , 9033841990"
Maruti Auto And Tractor Ankleshwar,Ankleshwar,9825860208
Maruti Auto And Tractor Bardoli,Bardoli,"9427891771 , 8849448628"
Maruti Auto And Tractor Bardoli M Old,Bardoli,9427891771
Maruti Auto And Tractor Parts Chikhli,Chikhli,9824732525
Maruti Auto And Tractor Parts Chikhli Hw,Chikhli,9824732525
Maruti Auto And Tractor Vyara,Vyara,9979280838
Maruti Auto And Tractor Vyara Hw,Vyara,9979280838
Maruti Auto Elecrical Work Madhapar Bhuj,Kutch,9879662615
Maruti Auto Enterprise Amboli,Kamrej-Amboli,9898047417
Maruti Auto Enterprise Nadiyad,Nadiad,9427388508
Maruti Auto Parts Botad,Botad,"8347931617 , 9924247741"
Maruti Auto Parts Chikhli,Chikhli,9033188757
Maruti Auto Parts Icchapor Hazira Hw,Hazira,9904990498
Maruti Auto Parts Icchapor Hazira,Surat,9904990498
Maruti Auto Parts Rajula Hindola,Bhavnagar,"9624740860 , 9099746409"
Maruti Auto Parts Vapi,Vapi,"9898429156 , 8487905494"
Maruti Auto Parts Yogi Chowk Surat,Surat,9898918377
Maruti Auto Sales Rajkot,Rajkot,"942722100 , 982536436"
Maruti Automobile Chotila,Porbandar,9978499955
Maruti Automobiles Adalaj,Adalaj,9227010022
Maruti Automobiles Navsari,Navsari,"9979618208 , 9727430870"
Maruti Automotive Marketing Yard Porbandar,Porbandar,9978299955
Maruti Car Spares Modasa,Modasa,"9726053685 , 9913410810"
Maruti Eng Works Shailesh Bhai Sayan,Sayan,9727555111
Maruti Enterprise Amroli Surat,Surat,9737385259
Maruti Enterprise Ankleshwar,Ankleshwar,"8866460713 , 9825860208"
Maruti Enterprise Bharuch,Bharuch,"7043839450 , 8374875082"
Maruti Enterprise Morbi,Morbi,8155867155
Maruti Enterprise Sachin,Sachin,8320614580
Maruti Enterprise Udhna Surat,Surat,"9428322426 , 9879325020"
Maruti Erth Movers Sarkhej,Sarkhej,"8200514565 , 9909973311"
Maruti Garage Chikhli,Navsari,"9998668187 , 9825149927"
Maruti Hydraulic Services Chhani Baroda,Baroda,9825343004
Maruti Marketing Bharuch,Bharuch,"9558927201 , 7984446392"
Maruti Motors Bahucharaji,Bahucharaji,9879586443
Maruti Motors Dharampur,Dharampur,"9879276663 , 209"
Maruti Motors Dolvan Unnai,Tapi,"9904422021 , 9537101794"
Maruti Motors Modasa,Modasa,"9726053685 , 9913410810"
Maruti Motors Valsad,Valsad,9558502007
Maruti Oil Karjan,Karjan,9157360543
Maruti Petrochem Dahisar Mumbai,Mumbai,"9323753515 , 9821153515"
Maruti Petroleum Gandhidham,Gandhidham,9825320713
Maruti Service Station Borsad,Baroda,"9375372727 , 209"
Maruti Tractor And Auto Agency Navsari,Navsari,9979618208
Maruti Tractor And Service Karcheliya,Bardoli,"9099610029 , 9687021737"
Maruti Traders Umbhel,Bharuch,9725566633
Maruti Trading Waghodiya,Baroda,"9898367437 , 9428976638"
Maruti Truck Parts Veraval,Veraval,9426449930
Maruti Welding Works & Rolling Sater Bhanwad,.,"9624364161 , 8780448543"
Marutinandan Auto Dabhoi,Dabhoi,7990538586
Marutinandan Auto Parts Limbadi Dahod,Dahod,9898242413
Marvel Motors Rajkot,Rajkot,"9227601582 , 9428972179 , 7777947890"
Marwah Motors Agra Road Nashik Mh,Nashik,"9823386233 , 9822476224"
Marwah Motors Agra Road Nashik W Mh,Nashik,"9823386233 , 9822476224"
Masrani & Sons Auto Private Limited Nashik Mh,Nashik,8177998382
Masrani & Sons Auto Private Limited Nashik W Mh,Nashik,8177998382
Mastan Auto Parts Vapi,Vapi,9979530121
Mastar Auto Glass Center Anand,Anand,9974598353
Master Automobile Sayan,Surat,9825939573
Master Automobile Sayan Hw,Surat,9825939573
Master Automobiles Wadala Naka Nashik Mh,Nashik,9822990111
Master Automobiles Wadala Naka Nashik W Mh,Nashik,9822990111
Mastram Steel And Hardware Kamrej,Kamrej,9426122272
Mataji Krupa Automobiles Ranavav,Porbandar,"9601823105 , 9727834307 , 9712908481 , 9426608481"
Matangi Auto Parts Bharuch,Bharuch,9898560343
Matangi Auto Parts Delhi Chakla,Ahmedabad,9825299272
Matengi Auto And Tractor Parts Rajkot,Rajkot,"9426810206 , 9426949940"
Mateshwari Auto Parts Kosad Surat,Surat,7567299941
Mateshwari Automobiles Varachha,Surat,"9904020296 , 9537449771"
Mathews Cars Mumbai Agra Highway Nashik W Mh,Nashik,9823259227
Mathurbhai Velanja,Sayan,8140335586
Matoshree Auto & Garage Lasalgaon Mh,Nashik,9822529281
Matoshree Motors Sinner Mh,Nashik,"9890008125 , 9850264480"
Mauli Agencies Malegaon Mh,Malegaon town,"9637636667 , 9422418217"
Mauli Motor Garage Nandurbar Mh,Dhule,9834320233
Mauli Spare Parts Manmad Mh,Nashik,7350259795
Mauli Spare Parts Manmad W Mh,Nashik,7350259795
Maulik Bearing Associates Ranoli Baroda,Vadodara,"9825105061 , 9327212207"
Maulikbhai Mehsana,Mahesana,9712893119
Maulikbhai Sayan,Sayan,9586882230
Mavtar Auto Parts & Tractor Garage Kheralu,Siddhpur,"9913488809 , 9925267165 , 9662921488"
Max Auto Parts Opera House,Mumbai,209
Mayank Oil Store Navapura Bhavnagar,Bhavnagar,9428785092
Mayur Auto Parts Dhanera,Deesa,"9426891317 , 7777973866"
Mayur Auto Products Bapunagar Ahmedabad,Ahmedabad,7575878773
Mayur Auto Spare Bilimora,Navsari,9428885548
Mayur Automobiles Baroda,Baroda,9712463281
Mayur Car Services Peth Road Nashik Mh,Nashik,8485851315
Mayur Motors Bayad,Bayad,9429153830
Mayur Motors Gandhidham,Gandhidham,9898112184
Mayurbhai Tarsali Baroda,Vadodara,"9099729333 , 7990230542"
Mayurbhai Vasda,Vasda,7874503355
Mazda Automobiles Sanathal,Sanatal,9898203537
Md Ali Khan Bhilad,Bhilad,7398664870
Md Brothers Auto Care Sarkhej Bakrol Amd,Sarkhej,"8347520467 , 8347294142"
Md. Ahiyan Khan Salvav Vapi,Vapi,"9714993691 , 9106330012"
Meem Auto Parts Sanathal Sarkhej,Sarkhej,9924855703
Meera Auto Parts Kalol,Kalol,"9426998988 , 209"
Meera Traders Anand,Anand,"8460094399 , 7990065753"
Meet Auto Parts Zankhwaw,Netrang,
Meet Automobiles Vapi,Vapi,"9825568190 , 9377547767 , 7984899538"
Meet Motors Pipodra Kim,Kim,9624146799
Meet Motors Pipodra Kim,Surat,9624146799
Meet Patel Tarapur,.,209
Megh Auto Parts Dudhehwar,Dudhewar,9825289596
Megha Auto Parts Palej,Palej,"9428690687 , 7250027098"
Megha Automobiles Baroda,Baroda,"8347730320 , 8154033722"
Megha Corporation Kadodra,Kadodara,9825119380
Megha Enterprises Kahrgone Mp,Khargone,"8989180999 , 9893131713"
Megha Enterprises Kahrgone Mp,Ahmednagar,"8989180999 , 9893131713"
Megha Motors Narapura Ahmedabad,Ahmedabad,"9824012898 , 9879790078"
Meha Auto Parts Narol,Narol,"9428387094 , 9825084902"
Mehbubbhai Bavla,Bavla,209
Mehbubhai M.Khan Ankleshwar,Ankleshwar,9824326835
Mehsana Sales Agency Hazira,Surat,9825019389
Mehta Associates Sarkhej Hw,Sarkhej,9427017594
Mehta Associates Sarkhej,Sarkhej,9427017594
Mehta Auto Spares Sarkhej,Sarkhej,9638443844
Mehta Auto Store Baroda,Baroda,9824625598
Mehta Motors Vapi,Vapi,9825394432
Mehul Battery And Auto Parts Ringroad Vatva,Vatva,9924452892
Mehul Motors Kamrej,Kamrej,9925172757
Mehul Motors Kamrej Old,Kamrej,9925172757
Mehul Scooters Sahada Circiles Nashik W Mh,Nashik,9325414200
Mehul Traders Golden Chokadi Baroda,Vadodara,"9825615385 , 985615385"
Mehulbhai Pimpalgaon,Nashik,9921731010
Meko Auto Component Uttar Pradesh Sale,Bagpat,"8800601180 , 9350947684"
Memon Auto Parts Iqbalbhai Idar,Ider,9428484536
Meramanbhai Songadh,Songadh,209
Meru Automobiles Kim,Kim,9426184421
Metro Motor Parts Godhra,Godhra,9979725100
Metro Motors Gandhinagar,Gandhi Nagar,"9824320030 , 9909130008"
Mevat Auto Electric & Auto Parts Navsari,Navsari,"8000584691 , 9426842122"
Mevat Auto Electric & Auto Parts Navsari Hw,Navsari,"8000584691 , 9426842122"
Mewad Sanitary Karmrej,Surat,"9825190459 , 9913851059"
Mewad Tractor Vapi,Vapi,9825136835
Mid Town Motors Vapi,Vapi,9825394432
Mihan Automobiles Adajan,Surat,"9104111113 , 9825675358"
Mihan Automobiles Surat 2 Old,Surat,"9104111113 , 9825675358"
Mihan Automobiles Surat W Old,Surat,"9104111113 , 9825675358"
Mihirbhai Odhav,Odhav,"9662038436 , 8485930304"
Milan Auto Navsari,Navsari,9033523557
Milan Motor Garage Bavla,Bavla,"9173801786 , 9313454053 , 209"
Milanbhai Odhav,Odhav,9714529812
Milliniyam Auto Harij Road Sami,Patan,9687244107
Milliniyam Auto Harij Road Sami,Surat,209
Miloni Enterprise Opera House Mumbai,Mumbai,9819780045
Mineshbhai Sighrwa Odhav,Odhav,"9714548245 , 9824639135"
Minhajbhai Chhapi,Deesa,"9998171784 , 6351374966"
Mirani Motors Bhuj,Bhuj,9825885595
Mirazbhai Bharuch,Bharuch,9913454722
Mirza Motors & Radiator Chalisgaon,Dhule,"9623292277 , 9175983377"
Mirza Motors Narol,Narol,9374222945
Mirza Motors Narol,Ahmedabad,9374222945
Miska Enterprise Chhani,Vadodara,9725656559
Misra Auto Gas Anand,Anand,"9638146055 , 9904320048 , 9428536395"
Mistry Auto Parts Viramgam,Ahmedabad,9824449722
Mitali Oil Center Maroli,Navsari,9904291304
Miteshbhai Palsana,Palsana,9426853953
Miteshbhai Pimpalner,Dhule,8830114768
Mithila Enterprise Ranoli Baroda,Ranoli,8128215805
Mittal Industrial Stores Vareli,Kadodara,"9824129076 , 9998760932"
Mitulbhai Songadh,Songadh,8866255114
Mk Gold Pump Pvt Ltd Sale,Delhi,8800186928
Mn Automotive Bopal Ahmedabad,Ahmedabad,9722222535
Modasa Auto Parts Modasa,Modasa,"9898585599 , 9724922286"
Modasa Hydrolic Modasa,Madasa,"9157524811 , 7600022126"
Modasa Hydrolic Modasa,Modasa,"9157524811 , 7600022126"
Modern Motors Gandhinagar,Gandhi Nagar,"9825262291 , 9904044770 , 8200025362"
Modi Auto Centre Kadodara,Kadodara,9879668622
Modi Auto Sales Kadodara,Kadodara,8734051141
Modi Lubricant Sayan,Sayan,9825177911901677911
Mohammad Wasi Odisha,Sundargargh,9668058692
Mohammad Wasi Odisha,Bharuch,9668058692
Mohammedbhai Navsari,Navsari,"7977049055 , 9978636199"
Mohan Autombiles Shingada Talav Nashik Mh,Nashik,9373095551
Mohan Bhai Dhanera,Deesa,"9925930291 , 9624229179"
Mohanbhai Anjar Kutch,Kutch,9909712179
Mohanbhai Kathor Kamrej,Kamrej,"9601256256 , 9978190642"
Mohanbhai Kathor Kamrej,Kamrej-Amboli,209
Mohit Auto Sales Sanjaybhai Sarkhej,Sarkhej,"9898223749 , 9724635098"
Mohit Hanshrajbhai Vapi,Vapi,"8469333115 , 9879168570"
Mohshinbhai Godhara,Godhra,209
Moinbhai Dahej,Dahej,8155939847
Moksh Auto Parts Dabhoi,Vadodara,"9723828773 , 9408082780"
Mokshganga Automobiles Satana Mh,Nandurbar,7083097689
Molai Raj Motors Shahada M.H.,Nandurbar,"9850838749 , 9421528450"
Momai Enterprice Kamboi Sihori,Patan,9898865466
Momanbhai Mandava,Kosamba,9925755737
Momay Shakti Motors Madhapar Highway Bhuj,Bhuj,8758549345
Monal Auto Parts Ahemdabad,Ahmedabad,"9898393664 , 9825010208"
Monishbhai Navipardi,Kamrej-Amboli,"7096145437 , 9512712335"
Monshah Auto Parts Sanand Sarkhej,Sarkhej,"8200063498 , 9723674307"
Montu Auto Parst Areth,Mandvi,"7359360573 , 7359360572"
Montu Auto Parst Areth,Surat,9825029932
Montubhai Kadodara,Kadodara,9978324001
Moon Light Auto Parts Aslali,Aslali,9376611418
Moon Light Motors Ankleshwar,Ankleshwar,9825258824
Moral Auto Accessories Palanpur,Palanpur,"9925784288 , 9925077251"
Morbi Oil Traders And Earth Parts Kamrej,Kamrej,9426859702
Morya Enterprises Vapi,Vapi,9377907474
Mosali Auto Parts Mosali,Moshali,"8347824324 , 7016239857"
Mother Auto Agency Varacha W Old,Surat,"9574055556 , 9574055558"
Mother Auto Agency Varachha Mayurbhai,Surat,"9574055556 , 9574055558"
Mother Auto Agency Varachha Mayurbhai,Vasda,9574055556
Mother Auto Agency Varachha Surat,Surat,"9574055556 , 9574055558 , 7874503355"
Mother Auto Agency Varachha Surat,Vasda,7874503355
Mother Auto Agncies Vansda,Navsari,"8866783737 , 7874503355 , 9898281252"
Mother Auto Agncies Vansda,Surat,"9574055556 , 9574055558"
Mother Shocer Surat,Surat,9725682818
Motibhai Deesa,Deesa,"9978853566 , 82009844807"
Motor Care Palej,Palej,9898043227
Motor Care Palej,.,209
Motorwala Auto Parts Vadodara W Old,Vadodara,9510106128
Motorwala Car Care Vadodara,Vadodara,9510106128
Movish Auto Parts Sarkhej,Sarkhej,"9426332186 , 9825584956"
Mr Enterprises Vapi,Vapi,"9377224727 , 209"
Mrs Auto Parts Ankleshwar Old,Ankleshwar,9427464901
Mrs Auto Parts Ankleshwar U4 Old,Ankleshwar,9427464901
Mrugal Offiset Printer Ankleshwar,Ankleshwar,9825245149
Mruglaxmi Automobile Umbergaon Sanjar Vapi,Umbergaon,"9099135191 , 9327923464"
Mubin Motors Garage Bavla,Bavla,9924152128
Mujib Automobiles Kim,Kim,9712601265
Mujibbhai Kim,Kim,9712601265
Mukesh Automobiles Junagadh,Junagadh,9429373837
Mukeshbhai Ankleshwar,Ankleshwar,9723624453
Mukeshbhai Bodeli,Bodeli,"9879466494 , 9773439922"
Mukeshbhai Borsad,Anand,9409633398
Mukeshbhai Deesa,Deesa,"209 , 9427536562 , 7046264647"
Mukeshbhai Dehgam,Dehgam,"9898030563 , 9173427755"
Mukeshbhai Kalol,Kalol,9428552667
Mukeshbhai Nanapurna,Nanapurna,8780832166
Mukeshbhai Satlasana,Siddhpur,9428848574
Mukeshbhai Thakkar Akhol Deesa,Deesa,209
Mukeshbhai Vapi,Vapi,9979885535
Mukeshbhai Vyara,Vyara,
Mumbai Earthmovers Vinodbhai Pimpalner M.H,Chalisgaon,"8108984222 , 8169703184"
Munirbhai Bharuch,Bharuch,"9724193779 , 7487975232"
Munnabhai Ankleshwar,Ankleshwar,"7878819070 , 8128908111"
Munnabhai Patel Nadiyad,Nadiad,"9537011198 , 209"
Munnabhai Randheja Chokadi,Gandhi Nagar,209
Munnabhai Yadav Surat,Surat,"7990982405 , 9927475096"
Munnafbhai Surat,Surat,"9879044825 , 9924602878"
Munnafbhbai Surat,Surat,9879044825
Munno Sales Bill Ac Krunik,.,209
Munno Sales Bill Ac Krunik,Surat,209
Murgeshbhai Sarkhej,Sarkhej,9825068594
Murlidhar Enterprise Padana Gandhidham,Gandhidham,9925696298
Muskan Motors Valsad,Valsad,"7016232782 , 9737769593 , 9427154415"
Mustakbhai Himmatnagar,Himat Nagar,9426447973
Mustufabhai Danta,Siddhpur,9429422331
My Gujarat Automobiles Kim,Kim,9979915007
My Gujarat Automobiles Kim,Moshali,209
N G Automobiles Ankleshwar,Ankleshwar,"9898071545 , 9898210327"
N I Auto Parts Kadi,Kadi,9898332997
N I Auto Parts Kadi Old,Kadi,9624332997
N K Automobiles Dhule,Dhule,"9822253708 , 9552516052"
N K Automobiles Godhara,Godhra,9173619194
N K Bearing Enterprise Himmatnagar,Himat Nagar,
N M Motors Althan Ichhapor Hazira,Surat,9372492043
N M Motors Ichhapor Hazira,Surat,9372492043
N M Sales Combined Opera House Mumbai,Mumbai,9819780045
N N Corporation Surat,Surat,9374724877
N N Lubricants Surat,Surat,"209 , 9374724877"
N P Automobiles Salvav Balitha,Vapi,"9879562339 , 9377007786"
N P Automobiles Sukhpur,Bhuj,9712980165
N P Traders Rajkot,Rajkot,"9313451096 , 9825310930 , 9601700092"
N Parmar Enterprise Udhana Surat,Surat,"9825423671 , 9909955771"
N S Auto Parts Delhigate Ahmd,Ahmedabad,"9898541927 , 9898861936"
Naaz Auto Parts Dhuliya Mh,Dhule,"9860892373 , 9595756734"
Nadirshah Kunta,Vapi,"9227830325 , 9898046064"
Naeem Auto Agency Himmatnagar,Himat Nagar,"9924496211 , 9429754812 , 8460758943"
Naeembhai Himmatnagar,Himat Nagar,"9924496211 , 9429754812 , 8460758943"
Nagai Automobile Manmad Chokdi Mh Old,Nashik,9579429429
Nagai Automobile Manmad Chokdi W Mh Old,Nashik,9579429429
Nagai Automobiles Manmad Chokdi Mh,Nashik,"9579429429 , 209"
Nagdev Oil Center Mahesana,Mahesana,9904821103
Nageshwari Automobiles Deesa,Deesa,"9725966771 , 9974055062"
Nageshwer Trading Co Rajkot,Rajkot,9824212843
Naginbhai Ctm Ahmedabad,Ctm,9824658445
Nahata Automobiles Dhule Mh,Dhule,"8668740077 , 7083026231"
Naik Tractors Visalvadi M.H,Nandurbar,"8329524343 , 9370018579"
Naishatbhai Kim,Kim,9426184421
Najran Motors Mirzapur,Mirzapur,9824445107
Nakalang Tractor Garage Tharad,Tharad,"9727814579 , 7043792673"
Nakhua Motors Baroda,Ahmedabad,9428167543
Naklang Auto Parts Navsari,Navsari,"9427149559 , 8460220906"
Naksh Auto Center Anjar,Anjar,9825195655
Nana Motors & Sper Parts Dhoranpardi,Kamrej,"7607676418 , 9919517169"
Nanak Auto Parts Hazira,Surat,9728533329
Nanavati Automobiles Sarkhej,Sarkhej,"9898401195 , 9898365150"
Nanavati Automobiles Sarkhej Hw,Sarkhej,9898401195
Nanavati Autowheels Dhoran Pardi,Kamrej-Amboli,9825121106
Nand Automobiles Veraval,Veraval,9574947491
Nand Enterprise Rajkot,Rajkot,"9428038322 , 9825582833"
Nandan Enterprise Sevalia,Baroda,"9825805315 , 9825624875"
Nandani Automobiles Ghoti Mh,Nashik,"9850178881 , 8149561886 , 8767851548"
Nandani Automobiles Ghoti W Mh,Nashik,"9850178881 , 8149561886 , 8767851548"
Nandani Traders Rajkot,Rajkot,9909137491
Nandini Agencies Baroda,Baroda,9426021531
Nanu Construction Bharuch,Bharuch,9898059686
Naranbhai Laskana,Kamrej-Laskana,9979631013
Narandas Harjivandas Valsad,Valsad,9825196497
Narayanbhai Valak Patiya,Surat,9879850090
Narendrabhai Dwarka Nashik,Nashik,"7420820953 , 9834044426"
Narendrabhai Kamrej,Surat,9737700077
Narendrabhai Kosmadi,Kamrej,"9979461811 , 9662026330"
Narendrabhai Nandurbar,Nashik,9579546387
Narendrbhai Vapi,Vapi,9824442380
Narenkumar Machinery Co Khanpur Ahmedabad,Ahmedabad,9227637100
Naresh Automobiles Mahuva,Bardoli,9924314225
Nareshbhai Baroda,Vadodara,"7802971572 , 9429312046"
Nareshbhai Kamrej,Kamrej,9725360150
Nareshbhai Mosali,Moshali,209
Nareshbhai Moshali,Moshali,"209 , 9998674553"
Nareshbhai Waghai,Vasda,9426894413
Narmada Auto Agency Ankleshwar,Ankleshwar,9429187166
Narmada Auto Parts Bharuch,Bharuch,9824112177
Narmada Logistics Ankleshwar,Ankleshwar,9924419828
Narmada Mechinery & Electricals Bodeli,Bodeli,"9429832802 , 9679775102"
Narmada Motor Parts Afzalbhai Ankleshwar,Ankleshwar,"9408175888 , 9723235204"
Narmada Motors Bharuch,Bharuch,9824265365
Narmada Traders Sadhli,Baroda,"9979395465 , 209"
Narsinhbhai Krishna Akhol Deesa,Deesa,9824155652
Nashi Auto Parts Kim,Kim,"9898174004 , 7383161086 , 209"
Nashik Tempo House Agra Road Nashik Mh,Nashik,8459574205
Nasib Auto Parts Yunusbhai Jambusar,Jambusar,9825627674
Nasib Auto Sales Muler,Bharuch,"9574114680 , 7600686813"
Nathani Automobiles Maroli,Navsari,9898602845
Nathani Automobiles Maroli Hw,Navsari,9898602845
National Auto Parts Ank Masmunbhai,Ankleshwar,9016974190
National Auto Parts Jambusar,Jambusar,9824553500
National Auto Parts Meghraj,Himat Nagar,9426046918
National Auto Parts Pimpilner,Nashik,9423941786
National Auto Parts Sachin,Sachin,9898115261
National Auto Parts Tadkeshwar,Tadkeshwar,"9624215455 , 9825407308"
National Auto Parts Unn Surat,Surat,9687972751
National Auto Parts Vega Chokdi Dabhoi,Dabhoi,"9825326695 , 9879949700"
National Auto Spare Vapi Silvassa,Vapi,"7874771356 , 9978425330"
National Automobiles Godhra,Godhra,9173850500
National Automobiles Kaalol,Surat,9979569004
National Automobiles Kalol Old,Kalol,9979569004
National Automobiles Modasa,Modasa,9426548840
National Automobiles Shinde Nashik Mh,Nashik,9822609068
National Automobiles Spares Chikhli,Chikhli,9825534620
National Automobiles Spares Chikhli M Old,Chikhli,9825534620
National Enterprices Chikhli,Chikhli,8460712212
National Hardware & Ply Palej,Palej,"9898276537 , 9265142820"
National Motor Parts Vyara Hw,Vyara,"9898710876 , 209"
National Motor Parts Vyara,Vyara,9898710876
National Motors Mirzapur,Mirzapur,9825581813
National Oil Depo Olpad,Sayan,9429267901
National Oil Depo Silvassa,SILVASSA,"7016845656 , 8780830041"
National Oil Depo Silvassa Hw,SILVASSA,7016845656
National Tractor Parts And Oil Center Moshali,Moshali,9426867471
National Tractor Parts Bharuch,Bharuch,9824548211
National Tractor Traders Surat,Surat,209
National Traders Sevaliya,Baroda,9844799000
National Trading Co. Mahesana,Mahesana,"9898424105 , 9725510906"
Natraj Agencies Aasarwa,Ahmedabad,"9825459552 , 9924800068"
Natubhai Chikhli,Chikhli,9924423147
Natvar Bearing Stores Botad,Botad,"9723680017 , 9924247647"
Naval Agency Deesa,Deesa,9537776339
Naval Agency Deesa W S Old,Deesa,9427536680
Naval Enterprise Jetalpur Ahmedabad,Ahmedabad,"8866121612 , 7777913627"
Naval Tractor Deesa,Deesa,"9427536680 , 9537776339"
Navdurga Agency Veraval,Veraval,8156010979
Navdurga Motors Kapurai Baroda,Baroda,"9624410644 , 9998516005"
Navdurga Spare Parts Devpar,Kutch,9825025394
Navin Chandra And Co. Botad,Botad,9824290025
Navin Chandra And Co. Botad Old,Botad,9824290025
Navin Chandra And Co.Botad,Botad,"9824290025 , 9374836996"
Navin Sambhubhai Valsad,Valsad,"9898493796 , 9601306007"
Navinbhai Dayapar Kutch,Kutch,9427974332
Navinchandra And Company Rajkot,Rajkot,"9825271388 , 9327216667 , 9624890293"
Navjivan Auto Parts Kheralu,Mahesana,"9925971086 , 9104331077"
Navkaar Tools Changodar,Chandgodar,9377166466
Navkar Auto Accessories Navsari,Navsari,"9426772364 , 9428163406"
Navkar Auto Glass Adajan Surat,Surat,9825299599
Navkar Auto Parts Botad,Botad,9924262078
Navkar Auto Parts Sarkhej,Sarkhej,9426069642
Navkar Auto Parts Sarkhej Hw,Sarkhej,9426069642
Navkar Auto Spares Parts Panthawada,Deesa,"8000444793 , 8441927118"
Navkar Automobiles Navsari,Navsari,"9558510001 , 7778912550"
Navkar Automobiles Yeola W Mh,Nashik,9028142571
Navkar Enterprise Kabilpor Navsari,Navsari,9879623936
Navkar Enterprise Sarkhej Hw,Sarkhej,"9377166466 , 9327014594"
Navkar Enterprise Sarkhej,Sarkhej,"9377166466 , 9327014594"
Navkar Hydraulic Mahesana,Mahesana,8401127374
Navkar Lubricants Bhilad,Bhilad,9016087264
Navkar Terminals Ltd Sanjar Tumb,Valsad,9820195329
Navkar Tractors Morbi,Morbi,"9825488599 , 9409488599"
Navnath Tractor Garage And Spaer Lasalgaon Mh,Nashik,"8208959023 , 8888367789"
Navnit Auto And Tractor Songadh,Songadh,9429116373
Navnit Auto And Tractor Songadh Rth,Surat,209
Navnit Auto Tractor Khadsupa Navsari Kabilpur,Navsari,9824037262
Navnit Bhai Dahej,Dahej,9624340943
Navpad Enterprise Surat,Surat,9825248187
Navpad Motors Parts Mirzapur,Mirzapur,9909926529
Navrang Enterprise Karanj,Surat,9825297584
Navrang Spare Parts Mahuva,Bhavnagar,"8690150502 , 9426971261 , 9723699400"
Navratna Enterprise Gandhidham Kutch,Gandhidham,9724855333
Navshakti Corporation Udhana Surat,Surat,"9898073355 , 7405826588"
Navyug Motors Bhavnagar,Bhavnagar,9898247676
Nayakjee Auto Parts Sarkhej,Sarkhej,"9327536391 , 7016441861 , 9099333311"
Nayanbhai Akhol Deesa,Deesa,9428654724
Naysar Bhai (Sm) Surat,Surat,9537059070
Nayyar Auto Industries Delhi,Delhi,
Nazmi Auto Parts Dharampur,Dharampur,9979144601
Neel Irrigation Dharampur,Valsad,"9712977751 , 9712965014"
Neelam Furniture Ankleshwar,Ankleshwar,9998219977
Neetya Automobiles Satpur Nashik Mh,Nashik,"9823061020 , 8446810000"
Neetya Automobiles Satpur Nashik W Mh,Nashik,"9823061020 , 8446810000"
Neha Auto Parts Chhani Baroda,Baroda,9825468928
Neha Motors Surat,Surat,8347726293
Neheer Automotive Rajpipla,Rajpipla,8866677751
Neminath Auto Spare Mahesana,Mahesana,"9428960801 , 9825200441"
Neminath Motors Mota Chiloda,Dehgam,9426562405
Neolite Zkw Lightings Private Limited Delhi Sale,Bahadurgarh,209
Netra Agencies Vasai (East) M.H,Mumbai,"9834598208 , 9892084301"
New Active Motors Deesa,Deesa,9427648520
New Agro Auto Service Center Bayad,Bayad,9426067012
New Agro Auto Service Center Bayad Old,Bayad,9426067012
New Ahir Auto Garage Rahulbhai Sayan,Sayan,9737209790
New Ahir Auto Garage Sajidbhai Sayan,Surat,"9924955698 , 9724567664 , 209 , 9924955678"
New Alfa Auto Shahada,Nandurbar,9922555570
New Amar Auto Stors Vyara,Vyara,"9426140009 , 6355334354"
New Ambika Auto And Battery Center Lasalgaon Mh,Nashik,9960446111
New Ambika Auto And Battery Center Lasalgaon W Mh,Nashik,9960446111
New Ambika Automobiles Visarwadi M.H,Nandurbar,"9021765500 , 8669150199"
New Ambika Traders Pimpalgaon Mh,Nashik,9921731010
New Anil Automobiles Aslali,Aslali,"8849537909 , 7874837979"
New Anil Automobiles Aslali Hw,Aslali,"7874837979 , 8849537909"
New Aone Auto Garage Palanpur,Ahmedabad,9924277015
New Arbuda Motors Naroda,Naroda,8799386592
New Asha Auto Parts Sankheda,Vadodara,"9879322481 , 8485926589"
New Asha Rekzine House Ankleshwar,Ankleshwar,9426125162
New Atit Car Accessories & Parts Nadiyad,Nadiad,9998619205
New Autonagar Automobiles Ankleshwar,Ankleshwar,9426109724
New Bafna Tractor Shirpur Mh,Shrirampur,9420476479
New Balaji Auto Electric Works Rankuva,Chikhli,9898467020
New Balaji Motors Palanpur,Palanpur,"9904818343 , 9228273387"
New Balaji Motors Palanpur,.,209
New Bansal Agency Delhi,Delhi,209
New Bavaliya Auto Parts Botad,Botad,9904268143
New Bhadra Auto Sales Mirzapur,Mirzapur,9879353455
New Bhagat Auto Spares Odhav,Odhav,"9714277709 , 209"
New Bhagyoday Tractor Rajpardi,Rajpardi,9512218663
New Bharat Auto Parts Kathlal,Kheda,"9825574479 , 8488840581"
New Bharat Motor Garage Dharampur,Dharampur,"9825759929 , 8141722353 , 8469800829"
New Bharat Motors Mandava,Ankleshwar,9824085089
New Bharat Motors Mandava Hw,Ankleshwar,9824085089
New Bombay Auto Agency Udaipur,Udaipur,7014526314
New Car Care Tharad,Deesa,"9429718179 , 9904649894"
New Carpet House Bharuch,Bharuch,9824182347
New Central Automobiles Godhra,Godhra,9824076200
New Chakrapani Automobiles Sangamnagar Mh,Nashik,9326841199
New Chakrapani Automobiles Sangamnagar W Mh,Nashik,9326841199
New Chamunda Motors Radhanpur,Radhanpur,9727133130
New Chaudhari Auto Parts Nandurbar,Nandurbar,"8669789410 , 9922182737"
New Deepa Auto & Auto Parts Gota Ahmedabad,Ahmedabad,7046983813
New Delux Automobiles Godhra,Godhra,"7777931095 , 9924141128"
New Delux Automobiles Nagarwada Rafikbhai Baroda,Baroda,9725247479
New Designo Furniture Bharuch,Bharuch,"9558342557 , 8155058557"
New Durga Hardware And Ply Ankleshwar,Ankleshwar,"9824117009 , 9909612230"
New Famous Auto Parts Godhra,Godhra,9879620865
New Foam And Furnishing Bharuch,Bharuch,9824774383
New Friend Motors Sachin,Sachin,"9682440550 , 9909343779"
New Ganesh Trators Dwarka Nashik Mh,Nashik,"9822004547 , 9822004347"
New Ganesh Trators Dwarka Nashik W Mh,Nashik,"9822004547 , 9822004347"
New Gangamai Spares Ozar,Nashik,9371101222
New Gangamai Spares Ozar Mh,Nashik,9371101222
New Gangamai Spares Ozar W Mh,Nashik,9371101222
New General Auto Electric Navsari,Navsari,9898188260
New Golden Auto Parts Bharuch,Bharuch,9898614019
New Goodwill Auto Parts Bharuch,Bharuch,9427175542
New Goodwill Auto Parts Bharuch Hw,Bharuch,9427175542
New Gotawal Auto Center Nadiyad,Nadiad,9898203799
New Gujarat Auto Jambusar,Jambusar,"9925979300 , 9904073460"
New Gujarat Automobiles Kosamba,Kosamba,"9913781285 , 9725472882"
New Gujarat Marble Bharuch,Bharuch,9104414971
New Gujarat Motors Farhanbhai Bharuch,Bharuch,9574317129
New Gurukrupa Spare Parts Sinner Mh,Nashik,8007755077
New Gurukrupa Spare Parts Sinner W Mh,Nashik,9850819450
New Harsh Automobiles Ghoti Mh,Nashik,"9028714320 , 7020681003"
New Harsh Automobiles Ghoti W Mh,Nashik,"9028714320 , 7020681003"
New India Auto Parts & Garage Nandurbar Mh,Nandurbar,"9922719785 , 9823712766"
New India Auto Parts & Garage Nandurbar Mh Oldd,Nandurbar,"9922719785 , 9823712766"
New India Auto Parts & Garage Nandurbar Mh W Oldd,Nandurbar,"9922719785 , 9823712766"
New India Stores Bharuch,Bharuch,9925167172
New Indian Linig Works Bharuch,Bharuch,9428511382
New Jagdish Automobiles Palitana,Bhavnagar,"9427897705 , 8154896454"
New Jamadar Auto Parts Modasa,Modasa,9998298059
New Jay Bhadra Motors Nandur Singotay Mh,Nashik,"7620125527 , 7020605369"
New Jodhpur Motors Garage Palanpur,Palanpur,"9426895781 , 9409036604"
New K K Automobiles Himmatnagar,Himat Nagar,"8200855117 , 3601438329"
New Kalpesh Automobiles Auto Nagar Dhulia,Dhule,209
New Keyur Motors Dabhoi,Dabhoi,9512559659
New Khushbu Auto Parts Botad,Botad,9428107552
New Kiran Motors Deesa,Deesa,9824908169
New Kisan Tractor Workshop Devgaone Mh,Nashik,9022487678
New Krishna Trailer Netrang,Bharuch,"9427143056 , 9586725050"
New Kudrat Auto Parts Timbdi Tajpar,Morbi,9879130144
New Laxmi Engineears Vapi,Vapi,9825142183
New Lucky Auto Electric & Battery Kim,Kim,
New Lucky Auto Garage Borsad,Anand,"9879386030 , 9825531795"
New Maharastra Tractors Satana M.H,Nashik,"8390570204 , 9028101190"
New Mahavir Auto Store Aslali,Aslali,"8200698915 , 9662298027"
New Mansi Motors Radhanpur,Radhanpur,"9824537859 , 9825369595 , 9427486099"
New Marshal Battery Works Aslali,Aslali,"8000371742 , 8000858608"
New Maruti Motors Aakhol Deesa,Deesa,"9586519724 , 9737595892"
New Mataji Glass Plywood & Hardware Ankleshwar,Bharuch,"9974288678 , 9054243100"
New Mayur Electric And Hardware Udhana,Surat,9825703906
New Mazda Motors Aslali,Aslali,9824446392
New Milan Motor Garege Bavla,Bavla,"9824739717 , 9974402299"
New Modern Automobiles Nashik W Mh,Nashik,"9665081276 , 9403512831"
New Mohsin Auto Parts Sevaliya,Baroda,9173023786
New Mother Auto Parts Kadodara,Kadodara,9898967624
New Motors Stores Dahod,Dahod,9898072786
New Movish Auto Parts Sarkhej,Sarkhej,8401118286
New Nahata Automobiles Dhule,Dhule,"8668740077 , 7083026231 , 209"
New Natraj Auto Center Shahpur Ahmd,Ahmedabad,9825263458
New Panchal Motors Akhol Deesa,Deesa,9825226620
New Panchal Motors Deesa,Deesa,"9825226620 , 209"
New Paras Automobile Billimora,Chikhli,9974066917
New Party,Surat,209
New Party (Kbx),Surat,209
New Party (Luman),Surat,209
New Party (Scan Head),Surat,7008388484
New Patel Auto Mandava Momanbhai,Kosamba,"9925755737 , 8200890550"
New Patel Auto Mandava Momanbhai U3 M Old,Kosamba,9925755737
New Patel Auto Mandava Momanbhai W M Old,Kosamba,9925755737
New Patel Auto Parts Ankleshwar Yusufbhai,Ankleshwar,9327931892
New Patel Auto Parts Jambusar,Jambusar,9974727111
New Patel Auto Parts Jambusar,Jamnagar,9974727111
New Patel Automobiles S Darwaja Surat,Surat,9426873341
New Patel Motors Surat Bhatar 2 Old,Surat,9426859709
New Patel Motors Surat Bhatar Old,Surat,9426859709
New Patel Motors Surat Bhatar W Old,Surat,9426859709
New Patel Oil Depot Ankleshwar,Palej,7698935856
New Piyush Auto Parts Malegaon Mh,Malegaon town,9764514762
New Punjab Kishan Tractor Garage Rajpipla,Rajpipla,7874844660
New R V Fabrication Kosmadi Umbhel,Surat,"9586113326 , 7046803326"
New Raaz Automobiles Baroda,Baroda,"7874701695 , 7383850567"
New Radhika Automobiles Chandwad Mh,Nashik,9850691708
New Radhika Automobiles Chandwad W Mh,Nashik,9850691708
New Rajashthan Motors Vikrambhai Songadh,Songadh,"8140785005 , 7984387541"
New Rajesh Auto Shagbara,Umbergaon,9427159334
New Rajesh Auto Shagbara Old,Umbergaon,9427159334
New Raju Tractor And Auto Parts Dahej,Dahej,"8155011061 , 8155011060"
New Ramdev Motors Sachin,Sachin,"7016712260 , 9574995031"
New Ravi Auto Parts Kalol,Kalol,"6353600254 , 9428552667"
New Reliance Spare Parts Dhule,Surat,209
New Reliance Spare Parts Dhule,Dhule,"9922712147 , 7020843192 , 9271917417"
New Royal Auto Parts Bodeli,Bodeli,9426781641
New Sabar Automobiles Munirbhai Bharuch,Bharuch,"9724193779 , 7487975232"
New Sabar Automobiles Munirbhai Bharuch Hw,Bharuch,"9724193779 , 7487975232"
New Sabar Motors Bharuch,Bharuch,"9724193779 , 7487975232"
New Sadhi Motors Raymalbhai Dhornpardi,Kamrej,9998606080
New Sadhi Motors Raymalbhai Dhornpardi Hw,Kamrej-Amboli,9998606080
New Sadhi Motors Raymalbhai Dhornpardi,Kamrej-Amboli,9998606080
New Sagar Automobiles Dhule,Dhule,"9423517973 , 9423516313"
New Sagar Petroleum Narol,Narol,9904633432
New Sagar Spring Reparing Works Telav Sanand Ahmedabad,Ahmedabad,8401343885
New Sahkar Krushi Sadhan Works Karjan,Karjan,"9898609300 , 9998278920"
New Sai Marketing Golagamdi Sankheda,Bodeli,8780385033
New Sai Motors Nashik City Mh,Nashik,"9657131203 , 8055710443"
New Sajawat Sofa House Kamrej,Surat,"9377797405 , 8238288477"
New Sangam Auto Parts Sarkhej,Sarkhej,9879754645
New Sangamner Automobiles Sangamner Mh,Nashik,9881855926
New Sangamner Automobiles Sangamner W Mh,Nashik,9881855926
New Saptsurngi Automobies Munjoba Phata Mh,Nashik,"8805959771 , 7293111177"
New Saptsurngi Automobies Munjoba Phata W Mh,Nashik,"8805959771 , 7293111177"
New Satish Auto Parts Dhule M.H.,Dhule,"9422267371 , 7020979933 , 985009621"
New Satish Auto Parts Dhule M.H.W,Dhule,"9422267371 , 7020979933 , 985009621"
New Satnam Auto Center Isanpur Ahmedabad,Ahmedabad,9724645435
New Satyam Motors Bayad,Bayad,"9426555829 , 209"
New Savan Motors Adajan Surat,Surat,"9924411123 , 9157814888"
New Shakti Automobiles Chitra Bhavnagar,Bhavnagar,9824258730
New Sharda Auto Center Nandurbar,Nandurbar,9422786700
New Sheetal Maruti Spares Mirzapur,Mirzapur,9427956836
New Shital Automobiles Mithakhali Ahmedabad,Ahmedabad,9898886639
New Shivam Motors & Auto Election Kamrej,Surat,9909625087
New Shree Rang Automobiles Vadoli Olpad,Sayan,9726673431
New Shreeji Tractor Areth,Mandvi,9712255118
New Shreeji Traders Songadh,Songadh,8866255114
New Sky Automobile Sola,Ahmedabad,7600733196
New Speed Battery Udhna Surat,Surat,"9898545222 , 9773409050"
New Star Auto Parts Sachin,Sachin,9724983003
New Star Automobiles Radhanpur,Radhanpur,9714157755
New Star Motor Garage & Parts Chikhli,Navsari,"9879175617 , 8401866589"
New Sukhmani Motors Dwarka Circle Nashik Mh,Nashik,"9096699992 , 9822033122"
New Sunder Motors Dhule,Dhule,"9604500374 , 9822490031"
New Sunil Automobiles Sangamner W Mh,Nashik,9595314343
New Super Mattress Ankleshwar,Bharuch,"7383150182 , 9173102796"
New Tawakkal Lining Works Bharuch,Bharuch,"9904168387 , 9737555679"
New Umiya Auto Electricals Valak Patia,Kamrej,9879676009
New Umiya Hardware Plywood Kamrej,Kamrej,"9427104097 , 8780026471"
New Vardhman Automobiles Malegaon Mh 1 Old,Malegaon town,"9404201743 , 8329979478"
New Vardhman Automobiles Malegaon Mh,.,209
New Vardhman Automobiles Malegaon Mh Old,Malegaon town,"9404201743 , 8329979478"
New Vardhman Automobiles Malegaon Mh,Nashik,"9404201743 , 8329979478"
New Vardhman Automobiles Malegaon Mh W Old,Malegaon town,"9404201743 , 8329979478"
New Vikas Auto Parts Nadiyad,Nadiad,"7990747425 , 9825490831"
New Vikas Automobiles Anand,Anand,"9724912624 , 7226092952"
New Wankaner Automobiles Morbi,Morbi,"9998748887 , 9228229843"
Nextgent Trac Spares Changodar,Sarkhej,"9824113671 , 9429673671"
Nidhi Auto Umbhel,Kadodara,9737107726
Nidhish Enterprise Mirzapur,Mirzapur,9824012128
Nigam Traders Narol,Narol,"9428106417 , 8849416886 , 9898410541"
Nihala Auto Solutions Pvt Ltd Baleshwar,Palsana,9904978585
Niharika Tractor And Agro Services Nandurbar M.H.,Nandurbar,"8657111123 , 9574793993"
Nijashray Automobiles Navsari,Navsari,"8866776709 , 7984092143"
Nijashray Automobiles Navsari Old,Navsari,7984092143
Nikhil Auto Garage Nashik Road Mh,Nashik,"9860444222 , 9595628926"
Nikhil Auto Garage Nashik Road W Mh,Nashik,"9860444222 , 9595628926"
Nikhil Auto Parts Malegaon Mh,Malegaon town,"7770043693 , 9689981741"
Nikhil Automobiles And Garage Sinner Mh,Nashik,"8007074449 , 7499981055 , 8788941579"
Nikhilbhai Songadh,Songadh,9426869355
Nikunjbhai Ichhapor Hazira,Hazira,9327855222
Nilam Auto & Tractor Parts Khedbrahma,Himat Nagar,9974943516
Nilam Auto & Tractor Parts Khedbrhama,Himat Nagar,9974943516
Nilam Auto Agency Mahesana,Mahesana,9426342851
Nilam Auto Parts Ider,Ider,"8511047003 , 9974943516"
Nilam Auto Parts Ider Old,Ider,"8511047003 , 9974943516"
Nilam Auto Parts Ider W Old,Ider,"8511047003 , 9974943516"
Nilam Motors Satlasana,Ahmedabad,"9913796259 , 6355436843"
Nilam Motors Satlasana,.,"209 , 9913796259 , 6355436843"
Nilangbhai Sanathal,Sanatal,9898877714
Nilesh Auto Parts Anjar,Anjar,9998264950
Nilesh Automobiles Pathardi Fata Mh,Nashik,9822599690
Nilesh Automobiles Pathardi Fata W Mh,Nashik,9822599690
Nilesh Automotive Dhule,Dhule,"9372430104 , 9370134104"
Nilesh Bearing Himatnagar,Himat Nagar,"9428966433 , 7990889920 , 9662610275"
Nilesh Enterprise Bhuj,Bhuj,"9925604546 , 8866804546"
Nilesh Enterprise Bhuj Old,Bhuj,"9925604546 , 8866804546"
Nilesh Punjaram Patil Songadh,Songadh,"8000410025 , 7621097158"
Nilesh Traders Sevalia,Kheda,9925181270
Nileshbhai Chikhli,Chikhli,9726762806
Nileshbhai Dahej,Dahej,"8155011061 , 8155011060"
Nileshbhai Deyodar,Deesa,"94276039060 , 9427639030"
Nileshbhai Panthwada,Deesa,"9714302877 , 9898289110"
Nileshbhai Sevalia,Kheda,9925181270
Nileshbhai Songadh,Songadh,"8000410025 , 7621097158"
Nilima Motors Baroda City,Baroda,9825304138
Nilkanth Auto Parts Mansa,Mahesana,9429463247
Nilkanth Auto Parts Naroda,Naroda,"9574748915 , 9974743136"
Nilkanth Auto Spares Deesa,Deesa,9879463290
Nilkanth Automobiles Odhav,Odhav,9725419269
Nilkanth Automobiles Sarkhej,Ahmedabad,9825521688
Nilkanth Glass & Hardware Bharuch,Bharuch,"9602976947 , 9978343462"
Nilkanth Motors Bamroli Road Surat,Surat,9825395849
Nilkanth Motors Dabhoi,Baroda,"9978882707 , 9687558578"
Nilkanth Sofa Works Bharuch,Surat,9824340566
Nilkanth Spare Parts Valsad,Valsad,9428383763
Nilkanth Traders & Lubricants Kamrej,Kamrej,"9879458821 , 9687787348"
Nilkanth Traders And Auto Parts Golagamdi Sankheda,Bodeli,9737022121
Nilkanth Trading Sayan,Surat,"9978891756 , 9925053138 , 9429352042"
Nilsol Auto Parts Talaja,Bhavnagar,8160865151
Nimbabhai Panthwada,Deesa,7733003197
Nimeshbhai Vapi,Vapi,
Nipun Erthmovers Sarkhej,Sarkhej,9426025495
Nirajbhai Manmad Chokdi Mh,Nashik,9579429429
Nirmal Auto Parts Anand,Anand,7698603595
Nirmalbhai Rj Surat,Surat,9925021791
Nisha Auto Electriacals Vapi,Vapi,"8460278543 , 9710404043"
Nisha Automotive Mirzapur Ahmedabad,Ahmedabad,"9924750745 , 9265944802"
Nishad Auto Parts Anjani Umraphatak Hw,Sayan,8128600134
Nishad Auto Parts Anjani Umraphatak,Sayan,8128600134
Nishant Corporation Surat,Surat,9638330880
Nishant Grease & Lube Speciality Kamrej,Kamrej,"9925897969 , 8200086859"
Nishant Tyres Talaja,Bhavnagar,"9724094009 , 9426221110"
Nishit Automobiles Ranoli,Ranoli,9825341616
Nishit Sales Bhavnagar W Old,Bhavnagar,"9727766161 , 9376764732"
Nishitbhai Vapi,Vapi,9825394432
Nishwa Traders Dhansura,Vadagam,9825223896
Nitesh Gupta Shirpur,Dhule,"9822893554 , 9423466604"
Niti Auto Parts Bareja,Kheda,"9428533312 , 8866303525"
Niti Auto Parts Bareja Hw,Kheda,"9428533312 , 8866303525"
Nitin Automobiles Yeola Mh,Nashik,8999824284
Nitin Automobiles Yeola W Mh,Nashik,8999824284
Nitin Enterprise Vishalbhai Dwarka Mh,Nashik,"9762020866 , 7972678924"
Nitin Motors Adgaon Nashik Mh,Nashik,"8975533797 , 9284809285"
Nitin Motors Adgaon Nashik W Mh,Nashik,"8975533797 , 9284809285"
Nitinbhai Mirzapur,Mirzapur,9924534336
Nitinbhai Sarthana,Surat,8849462763
Nitinbhai Vadagam,Vadagam,9925746097
Nitname Carriers Ranoli,Vadodara,9904978585
Nitname Carriers Ranoli,Palsana,9904978585
Nitu Auto Agency Udaipur,Udaipur,"7014526314 , 9414473819"
Nityam Auto Distributors Lasalgaon Mh,Nashik,"9765370477 , 8975829295"
Nobel Auto Links Sarkhej,Ahmedabad,9825147804
Noble Battery Vesma,Navsari,6351131339
Noble Furnising Bharuch,Bharuch,9898314615
Noble Motors Gandhidham,Gandhidham,"9879160010 , 9428032024"
Noman Automobiles Vani,Nashik,"9657295143 , 9011939390"
Noman Automobiles Vani M.H,Nashik,"9657295143 , 9011939390"
Noor Enterprises Indore,Indore,9826300779
Noor Mohamad Adam Patel Muler,Jambusar,9574409676
Noorani Automobiles Ishadbhai Netrang,Netrang,7698877488
Noorani Automobiles Ishadbhai Netrang Hw,Netrang,7698877488
Noorani Automobiles Ishadbhai Netrang,Navsari,7698877488
Noorani Automobiles Netrang,Netrang,"7698877488 , 9429479089"
Noorani Automobiles Netrang Hw,Netrang,7698877488
Noorbhai Himmatnagar,Himat Nagar,209
Noori Motors Amreli,Amreli,9925874060
Nurani Auto Garage Vesma,Navsari,"9824578970 , 9724131995"
Nutan Enterprise Panoli Anleshwar,Ankleshwar,"9408368412 , 9429275493"
Nutan Motors Parts Jivrajpark,Jivrajpark,9924952773
Ojsh Automobiles Narol,Narol,8000581510
Om Auto Bhuj Kutch,Bhuj,"8200677073 , 9726213435"
Om Auto Garage Buhari,Vasda,9979680365
Om Auto Parts Bhilad,Valsad,9328221019
Om Auto Parts Naroda,Naroda,9824487803
Om Automobile Ring Road Surat,Surat,6351608542
Om Automobiles Bardoli,Bardoli,"9601253899 , 7016552304"
Om Automobiles Dhumad Chokdi Baroda,Baroda,9824371477
Om Automobiles Dhumad Chokdi Baroda,Surat,9824371477
Om Automobiles Kheralu,Siddhpur,"9427376215 , 9725177127"
Om Automobiles Vartej,Bhavnagar,7567321417
Om Automotive Dhumad X Baroda,Baroda,9824371477
Om Chaitanya Auto Sherwade Fata Mh,Nashik,"88888842181 , 9922219540"
Om Chaitanya Auto Sherwade Fata W Mh,Nashik,"88888842181 , 9922219540"
Om Forklift Parts Silvassa,SILVASSA,"9714955552 , 9662004153"
Om Forklift Parts Silvassa,Valsad,209
Om Lubricants Adajan Surat,Surat,9033382787
Om Machinery And Hardware Store Vasda,Vasda,9979892901
Om Marketing Ankleshwar,Ankleshwar,"9978850700 , 9428499768"
Om Marketing Sinnar Phata Nashik Mh,Nashik,9028846660
Om Marketing Sinnar Phata Nashik W Mh,Nashik,9028846660
Om Millgin Store Sachin,Sachin,7069096549
Om Motors Ankleshwar,Ankleshwar,"9898319357 , 9427877707"
Om Motors Deesa,Deesa,"9924074175 , 8200190522 , 8140362164"
Om Motors Patelbhai Nana Varachha,Surat,"9978375436 , 9978614718"
Om Motors Sarkhej,Sarkhej,9825229505
Om Namah Shivay Dindori Mh,Nashik,"8975714912 , 9975369151"
Om Sai Auto Kadodara,Kadodara,"9662590235 , 7383776050"
Om Sai Auto Parts Dharampur,Dharampur,9898890245
Om Sai Auto Parts Kamrej,Surat,9879099856
Om Sai Automobiles Rajpipla,Rajpipla,9879957585
Om Sai Garage & Spares Vinchur Mh,Nashik,"9689649342 , 7758817151"
Om Sai Motors Nanapondha Hw,Valsad,9925510438
Om Sai Motors Nanapondha,Valsad,9925510438
Om Sai Oil Centre Kamrej,Surat,"9909031428 , 9825421428"
Om Sales Agencies Ranoli,Ranoli,"9924330336 , 9925150644"
Om Sales Bardoli,Bardoli,"9737150377 , 9375050377"
Om Shanti Automobiles Khapar,Nandurbar,"08600226143 , 8600226143"
Om Shanti Automobiles Khapar Hw,Nandurbar,08600226143
Om Shiv Sai Auto Stores Satpur Mh,Nashik,"8208526185 , 9325648837 , 9689513400 , 8237959745"
Om Shiv Sai Auto Stores Satpur W Mh,Nashik,"8208526185 , 9325648837 , 9689513400 , 8237959745"
Om Shreya Auto Center Dharampur,Dharampur,"9727609824 , 9712957224"
Om Tractor Vyara,Vyara,9426805804
Om Tractors & Spaires Nizar,Tapi,9664897453
Om Tractors & Spaires Nizar Mh,Tapi,9737605354
Om Traders Bardoli,Bardoli,"9426805804 , 9594095304"
Om Traders Sayan,Sayan,9601514005
Omkar Auto Agency Mirzapur,Mirzapur,9427703468
Omkar Auto Electricals Udalpur Sevaliya,Vadodara,9879943827
Omkar Auto Electricals Udalpur Sevaliya 1 Old,Vadodara,9879943827
Omkar Auto Electricals Udalpur Sevaliya Old,Vadodara,9879943827
Omkar Auto Parts Adalaj,Adalaj,"9426670725 , 8849184561 , 209"
Omkar Auto Parts Bharuch Hw,Bharuch,9426833855
Omkar Auto Parts Bharuch,Bharuch,9426833855
Omkar Auto Parts Mohanbhai Nana Varaccha,Surat,6354087055
Omkar Auto Spares Bhuj,Bhuj,9376112890
Omkar Automobiles Bardoli,Bardoli,9879920420
Omkar Automobiles Dahod,Dahod,9825693685
Omkar Industries Chandial Ahmedabad,Ahmedabad,9825693685
Omkar Motors Hiteshbhai Nana Varachha Surat,Surat,"9925051056 , 9925880220"
Omkar Tractor Parts & Battery Valavav Chokdi Sevalia,Baroda,9427693592
Onest Auto Parts Kheralu,Siddhpur,"9978171820 , 9925098328 , 209"
Orange Corporation Vapi Old,Vapi,"9099023239 , 9825231375"
Orange Corporation Vapi U3 Old,Vapi,"9099023239 , 9825231375"
Orange Corporation Vapi U4 Old,Vapi,"9099023239 , 9825231375"
Orange Weaving Engineering Pvt Ltd Sachin,Surat,"9909982171 , 8200118382"
Orient Auto Parts Mirzapur,Mirzapur,9898347224
Osia G Tools Deesa Aakhol,Deesa,"9898821999 , 9737711999 , 209"
P G Auto Parts Gitamandir,Ahmedabad,9825787400
P G Hydrolics Chhadwel M.H,Dhule,8698169218
P H Auto Center Amreli,Amreli,9824927555
P I Parekh And Co Pandesara Surat,Surat,9825640190
P P Auto Agencies Dwarka Nashik W Mh,Nashik,8623084479
P Patel & Co.Karjan,Karjan,"9428640427 , 9879558094"
P Patel And Co Kamrej U3 M Old,Kamrej,9737700077
P Patel And Co Kamrej,Kamrej,9624577177
P Patel And Co Kamrej W M Old,Kamrej,9737700077
P Patel Creation Kamrej,Surat,9737700077
P R Auto Spares Nashik Mh,Nashik,9527631615
P R Auto Spares Nashik W Mh,Nashik,9527631615
P S Auto Parts Navsari,Navsari,9601290706
P S Industrial Store Pandesara Surat,Surat,9327330850
P S Moters Ramol,Ramol,9825019523
P V Shah And Co Ahmedabad,Ahmedabad,9227202263
Pacific Pride Lube Kamrej,Kamrej,9979907727
Padmabhai Ratanji Choudhari Dhanera,Deesa,"7698372029 , 7041776183"
Padmavati Automobiles Aslali,Aslali,9898864494
Padmavati Automobiles Vishalbhai Narol,Narol,9377245567
Padmavati Earthmovers Modasa,Madasa,"9157524811 , 7600022126"
Padmavati Earthmovers Modasa,Modasa,"9157524811 , 7600022126"
Padmavati Sales Madhi,Madhi,"9638579922 , 9427106430 , 9427425811"
Padmavati Tractore And Auto Parts Karjan,Karjan,9998619399
Padmavati Tractors Sarkhej,Sarkhej,9376107601
Pagar Motors Arvindbhai Ozar Mh,Nashik,"9823174200 , 7798776797"
Pagar Motors Arvindbhai Ozar W Mh,Nashik,"9823174200 , 7798776797"
Pagar Spares Ozar M.H.W,Nashik,"9823427151 , 9764110351"
Pahwa Automobiles Nashik W Mh,Nashik,"9822014143 , 8956414143"
Pahwa Automobiles Nashik W Mh Old,Nashik,"9822014143 , 8956414143"
Paigam Auto Center Rajkot,Rajkot,"6351630916 , 9998019342"
Paigam Auto Parts Godhra,Godhra,9825492248
Palak Auto Parts Balitha,Vapi,7874799964
Palak Enterprise Chikhli,Navsari,"9979335555 , 209"
Palanpur Auto Agency Palanpur,Palanpur,"9429720638 , 9723472654"
Palasara Auto Parts Chhapi Vadgam,.,209
Palasara Auto Parts Mahmad Ali Gulam Abbas Chhapi,Deesa,"9601965765 , 9898691986"
Palasara Auto Store Minhaj Chhapi,Deesa,"9998171784 , 6351374966"
Panchal Engineering Rajpardi,Rajpardi,"9428443677 , 9624426797"
Panchal Mechanical Works Rajpardi Hw,Rajpardi,"9428443677 , 9624426797"
Panchal Mechanical Works Rajpardi,Rajpardi,"9428443677 , 9624426797"
Panchal Motors Deesa W Old,Deesa,9825226620
Panchkrushna Mahindra Tractor Sales Chandori Mh,Nashik,8411977089
Panchmahal Automobiles Dahod,Dahod,9427035552
Pandav Auto Spare And Service Niphad Mh,Nashik,"9890105777 , 9890983007"
Panish D Shah,Rajkot,9825310930
Panjabi Traders Godhra,Godhra,9898046259
Pankaj Automobiles Pimpalgon Baswant M.H.,Nashik,7588096731
Pankaj Automobiles Pimpalgon Baswant W M.H.,Nashik,9922417583
Pankaj Motors Pimpalgaon Mh,Nashik,9922417583
Pankaj Motors Pimpalgaon W Mh,Nashik,9922417583
Pankajbhai Adalaj,Adalaj,9227010022
Pankajbhai Bharuch,Bharuch,9427977980
Pankajbhai Netrang,Netrang,9925895500
Pankajbhai Sarkhej,Sarkhej,"0946670631 , 7600967486"
Panth Auto Spare & Workshop Amroli Hw,Surat,"9727556555 , 8469962710"
Panth Auto Spare & Workshop Amroli,Surat,"9727556555 , 8469962710"
Paragbhai Dholka,Kheda,7383248970
Parakh Enterprises Nandgaon Mh,Nashik,"9423483959 , 9604007699"
Parakh Enterprises Nandgaon W Mh,Nashik,"9423483959 , 9604007699"
Parakh Motors Nandgaon W Mh,Nashik,"9423483959 , 9604007699"
Param Oil Depo Vadodara,Baroda,9925121320
Paras Agency Gandhidham,Kutch,"9638310807 , 7990547188"
Paras Auto Agency Changodar,Chandgodar,"9825524101 , 9428017670 , 9714272900"
Paras Auto Link Bhuj,Bhuj,"9227541800 , 9429170370"
Paras Automobiles Bhuj,Bhuj,9427438727
Paras Automobiles Bilimora 1 Old,Chikhli,9426128844
Paras Automobiles Bilimora Old,Chikhli,9426128844
Paras Automobiles Bilimora W Old,Chikhli,9426128844
Paras Automobiles Nashik W Mh,Nashik,"9881252020 , 7588708296"
Paras Hardware Pandesara,Surat,9426395632
Paras Industrial Park Mirzapur,Ahmedabad,9408780110
Paras Industrial Store Kadodara,Kadodara,9924100757
Paras Motors Mirzapur,Mirzapur,9428017670
Paras Petroleam Vatva Ahmedabad,Ahmedabad,"9898938087 , 9558818087"
Paras Traders Sachin,Surat,9998642205
Parasbhai Mirzapur,Mirzapur,9825422097
Parasbhai P Shah Navsari,Navsari,8980134203
Parash Lining Works Bharuch,Bharuch,"9427187253 , 9173905905 , 209"
Parash Trand Automo Kamrej Rth,Surat,209
Parashbhai Raval Kamrej,Surat,9426085651
Parco Engineerinf Corporation Sarkhej Hw,Sarkhej,"9824439794 , 9824057277"
Parco Engineerinf Corporation Sarkhej,Sarkhej,"9824439794 , 9824057277 , 6351026267 , 9979063091"
Pareshbhai Waghodia Baroda,Baroda,9726139454
Pareshbhai Balaji Navsari,Navsari,209
Pareshbhai Diamond Nagar,Kamrej,8469645246
Pareshbhai Kadodara,Kadodara,9824272688
Pareshbhai Karjan,Karjan,9429829065
Pareshbhai Kosamba,Kosamba,209
Pareshbhai Limbadiya Chokdi Lunavada,Godhra,9913071802
Pareshbhai Nanapurna,Valsad,9879412319
Pareshbhai Nanapurna,Nanapurna,209
Pareshbhai Palanpur,Palanpur,9898313438
Pareshbhai Songadh,Songadh,9909615579
Pareshbhai Vadagam,Vadagam,9979370515
Parinda Clutch Repowring Works Kamrej,Kamrej,9638649116
Parishikhar Industries Ramol,Ramol,"9879569775 , 8160231296"
Parmar Auto House Botad,Botad,9824835163
Parshva Automobiles Ghoti Mh,Nashik,8055980900
Parshva Automobiles Ghoti Mh Old,Nashik,8055980900
Parshva Automobiles Ghoti W Mh,Nashik,8055980900
Parshva Automobiles Ghoti W Mh Old,Nashik,8055980900
Parshva Enterprise Gunjan Vapi,Vapi,9879147607
Parshva Motors Dhanduka,Dhanduka,9898494719
Parshwa Auto Point Mandvi Kutch,Kutch,"9928080349 , 8511679251"
Parshwanath Automobiles Naroda Ahmd,Naroda,"9825986895 , 9408138518"
Parshwanath Motors Sarkhej,Sarkhej,9426487008
Parshwanath Suppliers Pandesara Surat,Surat,"9879596317 , 9426118017"
Parshwanath Tex Parts Kadodra,Surat,"9879596317 , 8200707457 , 9327402109"
Parsva Automotive Gandhidham Kutch,Gandhidham,8238558411
Parth Auto Agency Mirzapur,Ahmedabad,9825033876
Parth Auto Balasinor,Baroda,"9879227795 , 9426368697"
Parth Auto Spare Bhatena Surat,Surat,9909245515
Parth Auto Spares Bhathena Surat,Surat,"9909245515 , 209"
Parth Automobiles Samakhiyali Kutch,Kutch,9825473721
Parth Automobiles Samakhiyali Kutch W Old,Kutch,9825473721
Parth Electronics Exp,Surat,209
Parth Motors Vyara,Vyara,8306922405
Parth Power Solution Rajkot,Rajkot,97270457000
Pashupati Auto Parts Chikhodra Chokdi Anand,Anand,"9879650979 , 9157574058"
Pashupati Auto Parts Chikhodra Chokdi Anand Old,Anand,"9879650979 , 9157574058"
Patel Agency Kantibhai Tati Thaiya,Kadodara,"9825189078 , 9374545551"
Patel Auto & Tractors Vyara Hw,Vyara,9825171702
Patel Auto & Tractors Vyara,Vyara,9825171702
Patel Auto Agencies Gandhidham,Gandhidham,9825548655
Patel Auto Agencies Katargam Surat Rth,Surat,209
Patel Auto Agencies Katargam Surat,Surat,9979866477
Patel Auto Agencies Navapur Rameez,Nandurbar,"9327557776 , 9209957776 , 7020455581"
Patel Auto Amroli Surat,Surat,"209 , 8401017214 , 9033315131"
Patel Auto Amroli Surat Hw,Surat,"8401017214 , 9033315131"
Patel Auto And Tractor Bardoli,Bardoli,9825526254
Patel Auto And Tractor Navsari,Navsari,9428163425
Patel Auto Body Parts & Accesaries Kamrej,Kamrej,9428456136
Patel Auto Parts Abbasbhai Jambusar,Bharuch,9825466225
Patel Auto Parts Hazira Hw,Surat,9714444302
Patel Auto Parts Hazira,Surat,9714444302
Patel Auto Parts Kishanbhai Rajkot,Rajkot,"9879963111 , 9913538286"
Patel Auto Parts Muler Aiyubbhai,Amod,"9979513101 , 7096701592"
Patel Auto Parts Nirnaynagar Amd,Ahmedabad,"9726629218 , 9099742333"
Patel Auto Parts Saileshbhai Mandvi,Mandvi,9662504317
Patel Auto Parts Somabhai Kim,Kim,9824592855
Patel Auto Sales Jigneshbhai Mandvi,Mandvi,9879044630
Patel Auto Spare Ankleshwar,Ankleshwar,"9662247298 , 9898207315"
Patel Auto Spare Dharampur,Dharampur,9825169118
Patel Auto Trading Center Kim,Kim,9879071501
Patel Automobile Ctm Ahmedabad,Ctm,9824658445
Patel Automobiles Ank Jabirbhai,Ankleshwar,9825323964
Patel Automobiles Bharuch,Bharuch,9624084196
Patel Automobiles Dahej,Dahej,209
Patel Automobiles Dhanduka,Dhanduka,9998600008
Patel Automobiles Dineshbhai Kadodara,Kadodara,"9375593775 , 9375038236 , 209"
Patel Automobiles Gandhidham,Gandhidham,9428672424
Patel Automobiles Kadi,Mahesana,"9909856389 , 9426414297"
Patel Automobiles Kadi Hw,Mahesana,9426414297
Patel Automobiles Kamrej Hmt,Kamrej,9426440464
Patel Automobiles Navsari Jigneshbhai,Navsari,9909666880
Patel Automobiles Saroli,Surat,"9377777101 , 7802049404"
Patel Automobiles Sayan,Sayan,"9824196530 , 7567511490"
Patel Automobiles Visnagar,Visnagar,9426595690
Patel Automoniles Memco Naroda Amd,Naroda,"9898507041 , 9428807966"
Patel Automoniles Memco Naroda Amd Hw,Naroda,"9898507041 , 9428807966"
Patel Battery Katargam Surat,Surat,9825086045
Patel Battery Navsari,Navsari,9925435343
Patel Battery Service City Light Surat,Surat,9913728217
Patel Brothers & Co. Usmanpura Ahmedabad,Ahmedabad,"9624440888 , 9173888311"
Patel Car Body Parts Ankleshwar,Ankleshwar,9428482058
Patel Electric And Auto Electric Chikhli,Chikhli,9879548626
Patel Enterprise Karjan,Vadodara,"9998859497 , 9106726060"
Patel Enterprise Mota Varachha,Surat,"9825430772 , 9377508098"
Patel Enterprise Rajkot,Rajkot,"9408611304 , 209"
Patel Farm Services Kamrej,Surat,9426440464
Patel Hardware And Plywood Center Ankleshwar,Ankleshwar,9879911620
Patel Hydrolics Waghodia Baroda,Baroda,9726139454
Patel Inn & Travels Pvt Ltd Sanathal,Sanatal,"9925455888 , 9925244283"
Patel Marketing Rander Surat,Surat,9824134534
Patel Motor Garege Kamrej,Kamrej,"9825123413 , 9624896706 , 9825127413"
Patel Motor Garege Kamrej,Surat,"9825127413 , 9624896706"
Patel Motors And Parts Acceserioes Botad,Botad,9824927587
Patel Motors Deesa,Deesa,9909673374
Patel Motors Navsari,Navsari,"8849127602 , 9825274650 , 9825287746"
Patel Motors Pathawada,Deesa,"9909466483 , 9998840817"
Patel Motors Umargam,Valsad,8401736611
Patel Motors Yogeshbhai Dholka,Kheda,"9925551554 , 9979000435"
Patel Nagarbhai Dalabhai Palanpur,Palanpur,9427261393
Patel Oil & Battery Kapurai Chokdi Baroda,Baroda,"7228083255 , 7202067223"
Patel Oil Agency Ankleshwar,Ankleshwar,"9426138496 , 9426878275"
Patel Oill & Battery Anand,Anand,9016601379
Patel Sales Dhanera,Deesa,9426897106
Patel Sales Service Olpad,Surat,8511261123
Patel Sarvambhai Karabhai Tharad,Tharad,"9662926147 , 9638745203"
Patel Sell Service Olpad M Old,Surat,8511261123
Patel Service Station Vyara,Vyara,209
Patel Tractor Babara,Bhavnagar,"9979780721 , 9913402146"
Patel Tractor Parts Naswadi,Baroda,"9081833965 , 7046169785"
Patel Tractor Rander Surat,Surat,
Patel Tractor Spares Kadodara,Kadodara,9427392128
Pathak Auto Parts Nanavaracha Surat,Surat,"9824802606 , 9586642606"
Pathan Auto Parts Ucchal,Tapi,9284429408
Patharia Auto Center Hazira Rth,Surat,209
Pathria Auto Center Vinaybhai Hazira 1 Old,Hazira,9913391313
Pathria Auto Center Vinaybhai Hazira Old,Hazira,9913391313
Pathria Auto Center Vinaybhai Hazira,Hazira,"9913391313 , 9375560596"
Pathria Automobiles Babuji Kadodara,Kadodara,9824642910
Pathria Automobiles Babuji Kadodara Hw,Kadodara,9824642910
Patidar Agencies Kamrej,Kamrej,9879518446
Patidar Agency Sola,Sola,9898216170
Patidar Auto Agency Mahesana,Mahesana,"9428558152 , 9909674777"
Patidar Auto Mahesana,Mahesana,"9724928025 , 9825700202"
Patidar Auto Paj Mahesana,Mahesana,9904888777
Patidar Auto Priyankbhai Deesa,Deesa,"9712820991 , 9408861550"
Patidar Automobiles Amreli,Amreli,9824233039
Patidar Automobiles Randheja,Ahmedabad,7778919229
Patidar Battery & Oil Bardoli,Bardoli,"9428390944 , 209"
Patidar Tractors & Motors Parts Babra,Bhavnagar,9428793250
Patil Hydrulics Dwarka Nashik Mh,Nashik,"7420820953 , 9834044426"
Patil Hydrulics Dwarka Nashik W Mh,Nashik,"7420820953 , 9834044426"
Patil Motors Chandvad Mh,Nashik,"09420441899 , 09168987348 , 9420441899 , 9168987348"
Patil Motors Manmad Mh,Nashik,"7620437860 , 9823632537"
Patil Motors Ojhar Mh,Nashik,"9673711565 , 9657276220"
Patil Motors Ojhar W Mh,Nashik,"9673711565 , 9657276220"
Patil Tractor Spers Dindori Mh,Nashik,"9423474590 , 7350709354"
Patil Tractor Spers Dindori W Mh,Nashik,"9423474590 , 7350709354"
Patson Cunstruction Chemical Bharuch,Bharuch,9428178500
Pavan Auto Parts & Garage Dharampur,Dharampur,"6355019143 , 9974103151"
Pavan Automobiles Unjha,Patan,"9427082632 , 8160808839"
Pavan Bhilad,Vapi,8320278356
Pavan Hydrualic Sarkhej,Sarkhej,"9879575282 , 8320621548"
Pavan Tractor Akhol Deesa,Deesa,9428654724
Pavanbhai Ichhapur,Surat,9898652966
Pawan Putra Garage Panthawada,Deesa,"7228887395 , 9424184095"
Pawan Trading Bharuch,Bharuch,8401514444
Pawar Auto Ozar Mh,Nashik,9422274721
Pawar Auto Ozar W Mh,Nashik,9422274721
Pawar Auto Spares Nashik W Mh,Nashik,"9767734772 , 9503565865 , 9890658236"
Payal Auto Patrs Kaalol,Kalol,9428363202
Payal Auto Patrs Kaalol Old,Kalol,9428363202
Payal Auto Patrs Kaalol W Old,Kalol,9428363202
Pee Gee Sons Ahemdabad Astodiya Gate,Ahmedabad,"9009737851 , 9998728572"
Perfact Motors Gandhipura Kheda,Kheda,"9824664607 , 9724977899"
Perfect Auto & Electric Mangrol Junagadh,Junagadh,8160128724
Perfect Auto Chikhli,Chikhli,9227221188
Perfect Car Accessoreis & Seat Cover Kanodar,Palanpur,9824563144
Perfect Doors Windows And Pvc Furniture Surat,Surat,"9824080098 , 9687611429"
Perfect Furniture Solution Surat W Old,Surat,9687611429
Perfect Motors Anand,Anand,9825369489
Perfect Motors Surat,Surat,9825344199
Perfect Sales Corporation Mirzapur,Mirzapur,9924534336
Pinakin R Jaiswal Halol,Kalol,9725865802
Pinakinbhai Palanpur,Palanpur,209
Pinalbhai Vapi,Vapi,"8000967516 , 9725014035"
Pinkalbhai Por,Baroda,9725036899
Pinkalbhai Por,Karjan,"9725036899 , 9228252082"
Pinkeshbhai Sarkhej,Sarkhej,9033816765
Pinky Auto Parts Aslali,Aslali,9173545417
Pinky Auto Parts Aslali W Old,Aslali,9173545417
Pinky Auto Stor Aslali,Aslali,9909088444
Pinky Auto Store Aslali,Aslali,9909088444
Pintubhai Anand,Anand,9974085909
Pintubhai Ankleshwar,Ankleshwar,"9974754027 , 9898508309"
Pioneer Automobiles Road Nashik W Mh,Nashik,"9890093011 , 9922624567"
Pitambara Auto Parts Palanpur,Palanpur,"9173902121 , 9925698476"
Pitroda Auto Parts Limbdi,Dhanduka,9979999578
Piyush Agencies Kadodara,Kadodara,9687472202
Piyush Automobiles Kadodara,Kadodara,9687472202
Piyush Automobiles Kadodara Old,Kadodara,9687472202
Piyushbhai Bharuch,Bharuch,"9067141995 , 209"
Piyushbhai Evergreen Sachin,Sachin,9909144456
Piyushbhai Palsana,Palsana,9426447190
Pk Transmission Products Pvt Ltd Chagodar Amd,Ahmedabad,9898777766
Pokar Automobiles Tarapur,Anand,"9712985784 , 9824885784"
Pooja Agencies Dhule,Dhule,"9422749067 , 9049249067"
Pooja Auto Vasda,Vasda,9925976444
Pooja Automobiles Balitha,Vapi,8000292592
Pooja Automobiles Balitha,Nagaur,209
Pooja Automobiles Balitha,Balitha,209
Pooja Automobiles Kadodara,Kadodara,9427151603
Pooja Automobiles Randheja,Mahesana,9377338088
Pooja Enterprise Dahej,Dahej,9925049165
Pooja Fastners Sachin,Sachin,9428143371
Pooja Glass & Hardware Bharuch,Bharuch,9909502806
Pooja Hardware And Plywood Centre Ankleshwar,Ankleshwar,9824392920
Pooja Motors Sandipbhai Anjar,Anjar,9825457774
Pooja Tractor Satishbhai Anjar,Anjar,9825857721
Pooja Traders Deesa,Deesa,9428138993
Poonam Auto Parts Rander Surat,Surat,9328075911
Poonam Auto Spares Dharampur,Dharampur,9428894532
Poonam Automobiles Satlasana,Ahmedabad,9426555580
Poonam Enterprise Kim,Kim,"9825896900 , 9879282852 , 7874497696"
Popatkaka Odhav,Odhav,9724374642
Popular Auto Agency Surat,Surat,209
Popular Auto Diesel Surat,Surat,9978533922
Popular Auto Parts Gandhinagar,Gandhi Nagar,9723988887
Popular Auto Parts Garudeshwar,Gandhi Nagar,"9428176932 , 9904533461"
Popular Auto Parts Surat,Surat,"9824089570 , 9913495494"
Popular Auto Parts Vyara W Old,Vyara,9898719389
Popular Auto Point Vyara Old,Vyara,8141086616
Popular Auto Spares Bardoli,Bardoli,9377732547
Popular Auto Store Vyara Old,Vyara,9898719389
Popular Auto Store Vyara,Vyara,9898719389
Popular Auto Stores Songadh U3 N Old,Songadh,9898719389
Popular Automobiles Gandhidham,Gandhidham,"9428032024 , 8220696327"
Popular Motor Parts Varachha Surat,Surat,8320849707
Porwal Agencies Baroda,Vadodara,9824346380
Power Battery Amboli,Surat,9723267777
Power Battery Center Kamrej,Surat,"9825108450 , 9924372636 , 8460014544"
Power Care System Ankleshwar,Ankleshwar,8155065265
Power Enterprise Dummas Magdalla,Surat,9909041400
Power Link Electricals Pandesara Surat,Surat,209
Power Link Kadodara,Kadodara,9265285190
Power Strock Generator Pipodara,Kim,9824192380
Power Stroke Generator Pipodara,Surat,9824192380
Powertech Equipment Pvt Ltd Kadodara,Kadodara,9727701014
Prabhat Diesels Kadodara,Surat,9099023239
Prachi Auto Parts Vapi Hw,Vapi,9979885535
Prachi Auto Parts Vapi,Vapi,9979885535
Prachi Enterprise Odhav,Odhav,8511342892
Pradip Automobiles Mahesana,Mahesana,"9879438812 , 209"
Pradip Automobiles Mahesana Hw,Mahesana,9879438812
Pradipkumar Rankuva,Chikhli,9898467020
Pragati Auto Parts Morbi,Morbi,9712993129
Pragati Automobiles Bokhira Porbander,Porbandar,9687944414
Pragati Motors Naroda,Naroda,"9898739952 , 7383809907"
Pragati Motors Vapi,Vapi,"8000892211 , 9724071147"
Pragneshbhai Bharuch,Bharuch,"8128992441 , 7990048484"
Prahladbhai Indaji Sundesha Tharad,Deesa,"9724923155 , 9998829154"
Prajas Automobiles Pvt Ltd Kadodra,Bardoli,"9081812830 , 9081812836"
Prakash Auto Parts Songadh,Songadh,9429012233
Prakash Automobiles Sakuri Mh,Nashik,9822067614
Prakash Automobiles Sakuri W Mh,Nashik,9822067614
Prakash Tractors Netrang,Netrang,9825756808
Prakashbhai Bavla,Bavla,9558565822
Prakashbhai Dhanera,Deesa,9427043140
Prakashbhai Kadodara,Kadodara,9825184965
Prakashbhai Kamrej,Kamrej,9909507467
Prakashbhai Panthwada,Deesa,"7228887395 , 9424184095"
Prakashbhai Sarkhej,Sarkhej,"9427621003 , 9879054932"
Prakashbhai Sayan 1 Old,Sayan,9879642130
Prakashbhai Shah Gandhinagar,Gandhi Nagar,209
Prakashbhai Valsad,Valsad,9825196497
Pramodbhai Bodeli,Bodeli,"9879857447 , 8141849066"
Pramodbhai Sakri M.H,Dhule,"9422237444 , 8390592234"
Pramukh Auto Parts Kadodra,Kadodara,9714110017
Pramukh Auto Parts Naroda,Naroda,9824593200
Pramukh Car Accessaries Padra,Padra,"8238091432 , 9558564360"
Pramukh Car Life Bajipura,Songadh,"9913894450 , 7567855577"
Pramukh Car Life Mandvi,Mandvi,9913894450
Pramukh Car Life Mandvi W Old,Mandvi,9913894450
Pramukh Cooling Systems Ankleshwar,Ankleshwar,9558413383
Pramukh Cooling Systems Ankleshwar,Surat,209
Pramukh Darshan Auto Parts Katargam Surat,Surat,"9104965449 , 7698846250"
Pramukh Darshan Auto Parts Katargam Surat,.,209
Pramukh Darshan Enterprise Bodeli,Bodeli,"8141502196 , 6354303126"
Pramukh Motors Sarkhej,Sarkhej,9825209219
Pramukh Motors Sarkhej Hw,Sarkhej,9825209219
Pramukh Raj Auto Parts Dabholi Surat,Surat,
Pranali Bearing Center Anand,Anand,9924428265
Pranjal Auto Spare Taharabad M.H,Taharabad,9921611470
Pranthi Enterprise Chikhli,Chikhli,9054040111
Prarthna Spare Katargam Surat,Surat,9377193966
Prasad Auto Parts Yeola Mh,Nashik,8087206811
Prasad Auto Parts Yeola W Mh,Nashik,8087206811
Prasad Marine Bilimora,Navsari,"8849839905 , 8866227738"
Prasantbhai Anand,Anand,"9428263172 , 9426417448"
Prasantbhai Deesa,Deesa,"9879312200 , 7778017475 , 6352116171"
Prasantbhai Valakpatiya,Surat,9722024002
Pratik Agro And Auto Spare Khergam Hw,Dharampur,9426893689
Pratik Agro And Auto Spare Khergam,Dharampur,9426893689
Pratik Automobiles Nandgaon Mh,Nashik,"9423178021 , 9881819819"
Pratik Automobiles Sarkhej,Sarkhej,"9376149972 , 9426040112"
Pratik Automobiles Vadagam,Vadagam,9427365844
Pratik Hydrolic And Earth Himmatnagar,Himat Nagar,7600022125
Pratik Motors Surat,Surat,9879570696
Pratik Tractor Khergam Hw,Dharampur,9426893689
Pratik Tractor Khergam,Dharampur,9426893689
Pratikbhai Nashik,Nashik,8087448733
Pratikbhai Sarkhej,Ahmedabad,"9898663732 , 7600063732"
Pratikbhai Vadagam,Vadagam,9427365844
Praty Cycle And Motors Idar,Ider,9825358275
Pravin Hardware And Electricals Argama Bharuch,Bharuch,"9712452816 , 7600429780"
Pravin Motors Palanpur,Palanpur,"9924391353 , 9824071738"
Pravin Patel Nanachiloda,Nana Chiloda,9427616445
Pravinbhai Bharuch,Bharuch,9824121276
Pravinbhai Chikhli,Chikhli,9825120977
Pravinbhai Karjan,Karjan,9825382943
Pravinbhai Nanachiloda,Nana Chiloda,209
Pravinbhai Navsari,Navsari,9428163425
Pravinbhai Odhav,Odhav,9624483341
Pravinbhai Palanpur,Palanpur,"9924391353 , 9824071738"
Pravinbhai Vatva Ahmd,Vatva,7878520555
Prc Logistic Ltd Hazira,Hazira,9374951925
Preet Corporation Sarkhej,Sarkhej,"9909910071 , 9327730771"
Prem Enterprise Daman Kunta Old,DAMAN,8320813343
Prem Motors Deesa,Deesa,9327502529
Prem Motors Dhanera,Deesa,"9727646560 , 9428477640"
Prem Motors Vapi,Vapi,9327725722
Prem Tesla Batt Shop Anand,Anand,"209 , 8140181803"
Prem Tesla Batt Shop Anand,Ahmedabad,8128666055
Prem Tools Prembhai Deesa,Deesa,9913684582
Prembhai Deesa,Deesa,9913684582
Prembhai Kadodara,Kadodara,9979334121
Premier Automobiles Sarkhej,Sarkhej,9727722203
Premier Motor Stores Vapi,Vapi,"9825134212 , 9898880628 , 9723722209"
Premier Motor Stores Vapi Hw,Vapi,"9825134212 , 9898880628 , 9723722209"
Premier Rubber Industrial Baroda,Baroda,9429831687
Premium Atuo Parts Bhuj Kutch,Kutch,9227476161
Premium Auto Sales Nashik W Mh,Nashik,"9657073813 , 9823457644"
Prerana Automobiles Aslali,Ahmedabad,9727307007
Prime Auto Center Gandhidham,Gandhidham,9979292790
Prime Auto Parts Sarkhej,Ahmedabad,7874090901
Prime Engineers Sarkhej,Ahmedabad,"9375001998 , 9375881998"
Prime Motors Himatnagar,Himat Nagar,9726388762
Prince Agencies Hazira Hw,Hazira,"9825962302 , 9375257700"
Prince Agencies Hazira Rth,Surat,209
Prince Agencies Hazira,Surat,"9825962302 , 98259623302"
Prince Auto Parts Magdalla,Hazira,"9879361386 , 8980696969"
Prince Auto Parts Magdalla Hw,Surat,9879361386
Prince Auto Parts Magdalla,Surat,9879361386
Prince Automobiles Ajva Road Baroda,Baroda,"9033246596 , 9033391275"
Prince Automobiles Himatnagar,Himat Nagar,9377736524
Prince Automobiles Odhav,Ahmedabad,"9898423611 , 8733083160"
Prince Hydrolic Spares Sarkhej,Sarkhej,"7709217999 , 7016345603"
Prince Motor Icchapore Hazira,Surat,"9558890642 , 9998295622"
Prince Motors Palanpur,Palanpur,9898313438
Pritesh Tractor Spares Deola M.H.,Nashik,9404215885
Priti Auto Parts Naroda,Naroda,9909428483
Priti Motors Mirzapur,Mirzapur,"8160625415 , 9825299156 , 9726755630"
Priti Tractor Parts Sangamner Mh,Nashik,"9422738431 , 9403600699"
Priti Tractor Parts Sangamner W Mh,Nashik,"9422738431 , 9403600699"
Prity Auto Parts Dehgam,Ahmedabad,9327004346
Priyank Traders Halol 1 Old,Kalol,"9824374901 , 9099797746"
Priyank Traders Halol Old,Kalol,"9824374901 , 9099797746"
Proper Bearing Center Nadiad,Nadiad,"9427547442 , 9099856716"
Pruthvi Air Cone Baroda,Baroda,9879379610
Ps Motors Kamrej,Surat,209
Puja Auto Agency Junagadh,Junagadh,9426385724
Puja Auto Agency Junagadh Old,Junagadh,9426385724
Punam Auto Parts Gandhinagar M.H.,Nandurbar,8805531436
Punit Auto Expert Mirzapur,Mirzapur,9998886611
Punit Motors Mirzapur,Mirzapur,9426080531
Punitbhai Anjar,Anjar,9825195655
Punjab Auto Battery Dhasa Amreli,Amreli,"9979741539 , 9879356214"
Punjab Auto Electric Bharuch,Bharuch,9426828720
Punjab Auto Parts And Electric Centre Bharuch,Bharuch,"9898981725 , 9426828720"
Punjab Motors Ankleshwar,Ankleshwar,9824390104
Punjab Motors Vyara,Vyara,"9898494530 , 9228310604"
Punjab Tractor Parts Kosamba,Kosamba,"9417205030 , 9106752941"
Puribhai Deesa,Deesa,"9426308046 , 8141000842"
Purna Group Vadodara,Vadodara,9726318060
Purnima Auto Spares Panchavati Nashik Mh,Nashik,9823127585
Purnima Auto Spares Panchavati Nashik W Mh,Nashik,9823127585
Purohit Motors Garage & Spare Parts Panthawada,Deesa,"9714302877 , 9898289110"
Purv Enterprise A K Road Surat,Surat,9327309293
Pushkar Auto Agency Delhi Darwaja,Ahmedabad,9879355545
Pushpak Agencies Ranoli Baroda,Ranoli,9924533377
R & R Logistics Delhi,Delhi,209
R A Automotive Sarkhej,Ahmedabad,9909974047
R A Material Handling Vapi,Vapi,"8156010790 , 209"
R J Auto Solutions Surat,Surat,9925021791
R J Patel Mandavi,Mandvi,209
R J Patel Mandavi Hw,Mandvi,209
R J Sales Agency Bareja,Kheda,209
R J Solution R Adj,Surat,209
R K Auto Parts Godadra Surat,Surat,9825166320
R K Auto Parts Sanathal,Sanatal,8401120167
R K Auto Sales Navagam,Rajkot,"9824376661 , 9824824691 , 7041908088"
R K Corporation Hazira,Hazira,9426808843
R K Engineers Ichchhapore Hazira,Surat,9824141931
R K Enterprise Songadh,Songadh,9726019955
R K Motors Bhathena,Surat,9099527540
R K Motors Mahesana,Mahesana,"9687018508 , 8733898864"
R K Motors Sarkhej Karimbhai,Sarkhej,9879140709
R K Motors Sola Ahemdabad,Ahmedabad,"9327023810 , 209"
R K Oil Sachin,Sachin,"7801886881 , 9016888633"
R K Traders Himmatnagar,Himat Nagar,"9426380888 , 8401052852"
R M Engineering Rajkot,Rajkot,209
R M Engineering Rajkot Sale,Gondal,209
R N C Automobiles Dhule M.H.,Dhule,"9422755789 , 8208593789"
R N C Automobiles Dhule M.H.2,Dhule,"9422755789 , 8208593789"
R N C Automobiles Dhule M.H.W,Dhule,"9422755789 , 8208593789"
R R Auto Parts Pandesara Surat,Surat,8264858181
R S Enterprise Hazira,Hazira,9825139269
R S Motors Lasalgaon Mh,Nashik,9881434684
Rabbani Oil Shahada M.H,Nandurbar,"8552807750 , 9403434326"
Radha Kishan Traders Delhi Darwaza Ahmd,Ahmedabad,9825365967
Radhakishan Auto Parts Sevalia,Baroda,9879130473
Radhakishan Auto Parts Sevalia,Vadodara,9879130473
Radhakishan Sarkhej,Sarkhej,9376147472
Radhakrushna Engine Power Sanathal Ahmedabad,Sanatal,"9227101081 , 9714928717"
Radhanpur Auto Agency Radhanpur,Radhanpur,9428650309
Radhe Auto Industries Pvt Ltd Rajkot Sale,Rajkot,209
Radhe Auto Industries Pvt Ltd Rajkot Sale,Surat,209
Radhe Auto Parts Anand,Anand,"9429181618 , 8320769964"
Radhe Auto Parts Laskana,Kamrej,9737747526
Radhe Auto Parts Laskana Hw,Kamrej-Laskana,9737747526
Radhe Auto Parts Laskana,Kamrej-Laskana,9737747526
Radhe Embroidery Spare Surat,Surat,"9725685410 , 9687572650 , 209"
Radhe Erthmoovers Sayan,Surat,9106764461
Radhe Furniture & Furnishing Bharuch,Bharuch,7984788448
Radhe Infrastructure Navsari,Navsari,9925313723
Radhe Krishna Creation Pipodra Kim,Kim,9510906109
Radhe Krishna Parts Vareli Kadodara,Kadodara,9898111620
Radhe Motors Kim,Kim,9824731144
Radhe Radhe Auto Center Dipakbhai Anjar,Anjar,9825190925
Radhe Radhe Auto Centre Madhapar Bhuj,Kutch,9978413124
Radhe Sales Corporation Dudheshwar Ahmd,Ahmedabad,9879247587
Radhe Shyam Motors Ashvinbhai Anand,Anand,9426370770
Radhe Trasport Kalol Mahesana,Mahesana,9824944899
Radhey Diesel Pump Service Ankleshwar,Ankleshwar,"9829315462 , 8200078927"
Radhika Hydrolic Pipe Chikhli,Chikhli,"9909189055 , 7567765459"
Rafikbhai Danta,Siddhpur,"9913256756 , 9427082294 , 209"
Rafikbhai Himatnagar,Himat Nagar,9427084288
Rafikbhai Sarkhej,Sarkhej,"9714613436 , 9924155826 , 9924372308"
Ragav Battery Gavasad,Bharuch,9909952268
Raghav Automobiles Khedbrahma,Ider,"9426750097 , 8200876472"
Raghu Auto Parts Rajpardi,Rajpardi,"7990547009 , 9725883610"
Raghunath Udhyog,Delhi,209
Raghuvir Spare Parts Laskana,Kamrej-Laskana,9377752519
Raghuvir Spare Parts Laskana,Kadodara,209
Raghuvir Spare Parts Pipodra,Surat,"9100019500 , 9157180219 , 9409098048"
Raghuvir Spare Parts Pipodra,Kim,209
Raghuvir Spare Parts Umbhel,Surat,9265393081
Raghuvir Taxtile Parts Hojiwala Sachin,Surat,9100082200
Raghuvirbhai Pandesara Surat,Surat,"9712756800 , 7048886800 , 9428634910"
Rahimbhai Balitha,Balitha,9974771905
Rahmani Auto Bodeli,Bodeli,9979396392
Rahul Auto Parts Kadodara,Surat,9773223409
Rahul Traders Kadod Hw,Kadod,8469716456
Rahul Traders Kadod,Kadod,"9106613388 , 8469716456"
Rahulbhai Golden Chokdi Baroda,Baroda,9904321956
Rahulbhai Hazira,Surat,"9723138427 , 9714933836"
Rahulbhai Kadod,Kadod,8469716456
Rahulbhai Mandvi,Mandvi,"9979682440 , 9979682443"
Rahulbhai Vapi,Vapi,209
Raj Agencies Ajva Road Baroda,Baroda,"9825417291 , 9998346191"
Raj Agencies Kamrej,Surat,
Raj Agencies Kamrej Sale,Surat,209
Raj Agencies Nashik,Nashik,8128672639
Raj Agencies Surat Division,Surat,9376676646
Raj Auto Center Mandvi Kutch,Kutch,9898381849
Raj Auto Corporation Rajkot,Rajkot,6353456103
Raj Auto Electric & Battery Bharuch,Bharuch,"9904513256 , 8866150527"
Raj Auto Parts & Oil Traders Ishanpur,Ahmedabad,"9377410150 , 7383212437"
Raj Auto Parts Kosamba,Kosamba,"9429017746 , 8460968500"
Raj Auto Parts Surat Sarthana,Surat,9898210008
Raj Auto Parts Surat Sarthana Hw,Surat,9898210008
Raj Auto Parts Vapi,Vapi,9824173657
Raj Auto Spares Navsari,Navsari,209
Raj Automobiles Anjar Kutch,Anjar,9879607952
Raj Automobiles Ankleshwar,Ankleshwar,"9104916934 , 9377994711"
Raj Automobiles Gandhidham Kutch,Gandhidham,
Raj Automobiles Jamnagar,Jamnagar,"9429473452 , 9106613980"
Raj Automobiles Niphad Mh,Nashik,9822782608
Raj Automobiles Rajpardi,Rajpardi,"9904467000 , 9924753769"
Raj Automobiles Rajpardi Old,Rajpardi,9904467000
Raj Automobiles Rajpipla,Rajpipla,9825854002
Raj Concrete,Baroda,"9879530142 , 9904409061"
Raj Cycle Agency Nampur Satana M.H,Nampur,9890314631
Raj Enterprise Dhamrol,Mandvi,"9879566348 , 8980963149"
Raj Enterprise Rajkot,Rajkot,"9374120190 , 9428158931"
Raj Enterprise Vapi,Vapi,9825109247
Raj Enterprises Mumbai Naka Nashik W Mh,Nashik,9822638007
Raj Hardware & Plywood Bhatar Surat,Surat,"9574741236 , 209"
Raj Hardware Stores Ankleshwar,Ankleshwar,9033318556
Raj Kamal Auto Center Unjha,Unjha,9825138784
Raj Laxmi Auto Workshop Ankleshwar,Ankleshwar,9712253688
Raj Marketing Auto Parts Gandhinagar,Gandhi Nagar,9427318077
Raj Motors Akhol Deesa,Deesa,"9725738481 , 8511385535"
Raj Motors Bhilad,Valsad,"9898305542 , 9879025859"
Raj Motors Dungri,Valsad,9974712122
Raj Motors Dungri U4 Old,Valsad,9974712122
Raj Motors Palanpur,Palanpur,9870072536
Raj Motors Pathawada,Deesa,9687159104
Raj Motors Sami,Patan,9925867537
Raj Motors Songadh,Songadh,"209 , 9925615288"
Raj Motors Umargam,Umbergaon,7096291321
Raj Motors Valakh,Kamrej,"8140335586 , 9898210008"
Raj Oil Agency Mahesana,Mahesana,"7359640990 , 8128666069 , 9913429174"
Raj Otomate Consultant Private Limited,Vadodara,209
Raj Sale Deodar,Deesa,"9925918120 , 8780997164 , 9106002654"
Raj Sales Agency Limdi Dahod,Dahod,9427036141
Raj Sales Corporation Naroda,Naroda,9426577108
Raj Spare House Dhule Mh,Dhule,9822733588
Raj Spare House Dhule W Mh,Dhule,9822733588
Raj Tractor House Sales Ac,Kamrej,
Raj Traders Taloda W Mh,Nashik,9423843362
Raj Tyres Kamrej,Surat,209
Raj Tyres.,Surat,209
Raja Auto Parts Chalisgaon,Dhule,"8983233666 , 7507751163"
Raja Battery Himmatnagar,Himat Nagar,"9879533157 , 9558407307"
Rajal Auto Parts Gadhshisha Kutch,Kutch,9879897590
Rajan Autocare Navrangpura,Ahmedabad,9825061314
Rajaram Motors & Parts Panthawada,Deesa,"8238409326 , 9727090932"
Rajasthan Auto Parts Ankleshwar,Ankleshwar,9723624453
Rajasthan Auto Parts Ankleshwar Hw,Ankleshwar,9723624453
Rajasthan Auto Parts Dahej,Dahej,"8000648836 , 8168310724"
Rajasthan Auto Parts Dahej M Old,Dahej,"8000648836 , 8168310724"
Rajasthan Motors Garage Khedbrhma,Ider,9426821995
Rajasthan Motors Vinaybhai Songadh,Songadh,9426865308
Rajasthan Motors Vinaybhai Songadh Hw,Songadh,9426865308
Rajasthan Tractor Garage Karjan,Vadodara,9978122896
Rajasthan Tractor Garej Segva Chokdi,Vadodara,7862924483
Rajavir Agencies Rajkot,Rajkot,"9825278806 , 9429244288"
Rajbai Auto Parts Sihori,Tharad,9773038332
Rajbai Auto Parts Sihori,.,209
Rajdeep Automobiles Kalwan,Nashik,9423181291
Rajdeep Enterprise Baroda City,Baroda,"9977786992 , 7434908815"
Rajdev Auto Store Poona Road Nashik W Mh,Nashik,"7588305041 , 9422260514"
Rajdhani Automobiles Chikhli,Chikhli,9825120977
Rajdhani Motor Repowring Kamrej,Kamrej,9879922074
Rajen Auto Stores Kalupur Ahmedabad,Ahmedabad,9825069102
Rajesh Auto Center Visnagar,Visnagar,"8160091892 , 9898782040"
Rajesh Automobiles Akhol Deesa,Deesa,9725789393
Rajesh Bhai Hazira,Hazira,9998070048
Rajesh Motors Mahesana,Mahesana,8980971717
Rajesh Motors Mirzapur Amd,Mirzapur,9979869300
Rajeshbhai Gandhidham,Gandhidham,"9979340600 , 9879714589"
Rajeshbhai Kamrej,Kamrej,"9898663655 , 9824593285"
Rajhans Agencies Baroda,Vadodara,9825567700
Rajkamal Auto Center Kopargaon W Mh,Nashik,9975412141
Rajkamal Auto Parts Delhi Darwaza Ahmd,Ahmedabad,8128451751
Rajkamal Auto Parts Naswadi,Bodeli,"9426564101 , 9824210074"
Rajkamal Motore Himatnagar,Himat Nagar,"9429753558 , 9377704102"
Rajkot Machinery & Hardware Stores Silvassa,SILVASSA,"9825354622 , 9427575466"
Rajkot Machinery Store Olpad,Sayan,9727215818
Rajnai Part House Dhule,Dhule,"9503611757 , 8208700126 , 9423239215 , 9021596210"
Rajnish Enterprise Ludhiana,Ludhiana,016126770324
Rajratna Marketing Sarkhej W Old,Sarkhej,"9712825502 , 9426025495"
Rajshree Automobiles Chhota Udepur,Baroda,"9427033131 , 9428697331"
Rajshree Enterprise Ankleshwar,Ankleshwar,9427464901
Raju Erthmovers Sarkhej,Sarkhej,"9898663732 , 7600063732"
Rajubhai Bajipura,Songadh,209
Rajubhai Bajipura,Bajipura,209
Rajubhai Bardoli,Bardoli,9913434033
Rajubhai Chalthan,Kadodara,9904432323
Rajubhai Ctm Ahmedabad,Ctm,9898574497
Rajubhai Deesa,Deesa,9427536680
Rajubhai Delhi Gate Ahmedabad,Ahmedabad,9913441349
Rajubhai Dharampur,Dharampur,9825057097
Rajubhai Dholka,Dhanduka,9377765599
Rajubhai Dhule,Nashik,"9403884656 , 9422296095"
Rajubhai Halvad,Rajkot,9825734557
Rajubhai Jivrajpark,Jivrajpark,"8460804677 , 8866558862"
Rajubhai Kamrej,Kamrej,"9723795291 , 8000055291 , 209"
Rajubhai Mirzapur,Mirzapur,"9998311281 , 9979856245"
Rajubhai Nandasan,Mahesana,9426366767
Rajubhai Naroda,Naroda,9426577108
Rajubhai Narol,Narol,9898707258
Rajubhai Simadanaka,Surat,209
Rajubhai Tradecorp Pvt.Ltd Kadodara,Bardoli,9737988965
Rajubhai Valsad,Valsad,9429275701
Rajubhai Vapi,Vapi,9879532697
Rajveerbhai Baroda,Baroda,9587366179
Rajvi Enterprise Hoziwala Sachin,Sachin,9624000569
Rakesh Hardware And Electricals Vapi,Vapi,"9825480915 , 9327907293"
Rakeshbhai Ankleshwar,Ankleshwar,9426880995
Rakeshbhai Bapu Gandhinagar,Gandhi Nagar,9327006707
Rakeshbhai Dinubhai Songadh,Songadh,"9913434330 , 9825986261"
Rakeshbhai Navsari,Surat,209
Rakeshbhai Riya Mahesana,Mahesana,9898961481
Rakeshbhai Surat,Surat,8735018775
Rakeshbhai Tata Bardoli,Bardoli,9879795069
Rakeshbhai Udhana,Surat,9726945515
Rakeshbhai Vankvel Ukay Songadh,Songadh,"9913434330 , 7434972230"
Rakeshbhai Vatva,Vatva,9825232715
Ram Auto Center Devpar Tata,Kutch,9723685371
Ram Oil Bharuch,Bharuch,"9824756548 , 8141030530"
Rama Automobiles Bhuj Kutch,Bhuj,9879209153
Rama Automobiles Bhuj Kutch Old,Bhuj,9879209153
Raman Roadways Pvt Ltd Sarkhej,Sarkhej,9879202860
Rambhai Vyara,Vyara,"9714444430 , 9714463666"
Ramdas Automobile Kalwan W Mh,Nashik,"9423255131 , 8208555342"
Ramdev Agencies Handod Chokdi Sankheda,Baroda,9825782252
Ramdev Auto Parts & Accessories Deesa,Deesa,7016013260
Ramdev Auto Parts & Garege Tharad,Tharad,9714326583
Ramdev Auto Parts Bharuch,Bharuch,"9829315462 , 8200078927"
Ramdev Auto Parts Dashrath Baroda,Vadodara,"9687991842 , 7043535541"
Ramdev Auto Parts Kadodara,Kadodara,"9664242799 , 8000094509"
Ramdev Auto Parts Limbayat Hw,Surat,"8980313528 , 9825627995"
Ramdev Auto Parts Limbayat,Surat,"8980313528 , 9825627995"
Ramdev Bit Deesa,Deesa,9429530566
Ramdev Enterprise Mehsana,Mahesana,"9428757530 , 9925568493"
Ramdev Motor Parts Kim,Kim,"9952721320 , 9782082015"
Ramdev Motors Amreli,Amreli,9723996794
Ramdev Motors Pathawada,Deesa,"9428215915 , 7096478915 , 9408215915 , 9712283639"
Ramdev Spare Parts Dipeshbhai Akkalkuwa,Nandurbar,9405371725
Ramdev Spare Parts Dipeshbhai Akkalkuwa Hw,Nandurbar,9405371725
Ramdev Tractor Parts Handod Chowkdi Sankheda,Bodeli,9825782252
Ramdev Tractor Parts Panthawada,.,7096005452
Ramdev Traders Kadodara Jolva,Kadodara,209
Ramesh Bhai Surat,Surat,"9824176527 , 9879674127"
Rameshbhai Bharuch,Bharuch,9426833855
Rameshbhai Gandhidham,Gandhidham,"8866769788 , 9998329983 , 9712331053"
Rameshbhai Kmarej,Kamrej,9825441393
Rameshbhai Lakhani,Tharad,"9723669654 , 7878722979"
Rameshbhai Palanpur,Palanpur,9428652913
Rameshbhai Surat,Surat,"9824176527 , 9879674127"
Rameshbhai Vasda,Vasda,"209 , 9978777182"
Rameshwar Auto Parts Sarthana,Surat,8849462763
Ramjibhai Tharad,Tharad,"9662926147 , 9638745203"
Ramkabir Tractor Golagamdi Sankheda,Bodeli,"9979192202 , 9870041851"
Rampalbhai Balitha,Balitha,"9879271376 , 7383629209"
Rana Auto Parts Aslali,Aslali,209
Ranchhod Automobiles Waghai,Vasda,9426894421
Ranchhod Automobiles Waghai Hw,Vasda,9426894421
Randal Krupa Logistics Gandhidham,Gandhidham,9727337525
Rane Auto Nizampur,Dhule,9518524959
Rane Auto Nizampur W Mh,Dhule,9518524959
Rangani Motors Vadagam,Vadagam,9925165782
Ranuja Trading Jholwa Dahej,Dahej,9974548438
Rashminbhai Songadh,Songadh,"209 , 9265767295"
Rasika Automobiles Satana Mh,Nashik,9421049497
Rasikbhai Mehsana,Mahesana,9824187992
Ratanbhai Akkalkuwa,Nandurbar,"9404735091 , 9421466893"
Ratanbhai Akkalkuwa,Surat,209
Rathore Trading Compny Ankleshwar,Ankleshwar,9558927201
Ratnaraj Agency Surat,Surat,"9428983163 , 7016112793"
Ravi Agro And Tractor Parts Karjan,Karjan,"9825395090 , 9426495090 , 9426985963"
Ravi Auto Agencies Mahesana Old,Mahesana,9824040330
Ravi Auto Agency Mehsana,Mahesana,"9824040330 , 9825096330"
Ravi Auto Garage Vadgam,Vadagam,9427647781
Ravi Auto Parts Kalol W Old,Kalol,9428552667
Ravi Auto Parts Kantibhai Palanpur,Palanpur,9408424361
Ravi Auto Parts Satlasana,Siddhpur,"9427468928 , 7359596897"
Ravi Auto Spares Kaprada Dharampur,Dharampur,9427469145
Ravi Auto Spares Shahibaug Ahmedabad,Ahmedabad,9979545353
Ravi Automobiles Ankeshwar,Ankleshwar,9426880995
Ravi Automobiles Chandubhai Vadgam,Vadagam,9427647781
Ravi Automobiles Katargam Surat,Surat,9925440822
Ravi Engineering Kamrej,Kamrej,"9909915999 , 9909031555"
Ravi Manufacturing Com,Delhi,9711199904
Ravi Motors House Bhavnagar,Bhavnagar,
Ravi Tractor Madhi,Bardoli,9825762687
Ravi Tractor Spare Kim,Kim,"9879464511 , 9925459410"
Ravi Tractor Spare Zankhvav,Netrang,"9726480647 , 9427887959"
Ravi Tractors Valsad,Valsad,9429790907
Ravi Traders Deesa,Deesa,8141000842
Ravibhai Chikhli,Chikhli,7878343471
Ravibhai Limdi Dahod,Dahod,9427036141
Ravindra Sales Mahesana,Mahesana,"9624031285 , 9904702002"
Ravindrabhai Saroli,Surat,"8866171052 , 9714500321"
Raviraj Auto Varachha Surat,Surat,9825350451
Raviraj Automobiles Songadh,Songadh,9427106170
Raviraj Automobiles Songadh M Old,Songadh,9427106170
Raviraj Automobiles Songadh W M Old,Songadh,9427106170
Raviraj Enterprise Upleta,Navsari,"9825600015 , 9510594759"
Raymalbhai Dhoranpardi,Kamrej-Amboli,209
Raymalbhai Dhornpardi,Kamrej,9998606080
Raza Auto Gas & Garage Vyara,Vyara,"9925227159 , 9173604720"
Raza Auto Parts Anand,Anand,"9033480061 , 9998728519"
Raza Motors Garage Jambusar,Jambusar,9825627674
Raza Oil Depo Nadiyad,Nadiad,"9825173877 , 9408115177"
Razakbhai Sachin,Sachin,9924291888
Real Auto Parts Sarkhej,Sarkhej,9974917583
Real Bearings Kadi,Kadi,"9879995835 , 9924519585"
Rehan Auto Electric Works Muwada Zaloda,Dahod,"9879080647 , 7016173364 , 7575080647"
Rehan Motors Mosali,Surat,7069671134
Rekha Trading Bodeli,Bodeli,"9601838339 , 6351985869"
Reliable Auto Workshop Ankleshwar,Ankleshwar,
Reliable Tractor Spares Bardoli,Bardoli,"9898623793 , 7621970072"
Remsons Industries Ltd Daman-Diu Sale,SILVASSA,209
Renuka Automobiles Pathardi Road Nashik W Mh,Nashik,7350177880
Renuka Automobiles Vinchur Mh,Nashik,"9850261461 , 9881648748"
Renuka Enterprise Mangrol Phata Chanwad Mh,Nashik,"9423570695 , 9423570694"
Replacement Rejection,Surat,209
Rewa Automobiles Rajpipla W S Old,Rajpipla,9825639000
Rewa Sales Rajpipla,Rajpipla,9825639000
Reza Lubricant Selvasa,SILVASSA,"9624392110 , 9712531231"
Riddhi Auto Parts Althan Surat,Surat,9998046258
Riddhi Automotive Gandhinagar,Gandhi Nagar,"991324600 , 9913247000 , 9913248000 , 9913228000"
Riddhi Enterprise Ankleshwar,Ankleshwar,9879943450
Riddhi Enterprise Dahej Hw,Surat,"8469227116 , 8460945916"
Riddhi Enterprise Dahej,Dahej,"8469227116 , 8460945916"
Riddhi Erthmovers Argama Vagara,Bharuch,7096486867
Riddhi Siddhi Auto Parts Kareli Sayan,Surat,8401109658
Rider Seat Cover Kosamba,Kosamba,"8866988607 , 9426883533"
Rinal Auto Mirzapur,Mirzapur,9924384750
Rinki Associates Ankleshwar,Ankleshwar,9824389895
Rishabh Auto Center Gandhidham Kutch,Gandhidham,9426737741
Rishikesh Tractor House Girnare Nashik M.H.,Nashik,9403009992
Rita Oil And Auto Parts Waghai,Vasda,8156061551
Rita Oil And Auto Parts Waghai Hw,Vasda,8156061551
Ritaben Navinbhai Navagam Kamrej,Kamrej,"9898125111 , 9537136071"
Ritinbhai Vadodara,Baroda,9925121320
Ritu Enterprise Dahej,Bharuch,9624868942
Riya Bearings Mahesana,Mahesana,9898961481
Riya Forklift Changodar Sarkhej,Sarkhej,9429667380
Riya Motors Sidhpur,Mahesana,"9428665133 , 9724458151"
Riya Trading L.H Road Surat,Surat,9099226683
Road King Motors Palghar Mh,Palghar,"9879833883 , 9879833881"
Rock Automotive Vapi,Vapi,9377036269
Rocky Automobiles Sarkhej,Sarkhej,209
Rohan Automobiles Himmatnagar,Himat Nagar,9825345484
Rohit Automobiles Navagam,Rajkot,9925872819
Rohitbhai Amroli Surat,Surat,9510987514
Rohitbhai Anjani Umraphatak,Sayan,8128600134
Rohitkumar Vrujlal Bavaria Chikhali,Chikhli,9904313300
Ronak Auto Parts Deesa,Deesa,9723056472
Ronak Bearings Mehsana,Mahesana,9825054256
Ronak Enterprise Mahesana,Mahesana,"9825054256 , 7874741387"
Ronak Motors Dhanera,Deesa,9998465639
Ronak Motors Jay Suspension,Kamrej,
Ronak Motors Kamrej,Kamrej,"9825100380 , 8532885328 , 9825143485"
Ronak Motors Kamrej Hw,Kamrej,"9825100380 , 8532885328"
Ronak Motors Palanpur,Palanpur,9427515405
Ronak Shah Ahmedabad Jasodnagar,Jasodnagar,9898072588
Ronak Tyre & Tube Bharuch,Ankleshwar,"9825756412 , 9099893755"
Ronak Tyre & Tube Bharuch,Bharuch,9099893755
Roshan Motor Parts Rakholi Silvassa,SILVASSA,"9824171113 , 9924737786"
Roshni Auto & Tractor Mirzapur,Ahmedabad,"9737473666 , 9426311045"
Roshni Motors Kadodara,Kadodara,"9725431379 , 6351104366"
Roshni Motors Kadodra,Kadodara,9725431379
Roshnil Ply& Hardware Bharuch,Bharuch,"9824515070 , 9737005816"
Royal Auto And Tractor Chikhli,Chikhli,
Royal Auto Center Surat,Surat,
Royal Auto Dharmeshbhai Kamrej,Kamrej,9898424283
Royal Auto Parts Anjar,Anjar,9898086346
Royal Auto Parts Chhapi,Deesa,9662371039
Royal Auto Parts Padra,Padra,"9879777028 , 9825825084"
Royal Automobile Gandhidham,Gandhidham,9825240912
Royal Automobiles Gandhidham,Kutch,9825240912
Royal Automobiles Godhra,Godhra,9904356736
Royal Automobiles Godhra W Old,Godhra,"9904356736 , 7567557571"
Royal Automobiles Mahuva,Bardoli,9426938923
Royal Automobiles Rajpardi,Rajpardi,7405741633
Royal Automobiles Rajpardi Hw,Rajpardi,7405741633
Royal Body Parts & Accesories Kadodara M Old,Surat,"9725500786 , 9998930319 , 9725222786"
Royal Body Parts & Accesories Kadodara U4 Old,Surat,"9725500786 , 9998930319 , 9725222786"
Royal Body Parts & Accesories Kadodara W M Old,Surat,"9725500786 , 9998930319 , 9725222786"
Royal Car Surat W Old,Surat,"9825387878 , 7383354876"
Royal Cars Surat,Surat,"9825387878 , 7383354876"
Royal Earthmoving Chikhli,Chikhli,9624230715
Royal Enterprise Kadodara,Surat,"9725500786 , 9998930319 , 9725222786"
Royal Furniture Kim,Surat,9726345757
Royal Lenin & Seat Cover Laskana,Surat,9909529549
Royal Lubricants Rajpardi,Rajpardi,
Royal Motor Adajan Surat,Surat,"9726925103 , 9825731960"
Royal Motors Ankleshwar,Ankleshwar,"7878819070 , 8128908111"
Royal Motors Ankleshwar Hw,Ankleshwar,"7878819070 , 8128908111"
Royal Motors Himatnagar,Himat Nagar,9377104544
Royal Motors Narol,Narol,8401739396
Royal Oil Agency Amreli,Amreli,"9825362111 , 9824462111"
Royal Oil Center Kosamba W Old,Kosamba,9512522795
Royal Oil Center Mangrol Kosamba,Kosamba,9825218805
Royal Traders Sevaliya,Baroda,"9904155000 , 9904122753"
Royal Trading Co Jolwa Dahej,Dahej,9428025394
Rsm Lubricant Oil Industries Ozar Mh,Nashik,"8275313400 , 9503663672"
Rsm Lubricant Oil Industries Ozar Mh Old,Nashik,"8275313400 , 9503663672"
Rsm Lubricant Oil Industries Ozar W Mh,Nashik,"8275313400 , 9503663672"
Rsm Lubricant Oil Industries Ozar W Mh Old,Nashik,"8275313400 , 9503663672"
Ruchi Textiles Sachin,Surat,"9377150500 , 9426106254"
Ruchit Auto Parts Gandhidham Kutch Jayeshbhai,Gandhidham,9426265316
Ruchit Motors Gandhidham Yogeshbhai Kuttch,Gandhidham,9825748784
Ruchit Motors Gandhidham Yogeshbhai Kuttch,Surat,9825748784
Rudra Auto Ashokwadi Ahmedabad,Ahmedabad,"7878747208 , 9824600000"
Rudra Enterprise Gandhidham,Gandhidham,9925949779
Rudra Enterprise Jolva,Kadodara,"9727407412 , 9913125345"
Rudra Enterprise Sayan,Sayan,9099082457
Rudra Hardware Ankleshwar,Ankleshwar,9426878259
Rudra Motors Sarkhej Ahmedabad,Sarkhej,9727261321
Rudraksh Motor Parts Keshod,Rajkot,9879700073
Rup Automobiles Mirzapur,Mirzapur,9327055409
Rushabh Auto Mobile Naranpura,Nanapurna,"9879257092 , 9998478751"
Rushabh Auto Parts Gandhinagar,Gandhi Nagar,9824263905
Rushabh Auto Parts Mitakali Ahmd,Ahmedabad,9825571119
Rushabh Auto Spares Bodakdev,Bodakdev,9904901985
Rushabh Motors Rajkot,Rajkot,"9426784515 , 9974068844"
Rushabh Motors Udhna Darwaja Surat,Surat,9879039947
Rushabh Tractor Parts Kamrej Hw,Kamrej,9426119801
Rushabh Tractor Parts Kamrej,Kamrej,9426119801
Rushabh Tractor Parts Sarkhej,Sarkhej,9427616210
Rushi Spare Katargam Surat,Surat,9712083243
Rv Autoworld Nashik Mh,Nashik,8087448733
Rv Autoworld Nashik W Mh,Nashik,8087448733
S A Auto Parts Sarkhej,Sarkhej,9974332129
S A M Construction Hazira,Surat,9978906915
S A Motors Car Sarkhej,Sarkhej,"9974332129 , 209"
S B Auto Songadh,Songadh,9426873725
S B Kumar Hydraulic Valak Patiya,Surat,"7011965704 , 9714232417"
S C Sales Kamrej,Surat,"9824867161 , 9998789014"
S F Autombiles Himatnagar,Himat Nagar,9409359898
S Hind Automobiles Rajpipla,Rajpipla,8140496576
S I Mistry Spring Works Nadiyad,Nadiad,"9925451731 , 9925842645"
S J Crafts Piplod Surat,Surat,9998720000
S J Motors Valsad,Valsad,"8487032570 , 9879562339 , 9377007786"
S K Auto And Tractor Rajkot,Rajkot,9426444469
S K Auto Electric & Battery Center Navagam Kamrej,Surat,"9898023017 , 7984564585"
S K Automobiles Hazira,Hazira,9898964099
S K Automotive Navrangpura Ahmedabad,Ahmedabad,"9033022020 , 8733838487"
S K Exports Navipardi,Surat,"9825992421 , 9824994422"
S K Exports Navipardi Hw,Surat,"9825992421 , 9824994422"
S K Motors Borsad Rth,Surat,209
S K Motors Dhornpardi Hw Old,Kamrej-Amboli,"9825992421 , 9824994422"
S K Motors Dhornpardi Old,Kamrej-Amboli,"9825992421 , 9824994422"
S K Motors Dhornpardi U3 Old,Kamrej-Amboli,"9825992421 , 9824994422"
S K Motors Dhornpardi,Kamrej-Amboli,"9825992421 , 9824994422"
S K Motors Dhornpardi,Bharuch,"9825992421 , 9824994422 , 209"
S K Motors Mahesana,Mahesana,"9510937680 , 9428757473"
S K Multipurpose Servies Shahada M.H.W,Nandurbar,"942148708 , 9923338808"
S K Traders Icchapor Hazira,Surat,9825139269
S M Enterprise Ankleshwar Hw,Ankleshwar,9924945669
S M Enterprise Ankleshwar,Ankleshwar,9924945669
S M Traders Satellite Ahmedabad,Ahmedabad,"8866070526 , 9825421234"
S N Motors Dehgam,Gandhi Nagar,9979031767
S P Auto Spares Sarkhej,Sarkhej,9227010022
S P Auto Vesu Surat,Surat,9898078904
S P Automobiles Dhaneti Bhuj,Gandhidham,9409070592
S P Automobiles Kim,Kim,"9173849468 , 209 , 9559385841"
S P Industrial And Electricals Palsana,Palsana,"8980339922 , 8980339929"
S P Spring Work Nanapondha,Valsad,"7203006686 , 9737526686"
S R Agencies Vapi,Vapi,8401692245
S R Automobile Devnagare,Davangere,"9844044236 , 7019178175 , 209 , 9844044263"
S R Automobiles Chalthan Kadodara,Surat,9033955374
S R Automobiles Mahesana,Mahesana,"9898058243 , 6358877699"
S R Enterprise Insanpur Ahmedaabad,Ahmedabad,209
S R Service Station Gandevi,Navsari,"9375562662 , 9428021600"
S S Auto Parts Valsad,Valsad,9228897573
S S Automobiles Lakhmapur Phata Mh,Nashik,9503597714
S S Motor Sachin,Sachin,9924291888
S S P Auto Parts Vankal Mangrol,Moshali,"8849160960 , 8469447833"
S S Solutions Pathardi Fata Nashik Mh,Nashik,8766011876
S S Trade Agency Sarkhej,Sarkhej,9825064722
S V Auto Parts Rander Road Surat,Surat,9825160775
S Veer Auto Dhumad Chokadi,Baroda,9712360000
Saad Auto Parts Godhra,Godhra,9824076200
Sabar Auto Center Himmatnagar,Himat Nagar,9924780511
Sabar Auto Parts Adeshwar,Kutch,9825785237
Sabar Auto Parts Bharuch,Bharuch,9913454722
Sabar Auto Parts Bharuch Hw,Bharuch,9913454722
Sabar Auto Parts Bharuch Old,Bharuch,9913454722
Sabar Enterprise Shamkhiyari Kutch,Kutch,9825497237
Sabar Sofa Bharuch,Bharuch,9054599215
Sabar Sofa Bharuch,Fatehpur,209
Sabbirbhai Sami,Patan,9925867537
Sabita Motors Silvassa,SILVASSA,"9123318449 , 7278980026"
Sachin Enterprise And Hydraulic Mundra,Kutch,9712889432
Sachin Tractors Mumbai Agra Road Nashik Mh,Nashik,"9850233782 , 9822107360"
Sachin Tractors Mumbai Agra Road Nashik W Mh,Nashik,"9850233782 , 9822107360"
Sachin Traders Pathardi Phata Nashik Mh,Nashik,9822134028
Sachin Traders Pathardi Phata Nashik W Mh,Nashik,9822134028
Sachinbhai Mehsana,Mahesana,"9825289490 , 9099515174"
Sachinbhai Nana Chiloda,Nana Chiloda,9409654040
Sachinbhai Umbhel,Kadodara,9099256311
Sadambhai Zankhvav,Zankhwav,"9427887941 , 9913244983 , 9898838383"
Sadguru Auto Parts Anand,Anand,9428490745
Sadguru Auto Parts Malpur,Godhra,"9427881226 , 9574137192"
Sadguru Automobiles Surat Chhapara Bhatha,Surat,9979866477
Sadguru Automobiles Surat Chhapara Bhatha Rth,Surat,209
Sadguru Motors Vadalibhoi Mh,Nashik,9860861806
Sadguru Motors Vadalibhoi W Mh,Nashik,9860861806
Sadguruchhaya Automobiles Babra Kathiyavad,Botad,9426961469
Sadhu Forging Ltd Faridabad Sale,Faridabad,209
Safal Enterprise Mirzapur,Ahmedabad,7600771666
Sagar Auto Center Siddhpur,Siddhpur,"9428848385 , 8401616823"
Sagar Auto Parts Dhanera,Deesa,"8141621181 , 9558106882"
Sagar Auto Parts Modasa,Modasa,9898701215
Sagar Auto Parts Nadiyad,Nadiad,9998394820
Sagar Auto Parts Nakhtrana,Kutch,9909526373
Sagar Auto Parts Netrang Hw,Bharuch,"7227911957 , 7043816010"
Sagar Auto Parts Netrang,Netrang,"7227911957 , 7043816010"
Sagar Auto Parts Netrang,Bharuch,"7227911957 , 7043816010"
Sagar Auto Parts Saroli,Surat,"8866171052 , 9714500321"
Sagar Auto Parts Saroli Hw,Surat,"8866171052 , 9714500321"
Sagar Auto Traders Palanpur,Palanpur,"7802056979 , 9409022903"
Sagar Automobiles Ankleshwar,Ankleshwar,7984345159
Sagar Automobiles Dhule,Dhule,9423287605
Sagar Automobiles Nashik Peth Road Mh,Nashik,7083688332
Sagar Automobiles Nashik Peth Road W Mh,Nashik,7083688332
Sagar Automobiles Pimpalner M.H,Dhule,9423287605
Sagar Automobiles Pimpalner M.H,.,9423287605
Sagar Motors Garge Sanand Ahemdabad,Ahmedabad,"9904143119 , 6354078533"
Sagar Motors Mahesana,Mahesana,9825922486
Sagar Motors Naswadi,Baroda,9998503465
Sagar Tractor Parts Madhi,Bardoli,8980745266
Sagar Traders Surat,Surat,9879046783
Sagarbhai Amrut Kamrej,Kamrej,9426776432
Sagarbhai Dwarka Nashik,Nashik,"9623788187 , 9881819220"
Sagarbhai Mother Surat,Surat,"9574055556 , 9574055558"
Sagarbhai Rajpardi,Rajpardi,"209 , 9904447339"
Sahaj Auto Traders Nava Naroda,Naroda,"7801945555 , 9427609032 , 7990017355"
Sahara Auto Parts Kim,Kim,"8128485117 , 9510349478"
Sahara Automobiles Daanta,Palanpur,"7698904881 , 9537734897"
Sahara Motors Ankleshwar,Ankleshwar,"9898171038 , 9510349478"
Sahidbhai Padra,Padra,"9879777028 , 9825825084"
Sahidbhai Palanpur,Palanpur,"7802056979 , 9409022903"
Sahil Auto Parts Amroli Surat,Surat,9825656337
Sahil Motor Garage & Parts Amod,Amod,9925446197
Sahil Motor Parts Amod,Amod,9925446197
Sahil Motors & Car Accessorise Deesa,Deesa,"9601168414 , 9924416093"
Sahilbhai Amroli Surat,Surat,209
Sahin Automobiles Bardoli,Bardoli,9879833513
Sahin Automobiles Bardoli Hw,Bardoli,9879833513
Sahin Motors Bardoli,Bardoli,9879833513
Sahjanand Auto And Oil Rumla,Navsari,9904628436
Sahjanand Auto Parts Dholka,Kheda,9998584220
Sahjanand Auto Parts Sevalia 1 Old,Baroda,9925864425
Sahjanand Motors Karjan,Karjan,"9726582777 , 737089873 , 9426564130"
Sahjanand Motors Karjan,Surat,"737089873 , 9426564130"
Sahkar Auto Parts Siddhpur,Patan,"209 , 9510510314"
Sahyog Auto Parts Muler,Jambusar,9574409676
Sahyog Automobiles Satlasana,Siddhpur,"9426555920 , 9726026999"
Sai Auto Parts Subir U3M,Dang,"7874775005 , 9106803501"
Sai Auto Service Gandhinagar,Gandhi Nagar,9998275109
Sai Automation Sanathal,Sanatal,9825020445
Sai Automobiles Baroda Kapurai Chokdi,Baroda,9998564330
Sai Automobiles Dindori Mh,Nashik,"9823242008 , 9960495060"
Sai Automobiles Madhupura Abd,Ahmedabad,"9825388089 , 9601187311"
Sai Automobiles Navsari,Navsari,"9924678425 , 9413348320 , 9265431445"
Sai Automobiles Pimpalner,Dhule,8830114768
Sai Automobiles Pimpalner M.H,Dhule,8830114768
Sai Battery & Auto Parts Satpur Mh,Nashik,"9226759189 , 7020342106"
Sai Battery & Auto Parts Satpur W Mh,Nashik,"9226759189 , 7020342106"
Sai Car Accessories Samakhiyali Kutch,Kutch,"9712768033 , 7862065973"
Sai Earthmovers Chhani,Baroda,9824125577
Sai Enterprise Adajan Surat,Surat,8866607999
Sai Enterprise Ahmednagar Mh,Shrirampur,9960238005
Sai Enterprises Nandurbar M.H,Nandurbar,9423905284
Sai Ganesh Motor Garage Sakuri Mh,Nashik,9921219633
Sai Ganesh Motor Garage Sakuri W Mh,Nashik,9921219633
Sai Group Industrial Oil Pandesara,Surat,9277205995
Sai Harihar Cargo Movers Llp,Hazira,9904876686
Sai Kamal Enterprise Navsari,Navsari,"9879515696 , 8200967574"
Sai Krupa Auto Parts Vankal Mosali,Surat,"9377913737 , 9725291229"
Sai Krupa Automobiles Nakhatrana Kutch,Kutch,9979253221
Sai Krupa Automobiles Porbander,Porbandar,9925341136
Sai Krupa Automobiles Porbander Old,Porbandar,9925341136
Sai Krupa Automobiles Porbander,Palanpur,9925341136
Sai Krupa Enterprise Kadodara,Kadodara,9824761912
Sai Krupa Motos Nashik W Mh,Nashik,"9890658236 , 9503565865"
Sai Krupa Oil Agencies Dwarka Circle Nashik W Mh,Nashik,9960703067
Sai Marketing Nashik Road W Mh,Nashik,"9420002400 , 8788257209"
Sai Motors Silvasa,SILVASSA,9904140042
Sai Motors Surat,Surat,8735018775
Sai Sales And Services Vadolibhoi,Nashik,"8796839899 , 8830550700"
Sai Sales And Services Vadolibhoi Mh,Nashik,"8796839899 , 8830550700"
Sai Seva Auto Services Palse Mh,Nashik,9834683927
Sai Seva Auto Services Palse W Mh,Nashik,9834683927
Sai Seva Motor Garage Taharabad M.H.,Taharabad,"7507375700 , 9423038684"
Sai Shraddha Enterpries Ankleshwar,Ankleshwar,8469055009
Sai Shubham Automobiles Sales And Service Manmad Mh,Nashik,7020578902
Sai Shubham Automobiles Sales And Service Manmad W Mh,Nashik,7020578902
Sai Sraddha Automobailes And Garage Sinnar Mh,Nashik,"9637920345 , 8999139530"
Sai Tractors And Garage Kanashi Mh,Nashik,"9422235055 , 9420265054"
Sai Traders Aasarwa Ahmedabad,Ahmedabad,"9825310285 , 7048125640"
Sai Uphar Foam House Adajan Surat,Surat,9898115916
Sai Uphar Foam House Adajan Surat,.,9898115916
Saibaba Auto Center Bilimora,Navsari,9998932386
Saideep Auto Waghai,Vasda,9427866796
Saidham Automobiles Ghoti Mh,Nashik,"9270716829 , 9271819990"
Saidham Automobiles Ghoti W Mh,Nashik,"9270716829 , 9271819990"
Saifanbhai Zankhvav,Zankhwav,"9427887941 , 9913244983 , 9898838383"
Saifee Auto Parts Valsad,Valsad,9662042932
Saifee Auto Spares Unn,Surat,"209 , 9106623916"
Saifi Auto Parts Valsad Dharampur Chokdi Old,Dharampur,9662042932
Saileshbhai Valakpatiya,Kamrej,9924477660
Sailila Automobiles Manmad Mh,Nashik,"8329532384 , 9404783031"
Sailila Automobiles Manmad W Mh,Nashik,"8329532384 , 9404783031"
Sainath Auto Parts Viratnagar Ahmd,Visnagar,9979099508
Sainath Auto Parts Viratnagar Ahmd,Viratnagar,9979099508
Saine Life India Baroda,Baroda,"8141500999 , 8141599909"
Saini Auto Electric Works & Spare Parts Visarwadi M.H,Nandurbar,"9503263000 , 9421887847"
Saini Auto Electric Works & Spare Parts Visarwadi M.H.2,Nandurbar,"9503263000 , 9421887847"
Saini Auto Electric Works & Spare Parts Visarwadi M.H.W,Nandurbar,"9503263000 , 9421887847"
Saini Auto Electric Works Navapur,Nandurbar,"9503263000 , 9421887847"
Saini Diesel Power Service Private Limited Sachin,Surat,9904755591
Saini Spare Parts Golden Chokdi Baroda,Baroda,9904321956
Saino Lubricants Pandesara Surat,Surat,9377599900
Sairam Auto Parts Ankleshwar,Ankleshwar,8530501185
Sairam Motors Ankleshwar,Ankleshwar,"9428442373 , 8140485305"
Sajaavat Hardware & Tools Karanj Tadkeshwar,Surat,"7048272260 , 8866632027"
Sajidbhai Dediyapada,Umbergaon,9427825676
Sakilbhai Himmatnagar,Himat Nagar,9428387748
Sakshi Automobile Shingada Talav Nashik Mh,Nashik,"9403512831 , 9665081276"
Sakshi Automobile Shingada Talav Nashik W Mh,Nashik,"9403512831 , 9665081276"
Sakshi Automobiles Vapi Hw,Vapi,9324798197
Sakshi Motors Cycle Works And Spares Saikheda W Mh,Nashik,9552828353
Salasar Dham Motors Moral Vapi,Vapi,"6359288111 , 6359288555"
Salim Suleman Patel Bharuch,Bharuch,"8140859786 , 8306420118"
Salimbhai Dhanera,Deesa,"9426891317 , 7777973866"
Salimbhai Golden Chokdi,Baroda,"9638593159 , 8320042633"
Salimbhai Kaalol,Surat,9979569004
Salimbhai Sachin,Sachin,9724983003
Salimbhai Sankheda,Vadodara,"9879322481 , 8485926589"
Salmanbhai Balitha Vapi,Vapi,"9825594604 , 9624201160"
Salmanbhai Timba Sevaliya,Godhra,7434816035
Sam Auto Parts Mandva Ank,Ankleshwar,8866953110
Samadbhai Mosali,Moshali,"9426883592 , 9537850108"
Samadhan Automobiles & Garage Vani Mh,Nashik,"9511444779 , 8084963593 , 7507315100 , 9689507985 , 7709390082"
Samadhan Motor Garage Dhule,Dhule,209
Samarath Creation Bharuch,Bharuch,7621096376
Samarth Automobiles Vani M.H,Nashik,"9921334283 , 7028436433"
Samarth Automobiles Vani M.H.W,Nashik,"9921334283 , 7028436433"
Samarth Enterprises Sangamner Mh,Nashik,"9623187645 , 9011713457"
Samarth Enterprises Sangamner W Mh,Nashik,"9623187645 , 9011713457"
Samarth Motors & Car Care Girnare Nashik Mh,Nashik,"8888669495 , 9096546545"
Samay Earthmovers Parts Bharuch,Bharuch,"9925843543 , 9825824934"
Sambhubhai Diamondnagar Surat,Kamrej,"9979655926 , 209"
Sameer Automobiles Sahada Mh,Nandurbar,"9881610973 , 9764344460"
Samir Auto Corpo Udvada,Udvada,9825349197
Samir Auto Parts Kapadwanj,Kheda,"9427597283 , 9427083489"
Samir Auto Parts Khatrej Chokdi,Kheda,9824121231
Samir Automobiles Gandhidham,Gandhidham,9879028811
Samir Automobiles Navagam,Rajkot,9978523142
Samir Automobiles Olpad,Sayan,"7016145279 , 7284084522"
Samir Automobiles Olpad,Olpad,209
Samir Electric & Motors Rewinding Timba Sevaliya,Godhra,"9824596657 , 9824371954"
Samir Kapadwanj,Kheda,9427597283
Samir Sales Modasa,Modasa,"9408585115 , 9898121586"
Samir Sales Navsari,Navsari,9825299669
Samirbhai Navsari,Navsari,9825299669
Samitbhai Ahmedabad,Ahmedabad,"9898580965 , 8000724363"
Samor Accessories Sarkhej,Sarkhej,"9825599388 , 9328199388"
Sampatbhai Chandwad,Nashik,9423180452
Sample Pcs Account,Surat,
Samrat Auto Enterprise Sandeep Surat,Surat,9879398686
Samrat Auto Parts Natubhai Chikhli,Chikhli,9924423147
Samrat Auto Parts Natubhai Chikhli Hw,Chikhli,9924423147
Samrath Auto Ozar Mh,Nashik,9545505009
Samruddhi Auto Care Sikka Patiya Jamnagar,Jamnagar,"9054203333 , 209"
Samruddhi Auto Solution Moti Khavdi Jamnagar,Jamnagar,9909330333
Samruddhi Automobiles Moti Khavdi Jamnagar Old,Jamnagar,9157772222
Sanap And Sons Spare House Saikhada W Mh,Nashik,9850208332
Sandeep Agency Ankleshwar,Ankleshwar,"9427110323 , 9427110319"
Sandeep Automobiles & Eng Co. Baroda,Baroda,"9825029180 , 9427847333"
Sandeep Automobiles Rajubhai Dhule,Dhule,"9403884656 , 9422296095"
Sandeep Motors Vapi,Vapi,9824123366
Sanderi Auto Parts Vapi Hw,Vapi,"8000967516 , 9725014035"
Sanderi Auto Parts Vapi,Vapi,"8000967516 , 9725014035"
Sandesh Automobiles Vani M.H,Nashik,209
Sandip Auto Parts Idar,Ider,9725090837
Sandip Sales Mirjapur Amd,Ahmedabad,9377770647
Sandipbhai Dhoranpardi,Kamrej-Amboli,"9723418418 , 9825018418"
Sandipbhai Katargam,Surat,9979866477
Sandipbhai Vareli Kadodara,Kadodara,9898111620
Sang Enterprise Udhana Surat,Surat,"9909008028 , 9099451187"
Sangam Hardware And Paint Store Ranoli,Ranoli,9427460302
Sangani Automobiles Laskana,Kamrej-Laskana,9375544428
Sangani Automobiles Laskana Hw,Kamrej-Laskana,9375544428
Sanghani Auto Enterprise Amreli,Amreli,9825757177
Sangini Eicher Point Chikhli,Chikhli,9898016641
Sangita Motors Pimpalgaon M.H.,Nashik,9921916191
Sangita Motors Pimpalgaon M.H.W,Nashik,9921916191
Sanjar Auto Centre Himmatnagar,Himat Nagar,"9428387748 , 9426365588"
Sanjari Automobiles Niphad,Nashik,"98228889 , 8855004210"
Sanjari Automobiles Niphad Mh,Nashik,8855004210
Sanjari Automobiles Niphad Mh W Old,Nashik,"98228889 , 8855004210"
Sanjari Traders Idar,Ider,"6353272581 , 9429152682"
Sanjay Bearing Center Mandavi,Mandvi,9979439566
Sanjay Motor Parts Katargam Surat,Surat,9726000671
Sanjay Motor Parts Katargam,Surat,"9426776464 , 9726000671"
Sanjay Motors Adgaon Mh,Nashik,"9145593821 , 9370451050"
Sanjay Motors Adgaon W Mh,Nashik,"9145593821 , 9370451050"
Sanjaybhai Akhol Deesa,Deesa,9426705260
Sanjaybhai Chikhli,Chikhli,9879548626
Sanjaybhai Girone,Nashik,"9011193121 , 9890576869"
Sanjaybhai Harij,Patan,"9099394030 , 9427372986"
Sanjaybhai Ichhapur Hazira,Hazira,"9377062653 , 8160516739"
Sanjaybhai Khodabhai Dabhi Bardoli,Bardoli,"9825141691 , 209"
Sanjaybhai Mamta Hawala Ac,.,209
Sanjaybhai Navagam Kamrej,Kamrej,"9426012557 , 209"
Sanjaybhai Patel Chikhli,Chikhli,"9825099566 , 9824359360"
Sanjaybhai Punagam Ner,Surat,"9924477660 , 8200337326"
Sanjaybhai Punagm Ner,Surat,"9924477660 , 8200337326"
Sanjaybhai Saikhada,Nashik,9850208332
Sanjiv Kumar Hazira,Hazira,"9879181090 , 9812410810"
Sankalp Infra Contracts Company,Ahmedabad,9339933999
Sankalp Infra Contracts Company,Mamuara,9339933999
Sanket Automobiles Shirpur,Dhule,"9423944136 , 9403704971"
Sanket Automobiles Shirpur M.H,Dhule,"9423944136 , 9403704971"
Sanket Automobiles Shirpur M.H,Shrirampur,"9423944136 , 9403704971"
Sanket Enterprise Genuine Automobile Parts Chandkheda,Chandkheda,6354856414
Sankhala Enterprises Sarkhej,Sarkhej,9427109049
Sanmanbhai Siddhpur,Patan,9428751571
Santibhai Dholka,Dhanduka,9925275462
Santkrupa Spare Parts Bhagvanpura Valvada Karacheliya,Vasda,9712980804
Santkrupa Tractor Parts Kapodra Surat,Surat,"209 , 9979464973"
Santosh Auto Parts Dholka,Ahmedabad,9925275462
Santosh Auto Parts Dholka Hw,Ahmedabad,9925275462
Santosh Automobiles Dwarka Nashik Mh,Nashik,9422271072
Santosh Automobiles Dwarka Nashik W Mh,Nashik,9422271072
Santosh Hardware Store Sarbhan Amod,Amod,9428322044
Santosh Spring Works Chikhli,Navsari,"9574759298 , 7069945394"
Santram Diesels Nadiyad,Nadiad,9979975093
Saptashrungi Automobiles Chitegaon Phta Nashik Mh,Nashik,"8888756036 , 9422739035 , 9146250057"
Saptashrungi Automobiles Panchavati Nashik Mh,Nashik,"9960776824 , 7721900307"
Saptashrungi Hydraulics Kalwan Mh,Nashik,7770045943
Saptsrungi Automobiles And Spare Sogrus Phatha Mh,Nashik,9689444726
Saptsrungi Automobiles Boregao M.H,Nashik,"9552766130 , 9172741988"
Saptsrungi Automobiles Niphad Mh,Nashik,9822353544
Saptsrungi Hardware & Electronics Boregao M.H,Nashik,"8698101964 , 8888315603"
Saptsrungi Tractor Nizampur M.H,Dhule,"8459914429 , 9503614628"
Saptusrungi Automobiles And Warkshop Abona M.H.,Nashik,8554949915
Saptusrungi Tractor Parts Satana M.H.,Nashik,8390399191
Saptusrungi Tractors Workshop Valkhed Phata Dindori Mh,Nashik,9657375023
Sar Auto Products Ltd Rajkot,Rajkot,9824459021
Saran Petro Chem Baroda,Baroda,8732909530
Sarang Automobiles Nashik Mh,Nashik,9284932732
Sarang Automobiles Nashik W Mh,Nashik,9284932732
Sarashwati Garage Lakhni,Tharad,9723669654
Sarna Automotives Delhi,Delhi,9811239229
Sarumay Enterprises Satana Mh,Nashik,"7588040276 , 9921819116"
Sarvam Auto Parts Vagra,Bharuch,9898718284
Sarvam Tractor And Auto Parts Dahej,Dahej,"9898056865 , 9723556865"
Sarvam Tractor And Auto Parts Dahej Hw,Dahej,"9898056865 , 9723556865"
Sarvam Traders Kosmba,Kosamba,9033193290
Sarvoday Auto Hub Himatnagar,Himat Nagar,7874760525
Sarvoday Auto Parts Idar,Ider,9601424890
Sat Motors Navsari,Navsari,8511733117
Satadhar Auto Garage Bardoli,Bardoli,9825294909
Satadhar Automobiles Bardoli,Bardoli,9537719703
Satendrabhai Ankleshwar,Ankleshwar,7984345159
Satguru Automobiles Karambeli Bhilad,Valsad,"9016907076 , 9772249582"
Satguru Krupa Lubricants Baroda City,Baroda,"7802873060 , 9374628260"
Satishbhai Madhi,Madhi,"9638579922 , 9427106430 , 9427425811"
Satishbhai Vav Kamrej,Kamrej,9712791189
Satluj Automobiles Ankleshwar,Ankleshwar,9427583116
Satnam Auto Center Ishanpur Ahmd,Ahmedabad,"9724645435 , 209"
Satnam Auto Parts Dhule Mh,Chiplun,"9881388136 , 9423289194"
Satnam Auto Parts Palanpur,Palanpur,9426373475
Satnam Automobiles Surat Valakh,Kamrej-Valakh,"9428631466 , 8347748876"
Satnam Motors Gadhinagar,Gandhi Nagar,"9426557009 , 9998718182"
Satnam Motors Pasrts Sarthana,Surat,9687328936
Satyam Auto And Tractor Spares Idar,Ider,9427058288
Satyam Auto Multy Car Workshop Kim,Kim,9824731144
Satyam Auto Parts Car Limbdi,Dhanduka,9825555709
Satyam Auto Parts Silvasa,SILVASSA,9979405855
Satyam Auto Parts Songadh,Songadh,8758212751
Satyam Automobiles Mudra,Mundra,9825230308
Satyam Automobiles Palsana,Palsana,9376118305
Satyam Enterprise Sachin,Surat,9558662225
Satyam Machinary Kamrej,Kamrej,02621253649
Satyam Motors Gota,Ahmedabad,8866113376
Satyam Motors Store Porbander,Porbandar,9879543998
Satyambhai Magob Surat,Surat,9825106897
Satyanam Auto Parts Ghanshyam Limbadi,Dhanduka,9825396535
Saummya Automobiles & Service Khadakjamb Mh,Nashik,9403481473
Saurabh Automobile Vasda,Vasda,9978777182
Saurastra Auto Parts Bhavnagar,Bhavnagar,"9909978295 , 9510256604"
Saurastra Body Parts Kamrej,Kamrej,"9727407478 , 9428397342"
Savan Enterprise Mundra Kutch,Kutch,"8320701919 , 9979897951"
Savan Motors Navsari,Navsari,8469996968
Savani Auto Center Desalpar Vadhai Kutch,Kutch,9879688716
Savani Motors Gandhidham Kutch,Kutch,"9825445304 , 9978491808"
Savani Motors Gandhidham Kutch,Gandhidham,"9825445304 , 9978491808"
Savanibhai Desalpar Vadhai Kutch,Kutch,9879688716
Sawariya Motors Nanapurna,Nanapurna,"6377471020 , 9067251699"
Sayonara Automobiles Mahuva,Bardoli,9824227146
Sayonara Automobiles Mahuva,Bhavnagar,9824227146
Sbn Erthmoving Spares Nanapondha U3 M Old,Valsad,"6377471020 , 9067251699"
Sbn Erthmoving Spares Nanapondha W Old,Valsad,"6377471020 , 9067251699"
Seema Motors Parts Dhule W Mh,Nashik,"8669126248 , 9309434625"
Seema Tractor Garage And Parts Panthawada,Deesa,9979782441
Selected Auto Parts Traders Sarkhej,Sarkhej,"7990274032 , 9898990150"
Self,.,209
Semali Brother & Sons Bharuch,Bharuch,9898562694
Senior Automobiles Baroda,Baroda,9998277709
Sethi Automobiles Indira Nagar Nashik Mh,Nashik,"9730797545 , 7620109954"
Sethi Automobiles Indira Nagar Nashik W Mh,Nashik,"9730797545 , 7620109954"
Setul Trading Co. Gandhidham Kutch,Kutch,9427251950
Seva Automobiles Ozar Mh,Nashik,9970218002
Seva Automobiles Ozar W Mh,Nashik,9970218002
Shabira Home Furniture Bharuch,Bharuch,"6390715684 , 8795423004"
Shabnam Furnishing Bharuch,Bharuch,9984462257
Shah And Makati Brothers Bhavnagar,Bhavnagar,
Shah And Vora Anjar,Anjar,7227017227
Shah Auto Center Buhari,Vasda,"8160309159 , 9904337996"
Shah Auto Center Buhari Hw,Vasda,8160309159
Shah Auto Center Chhani Baroda,Baroda,"9879298477 , 9925225582"
Shah Auto Center Mandavi,Mandvi,"8160309159 , 9624908002"
Shah Auto Center Mandavi Hw,Mandvi,9624908002
Shah Automobiles Adajan Surat,Surat,"9879115681 , 9727706100"
Shah Automobiles Adajan Surat W Old,Surat,"9879115681 , 9727706100"
Shah Automobiles Mandavi Kutch,Kutch,9825951377
Shah Automobiles Rajpardi,Rajpardi,"8490022558 , 8347590791"
Shah Automobiles Rajpardi Hw,Rajpardi,"8490022558 , 8347590791"
Shah Chandulal Vanmalidas And Sons Baroda,Baroda,9824252486
Shah Eicher Motors Chalisgaon,Dhule,989029017207588519090
Shah Hiteshkumar Jayantilal Adadhara,Godhra,9427361811
Shah Marketing Sarkhej,Sarkhej,"946670631 , 7600967486"
Shah Motors Malegaon Mh,Nashik,8550957505
Shah Motors Surat,Surat,"9998669689 , 8306202299 , 9426138289"
Shah Nensi Maheshkumar Rajpardi Old,Rajpardi,"8490022558 , 8347590791"
Shah Nensi Maheshkumar Rajpardi U4 Old,Rajpardi,"8490022558 , 8347590791"
Shah Nensi Maheshkumar Rajpardi W Old,Rajpardi,"8490022558 , 8347590791"
Shah Traders Surat,Surat,9374721148
Shahidbhai Chapi,Siddhpur,"9925441210 , 7228808501"
Shahil Motors Netrang,Netrang,9429126446
Shahil Motors Netrang Hw,Netrang,9429126446
Shahin Automobiles Daanta,Palanpur,9427338937
Shaikh Shahadat Vapi,Vapi,209
Shailendra Dhunnu Yadav Ankleshwar,Ankleshwar,"9638385992 , 9151385992"
Shailesbhai Diamond Nagar,Kamrej,9825228721
Shailesh Bhai Hazira,Hazira,9427808435
Shailesh Bhai Hazira,Surat,9427808435
Shailesh Motors Garage Bharuch,Bharuch,9426125098
Shaileshbhai Chikhli Deep Chikhli,Chikhli,
Shaileshbhai Diamond Nagar,Kamrej,209
Shaileshbhai Kim,Kim,"9537133602 , 8200948863"
Shaileshbhai Mandavi,Mandvi,"9913593047 , 9825889121"
Shaileshbhai Mandvi,Mandvi,9979730099
Shaileshbhai Patel Visnagar,Visnagar,"9727932833 , 9998829321"
Shaileshbhai Satellite Amd,Ahmedabad,209
Shaileshbhai Satlasana,Siddhpur,"9427468928 , 7359596897"
Shaileshbhai Tharad,Deesa,"9429718179 , 9904649894"
Shaileshbhai Valakpatiya,Surat,9909782851009924772345
Shakti Agro Irrigation Kamrej,Kamrej,9427126574
Shakti Auto Agency Kamrej,Kamrej,9879847267
Shakti Auto Parts Chandola Ahmd,Ahmedabad,"9824063255 , 9904020927 , 209"
Shakti Auto Parts Chikhli,Chikhli,7878343471
Shakti Auto Parts Chikhli Hw,Chikhli,7878343471
Shakti Auto Parts Mahesana,Mahesana,9427376260
Shakti Auto Parts Patan,Patan,9979272339
Shakti Auto Parts Sarkhej,Sarkhej,"9825949221 , 9825483989 , 9427689216"
Shakti Auto Storse Khadkala,Vasda,"9512142111 , 9712303399"
Shakti Auto Traders Sarkhej Hw,Sarkhej,9898004461
Shakti Auto Traders Sarkhej,Sarkhej,9898004461
Shakti Automobiles Baroda,Baroda,9898037455
Shakti Automobiles Modasa,Modasa,9426751163
Shakti Automobiles Ranoli,Ranoli,9909195664
Shakti Automobiles Satana M.H,Nashik,"9860030098 , 9422263517"
Shakti Ball Bearing Centre Kamrej,Kamrej,9825441393
Shakti Battery Songadh,Songadh,"209 , 9427150043"
Shakti Engineering Works Umbhel,Kadodara,9925757115
Shakti Enterprise Sayan,Sayan,9375551936
Shakti Force Motors Sabalpur,Junagadh,9228875075
Shakti Krupa Auto Parts Bechraji,Bahucharaji,9924310791
Shakti Marketing Patan,Patan,9428664926
Shakti Motors Anand,Surat,9825792999
Shakti Motors Tharad,Tharad,8980006216
Shakti Tractor Parts Dholka,Dhanduka,9377765599
Shakti Tradars Bajipura,Bajipura,98254529701
Shakti Tradars Bajipura,Songadh,98254529701
Shakti Trading Company Patan,Patan,9428664926
Shakti Trector Sper Parts Dehgam,Dehgam,"9427052399 , 7490032499"
Shakwala Auto Parts Dabhoi,Dabhoi,"9426369415 , 209"
Shalibhadra Tractors Sarkhej,Sarkhej,"9427065991 , 9428134359"
Shalinbhai Dahod,Dahod,9429847998
Shama Buttry & Auto Electric Dhule,Dhule,9623383690
Shamim Khan Balitha,Vapi,"9879562339 , 9377007786"
Shamim Salvav Balitha,Vapi,9879562339
Shamrabhai Dhanera,Deesa,"9662730680 , 6351567648"
Shams Auto Parts Himatnagar,Himat Nagar,9427480032
Shankar Auto Center Hazira,Hazira,"9724567888 , 9898500932"
Shankar Traders Nadiyad,Nadiad,"9825927930 , 8490944663"
Shankarbhai Baroda,Baroda,209
Shankarbhai Dhanera,Deesa,9924933805
Shankarbhai Pathavada,Deesa,9913698697
Shantam Traders Surat,Surat,7600015400
Shanti Sales Bharuch,Bharuch,"9328877711 , 9925713957 , 9909992700"
Shanti Sales Sarkhej,Sarkhej,9427688177
Shantibhai Dhanera,Deesa,"9727646560 , 9428477640"
Shantosh Auto Parts Palsana,Palsana,9825542407
Sharadbhai Kaalol,Kalol,9898035388
Sharda Auto Centre Anjar,Anjar,9825195655
Sharda Auto Parts Valsad,Valsad,"9889600806 , 9426666474"
Sharda Auto Spare Mudra,Mundra,9879017928
Sharda Hardware & Plywood Kadodara,Kadodara,9825383902
Share Punjab Kaman Repairing Kamrej,Kamrej,"9825924017 , 7984592063"
Sharma Automobiles Godhra,Godhra,9426362883
Sharma Enterprise Aslali,Aslali,"9426344445 , 9909344004"
Sharma Enterprise Aslali,Ahmedabad,"9426344445 , 9909344004"
Sharma Motors Narol,Aslali,"9426344445 , 9909344004"
Shashan Sales Surat,Surat,9924268949
Shashwat Bearing Sayan,Surat,"9737066000 , 8000408570"
Shaswat Enterprise Udhana Surat,Surat,9825773050
Sheetal Enterprise Baroda,Baroda,9427460558
Sheikh Javed Hussain Maiyuddin Sevaliya,Baroda,9173023786
Shenal Tractor Parts & Tyers Piloda Tharad,Tharad,"7433870002 , 9909125339"
Shenal Tractor Parts Tharad,Tharad,9824261787
Sheth And Co Rajpipla,Rajpipla,9429188070
Shiekh Mohd Atiur Rahman Kamrej,Surat,"9825306783 , 9825206783"
Shilpa Auto Agency Mehsana,Mahesana,209
Shilpa Auto Parts Ctm Ahmd,Ctm,"9979260084 , 9638908181 , 209"
Shilpa Automobiles Vihar Chokdi,Gandhi Nagar,"9408538590 , 9016580214"
Shilpa Motors Bhuj,Bhuj,"9712449975 , 6354016960"
Shirpur Auto Parts Shirpur M.H,.,209
Shirpur Auto Parts Shirpur M.H.,Dhule,"8983488991 , 8422288991"
Shirpur Auto Parts Shirpur M.H.W,Dhule,"8983488991 , 8422288991"
Shirsath Enterprise Niphad,Nashik,9271992189
Shirsath Enterprise Niphad Mh,Nashik,9271992189
Shital Auto Parts Gandhidham Kutch,Kutch,"9909913955 , 9099026472"
Shital Hotel Kosamba,Kosamba,9998718500
Shiv Agriculture Works Dhanera,Deesa,"9714926594 , 9426396594"
Shiv Auto Agency Begampura Surat,Surat,"9879666253 , 209"
Shiv Auto Agency Rajkot,Rajkot,9879078876
Shiv Auto Cen Bardoli,Bardoli,"9429953872 , 9427168862"
Shiv Auto Center Gunabhai Amreli,Amreli,9428469988
Shiv Auto Center Gunabhai Amreli,Surat,209
Shiv Auto Center Subhanpura Baroda,Baroda,"209 , 9998981541"
Shiv Auto Mobiles Bajipura,Bajipura,"9328518651 , 9909529857"
Shiv Auto Parts & Garage Dahegam,Ahmedabad,"9925766005 , 9925741717"
Shiv Auto Parts Balitha,Vapi,9879171367
Shiv Auto Parts Dhornpardi,Kamrej,9898132265
Shiv Auto Parts Dhornpardi Hw,Kamrej,9898132265
Shiv Auto Parts Harij,Patan,"9725406484 , 209 , 972540648"
Shiv Auto Parts Mandvi,Mandvi,"9979682440 , 9979682443"
Shiv Auto Parts Mandvi Hw,Mandvi,"9979682440 , 9979682443"
Shiv Auto Parts Padra,Vadodara,"8238033509 , 9722182600"
Shiv Auto Salabatpura Surat,Surat,9825675358
Shiv Auto Spare & Garage Lakhani,Tharad,"9913698697 , 9974734231"
Shiv Auto Spare Sarthana Surat,Surat,"9924522844 , 9924780317 , 7698446122"
Shiv Auto Spares Rankua Chikhli,Chikhli,9428882740
Shiv Auto Traders Dariyapur,Ahmedabad,9824085857
Shiv Auto Traders Salabatpura Surat,Surat,9825675358
Shiv Auto Udhna Surat,Surat,9825344498
Shiv Automobiles & Art Palsana,Surat,"9426775684 , 9033973205"
Shiv Automobiles Ankleshwar,Ankleshwar,"9426857825 , 7041322106"
Shiv Automobiles Jamnagar,Jamnagar,"9427771220 , 9879931852"
Shiv Automobiles Navagam Rajkot,Rajkot,9825386218
Shiv Automobiles Ozar Mh,Nashik,9890165833
Shiv Automobiles Ozar W Mh,Nashik,9890165833
Shiv Engineering Works Chikhli,Chikhli,"9924676423 , 9727364747 , 9427888989"
Shiv Engineering Works Chikhli,Bardoli,209
Shiv Engineering Works Netrang,Netrang,9601177241
Shiv Enterprise Gandhidham,Gandhidham,9979391147
Shiv Enterprise Katargam Surat,Surat,9773421363
Shiv Enterprise Palsana,Sayan,9099082457
Shiv Enterprise Palsana,Palsana,8758483477
Shiv Enterprise Sayan,Palsana,"8758483477 , 9099082457"
Shiv Enterprise Sayan,Sayan,8758483477
Shiv Krupa Auto Navapur,Nandurbar,"9979311145 , 9723832555"
Shiv Lubricant Anand,Anand,9228420171
Shiv Motor Care Palej,Karjan,"9909249692 , 9081051265"
Shiv Motors Gandhidham,Gandhidham,9909913955
Shiv Motors Khemshibhai Dhanera,Deesa,"9978166793 , 7202871250"
Shiv Motors Udhna Surat,Surat,9825344498
Shiv Shakti Automobiles Mundra Kutch,Kutch,"8905917110 , 9574530720"
Shiv Shakti Motor Garage Limbdi,Ahmedabad,9426420777
Shiv Shakti Motors Gota Ahmedabad,Ahmedabad,"7383251833 , 9998236715 , 9909992806"
Shiv Shakti Trader Mirzapur,Ahmedabad,"9825892380 , 8160348076"
Shiv Tractor Panthawada,Deesa,"9904925159 , 209 , 9427639621 , 9898144815"
Shiv Tractor Parts And Garrage Wagodiya,Baroda,9879391577
Shiv Tractor Traders Sayan,Olpad,"9825696797 , 9825960294"
Shiv Traders Areth,Areth,9825891256
Shiv Traders Kim,Kim,"9537133602 , 8200948863"
Shiv Traders Valod,Vasda,9825977559
Shiv Traders Velda Nizar,Tapi,"9998861395 , 9157013143"
Shiv Traders Velda Nizar M H Old,Tapi,"9998861395 , 9157013143"
Shiv Trading Bharuch,Bharuch,9825085693
Shiva Transmission Agency Mehsana,Mahesana,9825051261
Shivam Auto And Machinary Store Khedbramha,Ider,"9558955742 , 9879760747"
Shivam Auto Parts & Garage Bharuch,Bharuch,9904446777
Shivam Auto Parts Amroli Surat,Surat,9510987514
Shivam Auto Parts Bardoli,Bardoli,9998575167
Shivam Auto Parts Nadiyad,Nadiad,9375831654
Shivam Auto Parts Rajkot,Rajkot,"9726278320 , 8780455359"
Shivam Auto Spare & Workshop Vasda,Navsari,"9638822656 , 9512988009"
Shivam Auto Spares Haripura Ahmedabad,Ahmedabad,"9825459552 , 9924800068"
Shivam Auto Vegha Dabhoi,Baroda,9909661696
Shivam Auto Vegha Dabhoi,Dabhoi,"9979448869 , 9909661696"
Shivam Automobiles & Garage Dahivel,Dhule,"9168202814 , 9511818900"
Shivam Automobiles & Garage Dahivel Mh,Dhule,"9168202814 , 9511818900"
Shivam Automobiles & Garage Dahivel W Mh,Dhule,"9168202814 , 9511818900"
Shivam Automobiles Malegaon Mh,Malegaon town,"9423965102 , 8956514990"
Shivam Automobiles Mandavi,Mandvi,"9913230002 , 9825407357"
Shivam Automobiles Panchavati Nashik Mh,Nashik,9422769243
Shivam Automobiles Vapi,Vapi,"9727429429 , 8558355758"
Shivam Battery Amroli Surat,Surat,9427152020
Shivam Car Clinic Hansot,Ankleshwar,"9904090203 , 9426805133"
Shivam Earthmoving Spares Vapi,Vapi,9824150420
Shivam Enterprise Bhaktinagar Rajkot,Rajkot,9429080315
Shivam Enterprise Gothan Surat,Surat,92766832088
Shivam Hardware Porbandar,Porbandar,9099753555
Shivam Home Decor Ankleshwar,Ankleshwar,"9979376835 , 8200511768"
Shivam Hydraulic Pvt Ltd Sola,Ahmedabad,9925313723
Shivam Motors 40-Gaon Phata Malegaon Mh,Nashik,"9096905178 , 9158944284"
Shivam Motors Amboli,Kamrej-Amboli,9773414843
Shivam Motors Amboli Hw,Kamrej-Amboli,9773414843
Shivam Motors Garage Kamrej,Kamrej,"9909720112 , 209"
Shivam Motors Sarkhej,Sarkhej,9601489393
Shivam Sales Dhanera,Deesa,9924933805
Shivam Spares Gandhinagar,Gandhi Nagar,9824058270
Shivam Spers Dhule,Dhule,9763884941
Shivam Tools Kamrej W Old,Kamrej,"9898663655 , 9824593285"
Shivani Motors Ankleshwar,Navsari,"9824533534 , 79884426397"
Shivani Sales Agency Sayan,Sayan,9725114755
Shivani Traders Sadhli,Baroda,"9979166421 , 8980840103"
Shivani Traders Sadhli W S Old,Baroda,"9979166421 , 8980840103"
Shivansh Automobiles Sinnar Mh,Nashik,7420826144
Shivanya Traders Nandgaon Mh,Nashik,8275292445
Shivanya Traders Nandgaon W Mh,Nashik,8275292445
Shivay Auto Hub Mansa,Gandhi Nagar,8608686886
Shivay Automobiles Surat,Surat,9909057669
Shivdhara Grenito & Marbal Bharuch,Bharuch,"9879476126 , 9913295546"
Shivdhara Marble & Granito Ankleshwar,Ankleshwar,8866142899
Shivkrupa Tractor Garage Dolvan Unai,Vasda,"9978354863 , 8758093963 , 9537681719"
Shivkumar Ranoli,Ranoli,"9427377976 , 7575046119"
Shivnandi Oil Centre And Auto Parts Zagadia,Bharuch,9913032732
Shivneri Automobiles Dindori Mh,Nashik,9423483157
Shivom Corporation Navavadaj Ahmedabad,Ahmedabad,"9408439500 , 9824039501"
Shivshahi Engineering Workshop And Welding Maralgoi Khurd Lasalgaon Mh,Nashik,"9850704122 , 9890146545"
Shivshakti Auto Center Bardoli,Bardoli,"9427168863 , 6352988079"
Shivshakti Auto Center Jamnagar,Jamnagar,"9427452037 , 7874928060"
Shivshakti Auto Center Pandesara Surat,Surat,9173311411
Shivshakti Auto Gas Khatrej,Kheda,7041424100
Shivshakti Auto Jamnagar,Jamnagar,"9427452037 , 7874928060"
Shivshakti Auto Parts Gandhidham,Gandhidham,"9099975151 , 99125138507"
Shivshakti Auto Parts Limbdi,Dhanduka,"9714961709 , 8320884001 , 9824289018"
Shivshakti Auto Parts Mukesh Bhai Navagam,Rajkot,9924107707
Shivshakti Auto Parts Nana Sanja Zagadiya,Bharuch,9427143618
Shivshakti Auto Parts Nanachiloda,Ahmedabad,7984028199
Shivshakti Auto Parts Palanpur,Palanpur,9428652913
Shivshakti Auto Parts Rajkot,Rajkot,"9714553482 , 9033477951"
Shivshakti Auto Parts Ranoli,Ranoli,"8780287584 , 9427377976 , 7575046119"
Shivshakti Auto Parts Timbadi Patiya Morbi,Morbi,9712014444
Shivshakti Auto Traders Bardoli,Bardoli,"9427168863 , 6352988079"
Shivshakti Automobile Sikodar Patia Anand,Anand,9825378223
Shivshakti Automobile Valavav Baroda,Vadodara,9825789097
Shivshakti Automobile Valavav Baroda,.,"9825475930 , 9825789097"
Shivshakti Automobiles Halvad,Rajkot,9825734557
Shivshakti Automobiles Morbi Ayodhyapuri,Morbi,9428264296
Shivshakti Automobiles Navsari,Navsari,9925313723
Shivshakti Automobiles Navsari Hw,Navsari,9925313723
Shivshakti Automobiles Parvatpatia Surat,Surat,"9825134972 , 9976634972 , 9978634972"
Shivshakti Automobiles Ranavav,Porbandar,9979903882
Shivshakti Automobiles Satana Lakhmapur Mh,Nashik,9850020289
Shivshakti Automobiles Vasda,Vasda,"9737376773 , 9723220253 , 9428013534"
Shivshakti Automobiles Vasda,Sachin,"9723220253 , 9428013534 , 9737376773"
Shivshakti Car Accessories Morbi,Morbi,"9409494554 , 9727472664"
Shivshakti Enterprise Kamrej,Kamrej,"9601117333 , 9427550876"
Shivshakti Enterprise Panoli Ankleshwar,Ankleshwar,"9427003757 , 7046360203"
Shivshakti Enterprise Rajkot,Rajkot,9428345283
Shivshakti Motors Deesa,Deesa,"8200276854 , 9408648494"
Shivshakti Motors Dhanera,Deesa,"9978163917 , 9166559101"
Shivshakti Motors Dhanera Old,Deesa,"9978163917 , 9166559101"
Shivshakti Motors Dhanera W Old,Deesa,"9978163917 , 9166559101"
Shivshakti Motors Hazira,Hazira,9427808435
Shivshakti Motors Hazira Hw,Hazira,9427808435
Shivshakti Motors Mayurbhai Kamrej,Kamrej,9924108851
Shivshakti Nut Bolt & Company Palanpur,Palanpur,9978020550
Shivshakti Tractor Garage Dhanera,Deesa,"9638906195 , 9925427632"
Shivshakti Tractor Traders Hasot,Ankleshwar,9925239440
Shivtirth Trectar Garage Pachore Phata Mh,Nashik,9049882384
Shivyogi Earthmovers Nampur Mh,Nashik,8857818508
Shlok Enterprise Sarkhej,Sarkhej,9824035351
Shohanbhai Delhi Darwaja,Ahmedabad,"9428498002 , 9428498004"
Shraddha Auto Accesories Kamrej,Kamrej,9426894228
Shraddha Auto Bodyline Kholwad Kamrej U3 M Old,Kamrej,9426894228
Shraddha Auto Bodyline Kholwad Kamrej U4 Old,Kamrej,9426894228
Shraddha Auto Bodyline Kholwad Kamrej W M Old,Kamrej,9426894228
Shraddha Automobiles Gandhidham Kutch,Gandhidham,9825547577
Shraddha Automobiles Halvad,Rajkot,9998330710
Shree Aai Krupa Auto Parts Bakrol Amd,Ahmedabad,"6353289453 , 9924627607"
Shree Aaiji Hardware And Paints Sayan,Sayan,9665552749
Shree Aaiji Krupa Jcb Parts Becharaji,Mahesana,"9824135093 , 9723485013"
Shree Aapeshwar Auto Parts Iqbalgadh,.,9979352047
Shree Amba Tractor Parts Rajpipla,Rajpipla,9998292700
Shree Amba Tractor Parts Rajpipla,Rajpardi,9998292700
Shree Ambay Bheraw Traders Nareshbhai Sachin,Sachin,9879131544
Shree Ambe Auto Parts Thara,Tharad,"9426897343 , 9081399037"
Shree Ambe Bhairav Fastaners Vikrambhai Sachin,Sachin,9998877030
Shree Ambica Additional Service Amboli,Kamrej-Amboli,9033970789
Shree Ambica Earthmovers Odhav,Odhav,"9925517220 , 9408220180"
Shree Ambica Earthmovers Odhav Hw,Odhav,"9925517220 , 9408220180"
Shree Ambika Agencies Bharuch,Bharuch,9374215045
Shree Ambika Auto Sales And Service Ankleshwar,Ankleshwar,
Shree Ambika Auto Sales And Services Car Pcd Amboli,Kamrej,9879123848
Shree Ambika Automobiles Nana Chiloda Kiritbhai,Nana Chiloda,"9601990682 , 9426420090"
Shree Ambika Automobiles Nana Chiloda Kiritbhai Hw,Nana Chiloda,"9601990682 , 9426420090"
Shree Ambika Hydrolic Areth,Areth,9664565607
Shree Ambika Marketing Ankleshwar,Ankleshwar,9426892218
Shree Ambika Motors Bhestan Surat,Surat,7016206456
Shree Ambika Traders Dhornapardi,Kamrej-Amboli,"8866293499 , 8320755893"
Shree Ambika Traders Palanpur,Palanpur,9408418449
Shree Amrut Agency Kamrej,Kamrej,9426776432
Shree Amrut Automobiles Baroda,Vadodara,"7043735325 , 9727290290"
Shree Amulakh Auto Center Shagibaug Ahmedabad,Ahmedabad,"9824046677 , 8000031920"
Shree Ansoya Automobiles Ranoli Baroda,Vadodara,9925270635
Shree Arihant Auto Parts Mukundbhai Sanathal Ahmd,Sanatal,9904316353
Shree Arihant Auto Parts Sanathal Ahmd,Sanatal,9904316353
Shree Ashapura Auto Mobiles Mundara,Mundra,7874891517
Shree Ashapura Auto Parts Dhaneti Kutch,Kutch,209
Shree Ashapura Auto Parts Vapi,Vapi,209
Shree Ashapura Auto Parts Vapi,Valsad,"6352187079 , 9737613119"
Shree Ashapura Automobiles Kadodara,Kadodara,"9825530346 , 9879535546"
Shree Ashapura Enterprinses Makarpura,Vadodara,9429021110
Shree Auto Agencies Bhuj,Bhuj,9427819805
Shree Auto Center Nakhtrana Old,Kutch,9909526096
Shree Auto Mavdi Road Rajubhai Rajkot,Rajkot,"9426986104 , 8200878826 , 9426786947"
Shree Auto Mavdi Road Rajubhai Rajkot,Baroda,9638713462
Shree Auto Spares Bhavnagar,Bhavnagar,9427938750
Shree Auto Spares Shingad Talao Nashik Mh,Nashik,"9373921010 , 9970050500"
Shree Auto Spares Shingad Talao Nashik W Mh,Nashik,"9373921010 , 9970050500"
Shree Automobiles Nakhatrana,Kutch,9769124658
Shree Avadh Engineering Works Netrang,Bharuch,9427143056
Shree Bahucharaji Auto Nakhatrana,Kutch,"9099446444 , 9825803986"
Shree Bahucharmeldi Auto Parts Hathijan Ahmdabad,Ahmedabad,7046232360
Shree Bai Auto Parts Bhatiya,Porbandar,9624002407
Shree Balaji Auto Garage Parts Mahesana,Mahesana,"9725126432 , 6351786784"
Shree Balaji Auto Ichchhapore Hazira,Surat,"8905046255 , 7874800363 , 9817830948"
Shree Balaji Auto Parts Dahivel Mh,Dhule,9822332116
Shree Balaji Auto Parts Dahivel W Mh,Nashik,9822332116
Shree Balaji Auto Parts Lavachha Vapi,Vapi,7383610383
Shree Balaji Automobiles Kamatwade Nashik Mh,Nashik,9011041487
Shree Balaji Automobiles Kamatwade Nashik Mh Old,Nashik,9011041487
Shree Balaji Automobiles Kamatwade Nashik W Mh,Nashik,9011041487
Shree Balaji Automobiles Kamatwade Nashik W Mh Old,Nashik,9011041487
Shree Balaji Automobiles Shahada M.H,Nandurbar,"9420443553 , 7038276999"
Shree Balaji Batteries & Auto Electrical Works Dahej,Dahej,"9375126900 , 7405064726"
Shree Balaji Corporation Vapi,Vapi,8401692245
Shree Balaji Earthmovers Shahada M.H,Nashik,9145625789
Shree Balaji Industrial Store Palsana,Palsana,"8469551150 , 9033051236"
Shree Balaji Mototrs Panchavati Nashik Mh,Nashik,9881265792
Shree Balaji Mototrs Panchavati Nashik W Mh,Nashik,9881265792
Shree Balaji Traders Sachin,Sachin,"9824121734 , 8866568404"
Shree Balsara Auto Parts Balitha,Vapi,9725047662
Shree Balsara Auto Parts Balitha Hw,Vapi,9725047662
Shree Balvi Automobiles Bhatiya,Porbandar,9428125632
Shree Balvi Motors Porbandar,Porbandar,9979243319
Shree Baneshwari Automobiles Radhanpur,Patan,9998068046
Shree Baneshwari Automobiles Radhanpur,Radhanpur,9998068046
Shree Bhagwati Automobiles Gandhidham,Gandhidham,"9825226814 , 9825227814"
Shree Bhagyalaxmi Timber Mart Ankleshwar,Bharuch,"9377711981 , 9033933063"
Shree Bhagyoday Enterprise Dahej,Dahej,9033750903
Shree Bhagyoday Tractor Parts Dahej W M Old,Dahej,9033750903
Shree Bhavani Auto Parts Botad,Botad,"9825820077 , 9714586030"
Shree Bhole Auto Parts Tarapur,Anand,"9429070517 , 9712985784"
Shree Brahmani Auto Parts Dantivada,Palanpur,8140127581
Shree Brahmani Auto Parts S.D.Surat,Surat,9727636869
Shree Brahmani Auto Parts Sanathal,Sanatal,209
Shree Brahmani Automobiles & Garage Dhanera,Deesa,9925952526
Shree Brahmani Bettary And Invetor Tharad,Tharad,"9898173661 , 9924351815"
Shree Brahmani Car Care Dantiwada,Palanpur,"8780458390 , 9904601154 , 8140127581"
Shree Brahmani Oil And A P Vatva Ahmd,Vatva,7878520555
Shree Car Auto Parts Valsad,Valsad,8780840248
Shree Chamunda Auto Electric Works Karjan,Karjan,9429829065
Shree Chamunda Auto Garage & Auto Parts Gota Ahmd,Ahmedabad,"9978081383 , 9067235257 , 9825346658"
Shree Chamunda Auto Parts Anjar,Kutch,"9825877580 , 9265366180"
Shree Chamunda Auto Parts Nanapurna,Dharampur,"9879468204 , 7990197880"
Shree Chamunda Auto Parts Nanapurna,Vapi,"9879468204 , 7990197880"
Shree Chamunda Auto Parts Pintubhai Ahmedabad,Ahmedabad,9825084976
Shree Chamunda Auto Parts Shyamkhali,Kutch,9712240330
Shree Chamunda Auto Parts Umreth,Anand,9824194674
Shree Chamunda Automobiles Khedbrahma,Ider,9427058626
Shree Chamunda Automobiles Rajula,Rajkot,"7698820161 , 9824292071"
Shree Chamunda Haydrulics & Spares Anjar,Kutch,8160129771
Shree Chamunda Motors Deesa,Deesa,9773276552
Shree Chamunda Motors Nilangbhai Sanathal,Sanatal,9898877714
Shree Chamunda Motors Nilangbhai Sanathal,Ahmedabad,9898877714
Shree Chamunda Traders Bharuch,Bharuch,"9558558982 , 9979782155"
Shree Chamunda Traders Sachin,Sachin,"8849529879 , 9998637273"
Shree Chandresh Automobiles Malegaon Mh,Nashik,"9828111225 , 9637471263 , 209"
Shree Charbhuja Auto Parts Limkheda,Godhra,"9426547530 , 99099979510"
Shree Dattguru Motors Peth Road Nashik Mh,Nashik,"9604366098 , 8975341717 , 9561920742"
Shree Dattguru Motors Peth Road Nashik W Mh,Nashik,"9604366098 , 8975341717 , 9561920742"
Shree Dattkrupa Auto Parts & Garage Lasalgaon Mh,Nashik,"9890905345 , 9821405354"
Shree Dev Traders Palsana Hw,Surat,9712965469
Shree Dharti Auto Parts Iqbalgadh,Palanpur,"7283824734 , 9426445177 , 7043227716 , 70432277"
Shree Durga Automobiles Ghoti W Mh,Nashik,9028192997
Shree Durga Enterprise Balitha,Vapi,"9374087444 , 9328188537"
Shree Durga Hardware & Plywood Center Ankleshwar,Ankleshwar,9879751179
Shree Durga Lubricants Baroda,Baroda,9909900721
Shree Dutt Spere Oil & Tyares Chinchpada Visarwadi M.H.,Chinchbunder,"9623339484 , 9423322233"
Shree Dutt Tredars Pimpalner M.H,Dhule,9421525045
Shree Enterprise Golden Park Kodaipul Mandvi,Kutch,"9825427502 , 9925380841"
Shree Enterprise Rahul Adwani Dwarka Nashik Mh,Nashik,"9822959601 , 9503890258"
Shree Enterprise Rahul Adwani Dwarka Nashik W Mh,Nashik,"9921929716 , 9822959601 , 950389025"
Shree Enterprise Rajkot,Rajkot,9428276282
Shree Enterprise Surat,Surat,8000158102
Shree Enterprises Dwarka Nashik W Mh,Nashik,9423117337
Shree Gajanand Automobiles Parvat Patiya Surat,Surat,8000071718
Shree Gajanand Hardware And Textile Tati Thaiya,Kadodara,9825864124
Shree Ganesh Aurtomobiles Saroli,Surat,"9898134334 , 8469534582"
Shree Ganesh Auto Parts Balitha Vapi,Balitha,"9328026238 , 9428159188"
Shree Ganesh Auto Parts Balitha Vapi Hw,Balitha,"9328026238 , 9428159188"
Shree Ganesh Auto Parts Dahej,Dahej,9974883365
Shree Ganesh Auto Parts Karchaliya Mahuva,Bardoli,7874148806
Shree Ganesh Auto Parts Karchaliya Mahuva Hw,Bardoli,7874148806
Shree Ganesh Auto Parts Lal Baugh Baroda,Baroda,9979616812
Shree Ganesh Auto Parts Pravinbhai Bharuch,Bharuch,9824121276
Shree Ganesh Auto Store Padra,Padra,9898667875
Shree Ganesh Auto Store Padra,Vadodara,9898667875
Shree Ganesh Automobile Navapur Arvindbhai,Nandurbar,9423523692
Shree Ganesh Automobiles Ankleshwar,Ankleshwar,9825045342
Shree Ganesh Automobiles Bardoli,Bardoli,9426854124
Shree Ganesh Automobiles Bardoli Hw,Bardoli,9426854124
Shree Ganesh Automobiles Saroli,Kadodara,"9898134334 , 8469534582"
Shree Ganesh Automobiles Saroli,Surat,"9898134334 , 8469534582"
Shree Ganesh Battrey Boregao Mh,Nashik,7758833994
Shree Ganesh Fastners Pandesara Surat,Surat,9825991231
Shree Ganesh Motors Pimpalgaon M.H.,Nashik,"9623236299 , 9403160097"
Shree Ganesh Motors Pimpalgaon W Mh,Nashik,"9623236299 , 9403160097"
Shree Ganesh Oil Center Satana M.H,Nandurbar,"9970038439 , 9823577113 , 9422792498 , 8888880575"
Shree Ganesh Sales Agency Areth,Mandvi,9825818140
Shree Ganesh Spare Parts Akkalkuwa,Nandurbar,"9404735091 , 9421466893"
Shree Ganesh Tractor & Auto Lasalgaon Mh,Nashik,9823645538
Shree Ganesh Tractor Garage Gioner Mh,Nashik,"7972290311 , 9604092135"
Shree Ganesh Tyre And Auto Parts Areth,Mandvi,"7567008044 , 9925010000"
Shree Ganesh Tyre And Auto Parts Areth,Tadkeshwar,"7567008044 , 9925010000"
Shree Garage Vadgam,Vadagam,9427647781
Shree Gaurav Auto Parts Bhanvad,Porbandar,7874093826
Shree Gaurav Mo Stores Shailesh Bhai Porbandar,Porbandar,9426437497
Shree Gautam Automobiles Baroda,Baroda,9924459559
Shree Gayatri Auto & Tractor Chikhli Old,Chikhli,9427469566
Shree Gayatri Auto & Tractor Chikhli U3 Old,Chikhli,9427469566
Shree Geeta Hardware Kadodara,Surat,"9724247712 , 9825864123"
Shree Gogaji Automobiles Vapi,Vapi,"8866033657 , 9825633657"
Shree Gurudatta Automobiles Yeola Mh,Nashik,"9823245191 , 7820995575"
Shree Gurukrupa & Accesories Dhanera,Deesa,"8153992528 , 9924413833"
Shree Gurukrupa Auto Parts Devpar,Kutch,9979424900
Shree Gurunanak Automobiles Mandvi,Surat,"9825982655 , 9313541551 , 9099449401"
Shree Hari Auto Mobiles Dhangadhra,Dhanduka,"9428917963 , 7778888973"
Shree Hari Auto Parts Dahej,Dahej,"9624340943 , 209"
Shree Hari Auto Parts Dahej Hw,Dahej,9624340943
Shree Hari Auto Parts Kalol,Kalol,"9099141490 , 9824872889"
Shree Hari Auto Parts Pandesara Surat,Surat,"9974566635 , 9898234204"
Shree Hari Auto Parts Sevalia,Baroda,9913980149
Shree Hari Automobile Ankleshwar,Bharuch,7984560289
Shree Hari Automobile Ankleshwar Hw,Bharuch,7984560289
Shree Hari Automobiles Dahej,Dahej,9624340943
Shree Hari Automobiles Dahej Hw,Dahej,9624340943
Shree Hari Automobiles Gandhidham,Gandhidham,"9687202873 , 209"
Shree Hari Automobiles Upleta,Rajkot,9825222160
Shree Hari Automobiles Upleta,Surat,209
Shree Hari Ent Vipulbhai Kim,Kim,9824177342
Shree Hari Enterprise Surat,Surat,9909981641
Shree Hari Krupa Auto Parts Bharuch,Bharuch,"9909473606 , 9033616863"
Shree Hari Motors Sarthana Surat,Surat,"9909002182 , 9825454302"
Shree Hari Tractor Spare Parts Ghodhamba,Godhra,"9925981521 , 9727209068"
Shree Harikrishna Auto Parts Bharuch,Bharuch,"9978527763 , 8347744880"
Shree Harikrishna Auto Parts Bharuch Hw,Bharuch,"9978527763 , 8347744880"
Shree Hinglaj Motors Akhol Deesa,Deesa,9427044366
Shree Hydraulics Dwarka Nashik Mh,Nashik,"9860741333 , 8329211940"
Shree Jakshani Motor Stores Khodiyar Amd,Ahmedabad,9377174924
Shree Jalaram Auto Center Puna Kumbh Surat,Surat,9825725880
Shree Jalaram Automobiles Parvatpatia Surat,Surat,799096563
Shree Jalaram Earthmovers Chhani,Baroda,9409612670
Shree Jalaram Oil Center Parvat Patia Surat,Surat,9825725880
Shree Jalaram Tyre Hazira,Hazira,"9825245858 , 9998070048 , 9558287801"
Shree Jay Ambe Automobiles Manishbhai Vapi,Vapi,"9328295920 , 9712995921"
Shree Jay Ambe Kadodara,Kadodara,9979067619
Shree Jay Ambe Oil Depo Surat M Old,Surat,9879851531
Shree Jay Bearing Udhana,Surat,9227552913
Shree Jay Bearing Udhana,Sachin,209
Shree Jineshwar Motors Mirzapur Ahmd,Mirzapur,"9978133371 , 8128284023 , 209"
Shree Kalyan Lubes Surat Udhana,Surat,"9409588311 , 9925119944"
Shree Kanaiya Auto Parts Kamrej,Surat,6353509819
Shree Kanaiya Auto Parts Kamrej,Kamrej,6353509819
Shree Kapur Tractor Garage Karjan,Karjan,"9725159628 , 9720759628"
Shree Kapur Tractor Garage Segwa Chowkdi,Baroda,9974199718
Shree Karni Pipes And Hardware Hoziwala Sachin,Sachin,"9408770897 , 9974195001"
Shree Kedar Hardware & Machinery Tools Kadodara,Kadodara,9737043250
Shree Kedarnath Granite & Marble Panoli Ankleshwar,Ankleshwar,9879257147
Shree Khatupati Traders Sosiyo Circl,Surat,9904016595
Shree Kheteshwar Agriculture Vega Dabhoi,Dabhoi,"9601316236 , 8320530506"
Shree Khetrapar Traders Gandhidham,Gandhidham,"7874620293 , 9726273281"
Shree Khodal Motors Anand Old,Anand,"8000080642 , 9925109532"
Shree Khodal Motors Anand W Old,Anand,"8000080642 , 9925109532"
Shree Khodaldeep Automobiles Navagam,Rajkot,"9824595688 , 9924310881"
Shree Khodiyar Auto Parts Punagam Surat,Surat,"9510484352 , 6352846867"
Shree Khodiyar Auto Parts Ravapar,Kutch,9909513002
Shree Khodiyar Auto Parts Sarkhej,Sarkhej,9558126565
Shree Khodiyar Auto Parts Vapi,Valsad,7698236856
Shree Khodiyar Automobiles Navagam Rajkot,Rajkot,9428038910
Shree Khodiyar Motors Kim,Surat,9924361087
Shree Khodiyar Payaling & Engineering Navagam Kamrej,Surat,9409063710
Shree Khodiyar Tractor Gerage Amreli,Amreli,"9427255300 , 9879460029"
Shree Khodiyar Tractor Parts Bharuch,Bharuch,"9426801612 , 7016213037"
Shree Khodiyar Tractor Parts Tejashbhai Kadi,Mahesana,9426706363
Shree Kishan Auto Spares Chandvad Mh,Nashik,"9422763257 , 9209292653"
Shree Kishan Auto Spares Chandvad W Mh,Nashik,"9422763257 , 9209292653"
Shree Kishan Enterprise Dhumad Chokdi Baroda,Baroda,"9825662096 , 9825462096"
Shree Krishna Auto Center Sarkhej,Sarkhej,"9558126565 , 9377544446"
Shree Krishna Auto Garage Sayan,Surat,"6358177053 , 6354022108"
Shree Krishna Auto Parts Ankleshwar,Bharuch,9726787717
Shree Krishna Auto Parts Balitha Vapi,Vapi,9898708222
Shree Krishna Auto Parts Karan Gam Palsana,Surat,"8460773365 , 9265048784"
Shree Krishna Auto Parts Mazigam Chikhli,Chikhli,"9978324301 , 9825569601"
Shree Krishna Auto Parts Umreth,Anand,"9173196774 , 9428263170"
Shree Krishna Automobiles Anand,Anand,9824602610
Shree Krishna Automobiles Dadra,SILVASSA,9724072614
Shree Krishna Automobiles Mahendrabhai Bharuch,Bharuch,9924800055
Shree Krishna Automobiles Udvada Canter,Valsad,"9328224897 , 9376111157 , 9726247295"
Shree Krishna Engineering Works Palsana,Surat,"9925895354 , 9974671437 , 9374454445"
Shree Krishna Enterprise Kapurai Baroda,Vadodara,"7874749797 , 9898514986"
Shree Krishna Enterprise Shahpur Abd,Ahmedabad,9428413601
Shree Krishna Erthmovers Mandvi,Mandvi,"9879303298 , 9727784534"
Shree Krishna Erthmovers Mandvi U3 M Old,Mandvi,"9879303298 , 9727784534"
Shree Krishna Erthmovers Mandvi W M Old,Mandvi,"9879303298 , 9727784534"
Shree Krishna Export Porbandar,Porbandar,9879462588
Shree Krishna Hardware And Electrical Ankleshwar,Ankleshwar,"6352308684 , 9328334164"
Shree Krishna Kaman Repairing Garudeshwar,Bodeli,9737911236
Shree Krishna Motors Kamrej,Surat,9909507467
Shree Krishna Traders Dholka,Kheda,"9727701824 , 9727701825"
Shree Krishna Traders Jambusar,Jambusar,"9824002735 , 9898800291"
Shree Krushna Automobiles Sayan,Sayan,"9998741520 , 9978932442"
Shree Krushna Automobiles Sayan Hw,Sayan,"9998741520 , 9978932442"
Shree Kuber Enterprise Ranoli,Ranoli,8734044144
Shree Kuldevi Tractor Parts Lakhni,Tharad,9723669654
Shree Kuldevi Tyre Auto Garage Ramjibhai Tharad,Tharad,"9662926147 , 9638745203"
Shree Kuldevi Tyres & Auto Parts Sarvambhai Tharad,Tharad,9662926147
Shree Laxmi Auto And Tractor Kanaja Vyara,Vyara,7874762726
Shree Laxmi Auto Stores Kamrej,Kamrej,9824327934
Shree Laxmi Automobiles Dhandhuka,Dhanduka,9825721198
Shree Laxmi Automobiles Dhandhuka Old,Dhanduka,9825721198
Shree Laxmi Electricals Surat,Surat,7990412352
Shree Laxmi Enterprise Jolva Dahej,Dahej,9601755991
Shree Laxmi Hardware Ankleshwar,Ankleshwar,9408934248
Shree Laxmi Narayan Automobiles Dahod,Dahod,9825319960
Shree Laxmi Parts Pandesara,Surat,9426813887
Shree Laxmi Tax Parts Pandesara,Surat,9426813887
Shree Laxminarayan Auto Parts Dahod,Dahod,9825319960
Shree Maa Ashapura Enterprise Vapi,Vapi,"7434022986 , 8160728411 , 7573011928"
Shree Maa Ashapura Enterprise Vapi,Surat,209
Shree Madhav Automobiles Morbi,Morbi,"9825620144 , 8264548740"
Shree Madhuram Traders Fatehpura Baroda,Baroda,9426319594
Shree Mahadev Automobiles Akhol Deesa,Deesa,9638484151
Shree Mahakali Auto Parts Narol,Narol,7878141444
Shree Mahakali Glass Center Bharuch,Bharuch,9166201552
Shree Mahalaxmi Automobiles Sachin,Sachin,8141011055
Shree Mahalaxmi Automobiles Sachin Hw,Sachin,8141011055
Shree Mahalaxmi Automobiles Sachin,Surat,8141011055
Shree Mahalaxmi Motors Aakhol Deesa,Disa,9979091143
Shree Mahalaxmi Oil And Tyres Satlasana,Siddhpur,"209 , 9427287509"
Shree Mahalaxmi Tractor Parts Visnagar,Visnagar,9429217547
Shree Mahesh Automobiles Satana M.H,Nashik,9422764667
Shree Mahesh Automobiles Satana M.H.,Nashik,9422764667
Shree Maheshwari Auto Spares Ghatlodiya,Ghatlodiya,"9825973244 , 7802936311"
Shree Malhar Auto Services Abhona Mh,Nashik,8956263997
Shree Mangalmurti Hydrolic & Engineering Nandurbar M.H,Nandurbar,"7798011999 , 7350230234"
Shree Mansa Automobiles Songadh,Songadh,"9979510575 , 7990025981"
Shree Maruti Auto Parts Sachin,Sachin,
Shree Maruti Automobiles Subhanpura Baroda,Baroda,9426277554
Shree Maruti Glass & Auto Center Waghodiya Baroda,Baroda,9726572115
Shree Maruti Motors Chhani Baroda,Vadodara,9408511931
Shree Maruti Spare Gandhinagar,Gandhi Nagar,9327006707
Shree Marutinandan Auto Parts Valak Patia,Kamrej,8140094969
Shree Mataji Power Tools Ankleshwar,Ankleshwar,"8200170588 , 8674004790"
Shree Matoba Maraj Tractor Naitale Mh,Nashik,9975523626
Shree Matoba Maraj Tractor Naitale W Mh,Nashik,9975523626
Shree Meladi Spares Thaltej,Thaltej,"9574846321 , 9898008189"
Shree Meladi Spares Thaltej Hw,Thaltej,9574846321
Shree Minaxi Earthmoverg Spares Hazira,Hazira,"209 , 9429460054 , 7990216085"
Shree Minaxi Earthmoverg Spares Hazira Hw,Hazira,"9429460054 , 7990216085"
Shree Minaxi Earthmovers Hazira Icchhapor M Old,Hazira,9429460054
Shree Minaxi Earthmovers Sarkhej,Sarkhej,9426459934
Shree Momai Enterprise Vapi,Vapi,"8469333115 , 9879168570"
Shree Momai Motors Mundra,Mundra,"9428067732 , 9879600386"
Shree Momai Truck Spare Parts Khambhaliya,Khambhalia,209
Shree Momay Auto Parts Nakhatrana,Kutch,"9624948652 , 9978054084"
Shree Motors Sanathal,Sanatal,9898391177
Shree Nakoda Bherawdev Hardware Sachin,Sachin,"9173379338 , 9725952152"
Shree Nakoda Packaging,Pune,"9766117960 , 7072077035 , 209"
Shree Nanak Enterprise Killapardi,Vapi,9033772030
Shree Nandana Enterprise Dindoli Surat,Surat,8460460989
Shree Narayan Enterprise Chhani,Baroda,9825592243
Shree Nath Auto Agencies Ajmer,Ajmer,"9351564117 , 7232091999"
Shree Nath Auto Parts Sanathal,Sanatal,9879955775
Shree Nath Automobiles Works Bardoli,Bardoli,9879532724
Shree Nath Motor Co Vapi,Vapi,9898731310
Shree Nath Traders Nayanbhai Sarkhej,Sarkhej,9426709791
Shree Nath Traders Nayanbhai Sarkhej W Old,Sarkhej,9426709791
Shree Nathaji Automobiles Khambhaliya,Jamnagar,9375814214
Shree Nathji Auo Parts Talala Old,Junagadh,"9638356063 , 8735856371"
Shree Nathji Auto Parts Talaja Gir,Ahmedabad,9638356063
Shree Nathji Enterprise Delhi Darwaja,Ahmedabad,"9825496328 , 7041235021"
Shree Nathji Enterprise Sayan,Sayan,9574476000
Shree Nathji Hydroflex Silvasa,SILVASSA,9925412682
Shree Nathji Hydroflex Silvasa,Kosamba,209
Shree Nathji Krupa Miljin Stores Kadodara,Kadodara,9925414179
Shree Nathji Krupa Traders Jolva Kadodara,Kadodara,"9879152803 , 9824123339"
Shree Nathji Motors Katargam Surat,Surat,9428056723
Shree Nathji Motors Parts Patadi,Bahucharaji,9824888161
Shree Nathji Oil And Tyre Rajpardi Hw,Rajpardi,9924260024
Shree Nathji Oil And Tyre Rajpardi,Rajpardi,9924260024
Shree Nathji Oil And Tyre Rajpardi M Old,Rajpardi,9924260024
Shree Nathji Parts Umbhel Kadodara,Kadodara,"8000326161 , 9824418121 , 8238326161"
Shree Nathji Suppliers Udhana Surat,Surat,9825140025
Shree Nathji Tractor Garage Chhota Udepur,Baroda,"9428068865 , 9638155233"
Shree Nathji Traders Dabhoi,Dabhoi,9426582599
Shree Nathji Trading Co. Choota Udepur,Baroda,"9426599293 , 8140000763"
Shree Navkar Tractor Parts Sarkhej,Sarkhej,"9429618281 , 7874724648"
Shree Navshakti Auto Enterprise Surat,Surat,"9427473396 , 9427969092"
Shree Nilkanth Motors Bhavnagar Hw Old,Bhavnagar,9825332972
Shree Nilkanth Motors Bhavnagar,Bhavnagar,9825332972
Shree Om Auto Valodi Gandevi Old,Navsari,9824115553
Shree Om Auto Valoti Gandevi,Navsari,9824115553
Shree Omkar Trading Co. Sarkhej,Sarkhej,"9904849866 , 9427483761"
Shree Omkar Trading Co. Sarkhej Hw,Sarkhej,"9904849866 , 9427483761"
Shree Padmavati Auto Parts & Garage Dhanera,Deesa,9714693235
Shree Pandurang Auto Spares Bareja,Kheda,209
Shree Paras Motors Karjan,Karjan,8866070804
Shree Paras Traders Karjan,Karjan,"8866070804 , 209"
Shree Parasnath & Co. Odhav,Odhav,9974587885
Shree Parasnath Auto Parts Ahmedabad,Ahmedabad,"9998460752 , 9898290522"
Shree Payal Deep Auto Center Vasda,Vasda,9427153981
Shree Prabhu Auto Parts Unjha,Unjha,9825714648
Shree Pragati Auto Parts Dehgam,Dehgam,9879881464
Shree Pramukh Automobiles Kalol,Kalol,"9737143938 , 209"
Shree Radhe Automobile Gandhidham,Gandhidham,"9974912438 , 9409229875"
Shree Radhe Krishna Auto Center Anjar Kutch W Old,Anjar,9909712179
Shree Radhe Krishna Auto Parts Anjar Kutch,Kutch,9909712179
Shree Raghu Automobiles Viratnagar,Viratnagar,9998200493
Shree Raghuvir Spare Parts Sayan,Surat,9409098049
Shree Raj Automobiles Khatrej,Kheda,9898046134
Shree Rajaram Auto Car Care Tharad,Deesa,9662736331
Shree Rajaram Automobiels Dhanera,Deesa,"9574038005 , 9662736331"
Shree Rajbai Auto Parts Patan,Patan,"9924817931 , 7874740741"
Shree Rajbai Motors Deyodar,Deesa,"94276039060 , 9427639030"
Shree Rajeshwar Auto Parts Bopal Ahmedabad,Ahmedabad,"9727233178 , 8469605086"
Shree Rajtara Automobiles Dindori Mh,Nashik,9881856520
Shree Rajtara Automobiles Dindori Mh,.,9881856520
Shree Raju Tractor Parts Bharuch,Bharuch,"8128992441 , 7990048484"
Shree Ram Auto & Tractor Parts Nizar,Tapi,"9924716001 , 7990469974"
Shree Ram Auto & Tractor Umbhel Kadodra,Kamrej,"8401552082 , 8140264636 , 7990503650"
Shree Ram Auto Agency Baroda City,Baroda,9825205800
Shree Ram Auto Agency Vyara,Vyara,"9427151965 , 7874430515"
Shree Ram Auto Bilimora Mehulbhai,Navsari,9429473517
Shree Ram Auto Center Naranpar Kutch,Kutch,9427266147
Shree Ram Auto Electric Work Limbdi Dahod,Dahod,9925427730
Shree Ram Auto Parts And Consult Aslali,Aslali,9376868924
Shree Ram Auto Parts And Consult Aslali Hw,Aslali,9376868924
Shree Ram Auto Parts Madhapar Bhuj,Kutch,9726231131
Shree Ram Auto Parts Vyara,Tapi,"820908921 , 9428644055 , 9687371555"
Shree Ram Automobailes,Surat,209
Shree Ram Automobiles Aslali,Aslali,"9725070836 , 8252746926"
Shree Ram Automobiles Dadra,SILVASSA,"9104238722 , 8875073485"
Shree Ram Automobiles Dadra W M Old,SILVASSA,"9104238722 , 8875073485"
Shree Ram Automobiles Nanapurna,Valsad,9879412319
Shree Ram Automobiles Nanapurna Hw,Valsad,9879412319
Shree Ram Corporation Sarkhej Amd,Ahmedabad,9925021387
Shree Ram Enterprise Jolwa Dahej,Bharuch,9662249430
Shree Ram Enterprise Jolwa Dahej,Ahmedabad,9909943452
Shree Ram Enterprise Kareli Sayan,Surat,7486880567
Shree Ram Enterprise Surat,Surat,"9624404446 , 8140810468"
Shree Ram Krishna Power Chhani,Vadodara,9016877207
Shree Ram Machinery Stores Waghai Hw,Vasda,9429057222
Shree Ram Machinery Stores Waghai,Vasda,9429057222
Shree Ram Motor Gerj Valva Chokdi Sevaliya,Vadodara,9924273633
Shree Ram Motors Parts Bayad,Bayad,"9428278752 , 9510254848"
Shree Ram Parts Santrampur,Godhra,"8238315785 , 9016522638"
Shree Ram Ply Lam Pasodra Patiya Kamrej,Kamrej,6353335357
Shree Ram Plywood Sarthana Jakat Naka Surat,Surat,9737363376
Shree Ram Tractor Jitubhai Satana M.H.,Nashik,9850539199
Shree Ram Tractor Mota Pondha,Valsad,9166307271
Shree Ram Tractors Bhuj,Bhuj,9825380801
Shree Ram Traders Chhani,Baroda,8780379084
Shree Ram Traders Naroda,Ahmedabad,"9825026731 , 9727722017"
Shree Ram Traders Naroda,Naroda,"9825026731 , 9727722017"
Shree Ram Traders New Delhi,Delhi,9810042503
Shree Ram Trading Gandhidham,Gandhidham,9913986335
Shree Ram Tyres Dakor,Anand,8320910147
Shree Ramdev Enterprise Sachin,Surat,"9408249586 , 9574249295"
Shree Ramdev Oil Sachin,Sachin,9409588311
Shree Ramdev Oil Sachin,Surat,209
Shree Rameshwar Auto Sales L.H Varacha Surat,Surat,"9537264808 , 9979665533"
Shree Ranchhod Rai Timber Trading Co Udhana,Surat,9913729129
Shree Ranchhodrai Auto Anand,Anand,8320756992
Shree Ranchodrai Motors Nadiyad,Nadiad,9825626916
Shree Rang Auto Parts & Grees Center Bhuva Dahej,Dahej,"9408553483 , 7201842619"
Shree Rang Automobiles Netrang,Netrang,9925895500
Shree Rang Automobiles Netrang Hw,Netrang,9925895500
Shree Rang Automobiles Netrang Hw Old,Netrang,9925895500
Shree Rang Steel Zadeshwar Bharuch,Bharuch,"9920307266 , 9624558083"
Shree Raveshi Auto Parts Tarapur,Anand,"9825855514 , 7265855514"
Shree Renuka Automobiles Satpur Nashik Mh,Nashik,"9850684272 , 8830867598"
Shree Renuka Automobiles Satpur Nashik W Mh,Nashik,"9850684272 , 8830867598"
Shree Sadafal Auto Parts & Service Velanja,Surat,"8104376505 , 9694821647"
Shree Sadguru Enterprise Ozar Mh,Nashik,"9834817301 , 9881528972"
Shree Sahjanand Auto Parts Sevaliya,Kheda,8154812525
Shree Sahjanand Sales Corp Adeshwar,Kutch,9879713370
Shree Sai Auto Parts Kamrej P.K.Mohan Bhai,Surat,
Shree Sai Auto Spare Dindoli Surat,Surat,7802862656
Shree Sai Auto Waghai (Ahwa),Dang,9427466320
Shree Sai Automobiles Amboli Hw,Kamrej-Amboli,9898173994
Shree Sai Automobiles Amboli,Kamrej-Amboli,9898173994
Shree Sai Automobiles And Tractor Aadgaon Nashik,Nashik,"7066373072 , 9172162675"
Shree Sai Automobiles And Tractor Aadgaon Nashik Mh,Nashik,"7066373072 , 9172162675"
Shree Sai Automobiles And Tractor Aadgaon Nashik W Mh,Nashik,"7066373072 , 9172162675"
Shree Sai Automobiles Balitha,Vapi,9879562318
Shree Sai Automobiles Balitha Hw,Vapi,9879562318
Shree Sai Automobiles Balitha,Himat Nagar,
Shree Sai Automobiles Magdalla,Hazira,"7600033800 , 9825765032"
Shree Sai Automobiles Magdalla Rth,Surat,209
Shree Sai Automobiles Nampur M.H,Nampur,"9881763371 , 9922792683"
Shree Sai Automobiles Nandurnaka Nashik Mh,Nashik,9403425661
Shree Sai Automobiles Nandurnaka Nashik W Mh,Nashik,9403425661
Shree Sai Automobiles Navsari,Navsari,9824358967
Shree Sai Automobiles Vasda Hw,Vasda,9427673132
Shree Sai Automobiles Vasda,Vasda,9427673132
Shree Sai Darshnam Auto Parts Dabhoi,Vadodara,9638301937
Shree Sai Krupa Enterprise Valsad,Valsad,9427140968
Shree Sai Motors Bhatar Surat,Surat,"7600008454 , 9979267853 , 209"
Shree Sai Motors Bhatar Surat W Old,Surat,7600008454
Shree Sai Oil Agency Pethapur Gandhinagar,Gandhi Nagar,"8866517834 , 7265836392"
Shree Sai Service Dolvan Unai,Vasda,"9925444616 , 9925959615"
Shree Sai Spares Agra Road Nashik Mh,Nashik,"9422261848 , 9762465654"
Shree Sai Spares Agra Road Nashik W Mh,Nashik,"9422261848 , 9762465654"
Shree Sai Tractor Bardoli,Bardoli,"9601807236 , 9879518461"
Shree Sai Trade Vapi,Vapi,9327722970
Shree Sai Traders Kadodara Hw,Kadodara,"992516032 , 9925160325"
Shree Sai Traders Kadodara,Kadodara,"992516032 , 9925160325"
Shree Saibaba Auto Parts Songadh Hw,Songadh,9265767295
Shree Saibaba Auto Parts Songadh,Songadh,9265767295
Shree Saiman Associate Songadh,Songadh,9909615579
Shree Sainath Motors Adajan Surat,Surat,"9979267853 , 9099249912"
Shree Salasar Automobiles Balitha,Vapi,"9998888290 , 7383131182"
Shree Salasar Motors Samakhiyali,Kutch,"8160110819 , 9033113222 , 9974692049"
Shree Sales Agencies Vareli Kadodara,Kadodara,9825012807
Shree Sales Corporation Sarkhej,Sarkhej,9979892627
Shree Samarth Auto Parts Dondaicha,Chiplun,"9422788826 , 9049298826"
Shree Samarth Oil Center & Automobiles Sakuri Mh,Nashik,"9096408282 , 9145090969"
Shree Samarth Oil Center & Automobiles Sakuri W Mh,Nashik,"9096408282 , 9145090969"
Shree Samarthkrupa Automobiles Chalisgaon,Dhule,"9922607851 , 9822813549"
Shree Samarthkrupa Motors Satana Mh,Nashik,"8999901574 , 8830128106"
Shree Saptsrungi Auto Parts Songadh,Songadh,"8000410025 , 7621097158"
Shree Saval Automobiles Anjar,Anjar,"9979851354 , 9925042354"
Shree Savariyaji Auto Parts Satrampura,Godhra,9427596648
Shree Shakti Auto Parts Bharatbhai Odhav,Odhav,"9925285249 , 9925675149"
Shree Shakti Auto Parts Popatkaka Odhav,Odhav,9724020873
Shree Shakti Traders Sarkhej,Sarkhej,"9825653979 , 9173690287"
Shree Shankar Hardware & Plywood S.D Surat,Surat,"9898095423 , 209"
Shree Shihori Auto Parts Barvala,Botad,"9825921191 , 7984394212"
Shree Shital Auto Agency Sarkhej Ahmedabad,Sarkhej,"9998089503 , 9428041641"
Shree Shitalnath Tractor Spare Bharuch,Bharuch,9824533189
Shree Shivshakti Automobiles Bilimora,Navsari,9904193944
Shree Shivshakti Timber Mart Pipodra,Kim,"9909163355 , 9998613457"
Shree Shyam Automobiles Kadodara,Kadodara,9979334121
Shree Shyam Automobiles Kadodara Hw,Kadodara,9979334121
Shree Shyam Automobiles Kadodara,Sachin,9979334121
Shree Shyam Automobiles Kadodara,.,209
Shree Shyam Automobiles Songadh,Songadh,
Shree Shyam Hydraulic Pandesara Surat W M Old,Surat,8221088506
Shree Shyam Hydraulic Parrts Pandesara Surat,Surat,8221088506
Shree Shyam Tr Songadh,Songadh,
Shree Siddheshwar Auto Parts Niyol Patiya Saroli,Surat,"9638077803 , 9727636869"
Shree Siddheshwar Auto Parts Niyol Patiya Saroli U3 M Old,Surat,"9638077803 , 9727636869"
Shree Siddhiratna Tractor Spares Chikhli,Chikhli,"9898610965 , 9998743363"
Shree Sonal Shakti Automobiles Mundra,Mundra,8460553494
Shree Subhashchandra Auto Delhi Gate Ahmedabad,Ahmedabad,9913441349
Shree Subhashchandra Auto Delhi Gate Ahmedabad W Old,Ahmedabad,9913441349
Shree Sundha Agency Dhanera,Surat,"9978560392 , 9928181826"
Shree Surya Packaging Navsari,Navsari,8460136790
Shree Swami Samarth Auto Kanashi Mh,Nashik,"9764378350 , 7499541988 , 9096087088"
Shree Swastik Motors Kamrej,Kamrej,"9904931213 , 9924080930"
Shree Tapi Diesels Kholvad Kamrej,Surat,"9824060996 , 9725798436 , 9727354999"
Shree Technology Mehsana,Mahesana,9924586145
Shree Topeshwar Agri And Machinery Bodeli,Bodeli,"9428070951 , 9825825524"
Shree Tractor Garage Shirvade Phata Mh,Nashik,"9552833885 , 8888189859"
Shree Tractor Pimpalgaon W Mh,Nashik,"9423483188 , 7249228883"
Shree Tractors Kamrej,Surat,9427588033
Shree Tractors Super Market Nakhtrana,Kutch,"9925022896 , 209"
Shree Traders Nakhatrana,Kutch,"9925633996 , 9925022896"
Shree Traders Pimpalgaon Mh,Nashik,"9423483188 , 7249228883"
Shree Traders Pimpalgaon W Mh,Nashik,"9423483188 , 7249228883"
Shree Tulsi Motors Navsari,Navsari,9724962506
Shree Uma Auto Parts Khatrej,Kheda,9428888344
Shree Umiya Auto And Tractor Sarkhej,Sarkhej,"9624658600 , 9824614580"
Shree Umiya Auto Electric Palsana,Palsana,8140015190
Shree Umiya Auto Electricals & Battery Songadh,Songadh,"9426873309 , 9722531777"
Shree Umiya Auto Parts Bharuch,Bharuch,9727056218
Shree Umiya Auto Parts Sabarmati,Sabarmati,9879090502
Shree Umiya Auto Parts Sachin,Sachin,7600805400
Shree Umiya Auto Parts Unjha,Unjha,9913691491
Shree Umiya Automobiles Amboli Old,Kamrej,9727961100
Shree Umiya Automobiles Amboli,Kamrej-Amboli,9727961100
Shree Umiya Automobiles Dahej Hw,Dahej,9327967555
Shree Umiya Automobiles Dahej,Dahej,9327967555
Shree Umiya Automobiles Palsana Miteshbhai,Palsana,9426853953
Shree Umiya Automobiles Palsana Miteshbhai Hw,Palsana,9426853953
Shree Umiya Automobiles Sureshbhai Desalpar,Kutch,9426789118
Shree Umiya Hydrolic Dahej,Dahej,9979437240
Shree Umiya Logistic Kapadwanj,Nadiad,"9879585845 , 9898265354"
Shree Umiya Tractor Bhailal Bhai Surat,Surat,"9824599418 , 9687151005"
Shree V K Auto Parts Nadiyad,Kheda,8160700942
Shree Vageshwari Hardware Dhaneti Kutch,Kutch,"9726115981 , 6354711127"
Shree Vahanvati A P Adalaj,Adalaj,9427311899
Shree Vaibhav Laxmi Auto Traders Sahpur,Ahmedabad,9825897405
Shree Vallabh Traders Pathardi Fata Nashik Mh,Nashik,9552452778
Shree Vallabh Traders Pathardi Fata Nashik W Mh,Nashik,9552452778
Shree Vardhman Tyre Mandavi,Mandvi,9879165612
Shree Vijay Automobiles Nashik Mh,Nashik,9423234242
Shree Vijay Automobiles Nashik Mh Old,Nashik,9423234242
Shree Vijay Automobiles Nashik W Mh,Nashik,9423234242
Shree Vijay Automobiles Nashik W Mh Old,Nashik,9423234242
Shree Vinayak Agency Sarkhej,Sarkhej,9898080000
Shree Vinayak Auto Parts Balitha,Vapi,"9879378311 , 9737078311"
Shree Vinayak Hardware Karanj Tadkeshwar,Tadkeshwar,"7383882352 , 6350508974"
Shree Vishvash Automobiles Dhangdhara,Rajkot,9825913765
Shree Vishwakarma Eng Bhudleshwar Mahuva,Surat,"9925364154 , 9825664154"
Shree Vishwakarma Eng Bhudleshwar Mahuva Hw,.,"9925364154 , 9825664154"
Shree Vishwakarma Garage Narol,Aslali,"9426344445 , 9909344004"
Shree Vyankatesh Tractor Khedgav Mh,Nashik,9850511861
Shree Vyankatesh Tractor Khedgav Mh Old,Nashik,9850511861
Shree Vyankatesh Tractor Khedgav W Mh Old,Nashik,9850511861
Shree Yamuna Enterprise Kamrej,Kamrej,"9427231991 , 9687111391"
Shree Yamuna Enterprise Kamrej,Kim,209
Shree Yamuna Motors Pal Adajan Surat,Surat,9979113446
Shree Yamuna Motors Surat,Surat,9979113446
Shree Yash Motors Kamrej,Surat,9925053331
Shree Yogeshwar Automobiles Saikheda Mh,Nashik,9764428274
Shree Yogeshwar Automobiles Saikheda W Mh,Nashik,9764428274
Shree Yogikrupa Auto Parts Kadi Kalol,Kalol,9426029795
Shreedhar Auto Garage Shahada,Nandurbar,9423222955
Shreej Parts Co. Miralbhai Kim,Surat,8154815407
Shreeji Auto Center Anand,Anand,"9428263172 , 9426417448"
Shreeji Auto Center Patan,Patan,9898096938
Shreeji Auto Datiwada,Palanpur,9173057000
Shreeji Auto Electrical Parts Ichhapor Hazira,Hazira,9974583910
Shreeji Auto Magob Surat,Surat,9898134334
Shreeji Auto Magob Surat,Kadodara,8469534582
Shreeji Auto Magob Surat Hw,Kadodara,"9898134334 , 8469534582"
Shreeji Auto Parts & Accessories Ahmedabad,Ahmedabad,9081212512
Shreeji Auto Parts & Sarvice Ankleshwar,Ankleshwar,9377740002
Shreeji Auto Parts Amboli Kamrej,Kamrej,9328981461
Shreeji Auto Parts Aslali,Aslali,9925031543
Shreeji Auto Parts Bayad,Bayad,"8469181871 , 9427688920"
Shreeji Auto Parts Gujariya Mahesana,Mahesana,9825028673
Shreeji Auto Parts Limkheda,Godhra,9924697588
Shreeji Auto Parts Mandal,Bahucharaji,9725943357
Shreeji Auto Parts Odhav,Odhav,9898321522
Shreeji Auto Parts Odhav Hw,Odhav,9898321522
Shreeji Auto Parts Patadi 1 Old,Bahucharaji,"9898003041 , 9426356808 , 9725943357"
Shreeji Auto Parts Patadi Old,Bahucharaji,"9898003041 , 9426356808 , 9725943357"
Shreeji Auto Parts Sanathal,Ahmedabad,"8140693030 , 7383680442"
Shreeji Auto Parts Vijaybhai Rajkot,Rajkot,"9374376655 , 9428125911"
Shreeji Auto Sales Dahod,Dahod,9429847998
Shreeji Auto Sales Kamrej,Kamrej,9825485528
Shreeji Auto Valavav Sevaliya,Baroda,"9924266309 , 7285072967"
Shreeji Autombiles Manekbaug Ahmedabad,Ahmedabad,"9825603386 , 9724075954"
Shreeji Automobiles Anjar,Anjar,9825682414
Shreeji Automobiles Jam Khambhaliya,Rajkot,"9879899755 , 9824161303"
Shreeji Automobiles Navapur Manishbhai,Nandurbar,9325966575
Shreeji Automobiles Pandesara Surat,Surat,9428456664
Shreeji Automobiles Rajula 1 Old,Amreli,"9586699097 , 9624114127 , 9925809423"
Shreeji Automobiles Rajula 2 Old,Amreli,"9586699097 , 9624114127 , 9925809423"
Shreeji Automobiles Rajula Old,Amreli,"9586699097 , 9624114127 , 9925809423"
Shreeji Automobiles Rajula,Amreli,"9586699097 , 9624114127 , 9925809423"
Shreeji Automobiles Rajula W Old,Amreli,"9586699097 , 9624114127 , 9925809423"
Shreeji Automobiles Yogeshbhai Anand,Anand,9904845583
Shreeji Aytishivam Auto And Machinary Store Khedbramha Old,Ider,"9558955742 , 9879760747"
Shreeji Buildcon Ankleshwar,Bharuch,9624419663
Shreeji Cluch & Brakes Gandhidham,Gandhidham,9913162203
Shreeji Earthmovers Bodeli,Bodeli,"7202050909 , 9727793665"
Shreeji Earthmoving Spare Kamrej,Kamrej,9099243000
Shreeji Earthmoving Spare Kamrej Hw,Surat,9825454481
Shreeji Enterprise Bhaktinagar Rajkot,Rajkot,"9727929395 , 6352590399"
Shreeji Enterprise Dholka,Ahmedabad,"9824537588 , 7016642551 , 209"
Shreeji Enterprise Kamrej Kholvad,Kamrej,9825454481
Shreeji Enterprise Zadeshwar Bharuch,Bharuch,9429343107
Shreeji Genunie Spares Icchapor Hazira,Hazira,9662982233
Shreeji Hydraulic Mehulbhai Morbi,Morbi,7405188888
Shreeji Hydrolic Shamkhiyari,Kutch,9913388288
Shreeji Marketing Katargam Surat,Surat,"9824733048 , 9978330839"
Shreeji Millgin Store Jolva Kadodara,Kadodara,9726011800
Shreeji Motors Babra,Rajkot,"9979571908 , 9825759458"
Shreeji Motors Mirzapur,Mirzapur,9099335588
Shreeji Motors Palanpur,Palanpur,9426488550
Shreeji Motors Ramol,Ramol,"9377163149 , 9879971401"
Shreeji Motors Stores Nashik W Mh,Nashik,8177998382
Shreeji Motors Tharad,Deesa,"9724923155 , 9998829154"
Shreeji Oil Agency Bharuch,Bharuch,9426142009
Shreeji Parts Co Pipodara,Surat,"9909435392 , 9879782290"
Shreeji Parts Co Tusarbhai Sayan,Sayan,9909435392
Shreeji Parts Co. Atodara Chowkadi Olpad Pankajbhai,Surat,"9913582290 , 6354129360"
Shreeji Parts Co. Gothan Amroli Surat,Surat,9638089188
Shreeji Parts Co. Hojiwala Sachin,Surat,9825721213
Shreeji Sales Corporation Sayan,Sayan,"209 , 9909094939"
Shreeji Spare Parts Ichhapore Hazira Hw,Surat,"9825963782 , 8866750175"
Shreeji Spare Parts Ichhapore Hazira,Surat,"9825963782 , 8866750175"
Shreeji Tractor And Auto Parts Vapi,Vapi,9924065537
Shreeji Tractor Parts Amod,Amod,"9429073064 , 9773250245"
Shreeji Tractor Parts Ketulbhai Karjan,Karjan,"8238075197 , 8238075245"
Shreeji Tractor Parts Por,Karjan,"9558960814 , 9601636286"
Shreeji Tractor Spare Dharampur,Dharampur,8320041970
Shreeji Trade Link Rajkot,Rajkot,9426260155
Shreeji Trading Baroda,Baroda,9426577936
Shreeji Trading Rajkot,Rajkot,9624890293
Shreeji Transport Sanathal,Sanatal,9978907064
Shreenath Auto Agencies Ajmer,Ajmer,"9351564117 , 7232091999"
Shreeram Auto Sales Rajkot,Rajkot,9725632749
Shreevinayak Auto Care Llp Mansa,Dudhewar,9998222770
Shrey Marketing Paldi Ahmdabad,Ahmedabad,9428594159
Shreyas Tyres Kutiyana,Porbandar,9825299174
Shri Balaji Auto Parts Nandurbar M.H,Nandurbar,9423905723
Shri Balaji Auto Parts Nandurbar W M.H,Nandurbar,9423905723
Shri Bhole Auto Parts Tarapur,Anand,"9429070517 , 9712985784"
Shri Brahmani Motors Adalaj,Adalaj,9825448562
Shri Dhanlaxmi Auto Ishanpur Ahmd,Ahmedabad,9824119625
Shri Hari Auto Sales & Service Ankleshwar Shaileshbhai,Bharuch,9825045280
Shri Hari Automobiles Naranpar Kutch,Kutch,9979866067
Shri Harsh Auto Parts Valsad,Valsad,9624012282
Shri Laxmi Auto Parts Madhi,Bardoli,9909208543
Shri Laxmi Auto Parts Madhi,Madhi,9909208543
Shri Mahakali Glass Centre Kamrej,Surat,9998909728
Shri Mahalaxmi Automobiles Adgaon Naka Nashik Mh,Nashik,9890641389
Shri Mahalaxmi Automobiles Adgaon Naka Nashik W Mh,Nashik,9890641389
Shri Mahavir Machineri Center Vesma Navsari,Navsari,9427831781
Shri Maruti Traveles Ahmebad,Ahmedabad,9000813513
Shri Ram Auto Garage Satana Mh,Nashik,9420004239
Shri Ram Automobiles Modasa,Modasa,9426592905
Shri Ram Automobiles Niphad W Mh,Nashik,"9822592205 , 9422944807 , 7020583292"
Shri Ram Automobiles Vihar Char Rasta,Gandhi Nagar,9904341540
Shri Sagar Tyres And Oil Vyara,Vyara,9825832480
Shri Sahjanand Tractor Spares And Garage Kosamba,Surat,"9106639115 , 9979144425"
Shri Sai Automobile Deola M.H.,Nashik,8083528484
Shri Sai Shakti Enterprises Mumbai Vashi,Panvel,209
Shri Sainath Auto Spares Navi Mumbai,Mumbai,9324086102
Shri Samarth Krupa Automobiles Dhule Mh,Dhule,"9922607851 , 9307331533"
Shri Shakti Marble & Stone Co Ankleshwar,Ankleshwar,9998950310
Shri Shakti Spare Parts Kheda,Kheda,9913567167
Shri Shyam Automobiles Vyara,Vyara,9825511385
Shri Shyam Automobiles Vyara Hw,Vyara,9825511385
Shri Umiya Auto Agency Vishnagar,Visnagar,9427061350
Shrinath Enterprise Rajkot,Rajkot,"924923111 , 9824298952"
Shrinath Enterprise Sales And Service Dhuliya Mh,Chiplun,"9422786932 , 9284855295"
Shrinathji Traders Sarkhej,Sarkhej,9924410999
Shruti Motors Navsari,Navsari,9879561729
Shual V.Poojary Ankleshwar,Surat,8469055009
Shubham Auto Parts Vasad,Anand,"9824174270 , 8128574270"
Shubham Auto Sales Dhumad X Baroda,Baroda,9426394009
Shubham Cargo Movers Hazira,Hazira,
Shubham Electricals&Hardware Ankleshwar,Bharuch,8264233856
Shubham Hydrolic Ank,Ankleshwar,9824442380
Shubham Trading Co.Bharuch,Bharuch,"9978440600 , 9375477324"
Shubhlaxmi Furniture Kholvad Kamrej,Surat,"9427111447 , 9925017116"
Shubhlaxmi Furniture Kholvad Kamrej,Kamrej-Laskana,9662526205
Shubhlaxmi Traders Shahibaug,Ahmedabad,"9427029350 , 3825027374"
Shukan Car Acce Surat Kevinbhai,Surat,9879449050
Shweta Automobiles Gandhinagar,Gandhi Nagar,"9374006545 , 9825722190"
Shyam Auto Agency Ranoli,Ranoli,9824589155
Shyam Auto Areth,Mandvi,"7359360573 , 7359360572"
Shyam Auto Parts Dabhoi,Dabhoi,9426546504
Shyam Automobiles Alpeshbhai Vapi,Vapi,9824218238
Shyam Automobiles Kapurai Chokdi Baroda,Baroda,9428963428
Shyam Enterprise Udhana Surat,Surat,"9377770863 , 9925781491"
Shyam Enterprise Udhana Surat,Sayan,209
Shybham Electricals & Hardware Ankleshwar,Bharuch,"9426592822 , 9426492822"
Siddharthbhai Gandhinagar,Gandhi Nagar,209
Siddhatbhai Gandhinagar,Gandhi Nagar,9998275109
Siddhi Automobiles Khatodara Surat,Surat,8460811430
Siddhi Motors Nanapurna Hw,Nanapurna,"9913822947 , 8780832166"
Siddhi Motors Nanapurna,Nanapurna,"9913822947 , 8780832166"
Siddhi Traders Dholka,Ahmedabad,"9898239825 , 8200589825"
Siddhivinayak Automobiles Gangapur Road Nashik Mh,Nashik,9049986277
Siddhivinayak Automobiles Gangapur Road Nashik Mh Oldd,Nashik,9049986277
Siddhivinayak Automobiles Navapur,Nandurbar,"9373781501 , 8554813049"
Siddhivinayak Earthmovers Malegaon Mh,Nashik,"9763606503 , 7875747890"
Siddhivinayak Garage Golden Chokdi,Baroda,"9638593159 , 8320042633"
Siddhivinayak Spare Sosyo Circle Surat,Surat,"6351384339 , 9033494976"
Siddhivinayak Tata Garage Tolnaka Navapur 1 Old,Nandurbar,209
Siddhivinayak Tata Garage Tolnaka Navapur,Nandurbar,"9979311145 , 9723832555"
Siddhivinayak Tata Garage Tolnaka Navapur Old,Nandurbar,209
Siddhivinayak Tractor Navagam Kamrej,Kamrej,"7016195749 , 9909948735"
Siddhpuriya Hardware Kadod,Kadod,9427151115
Siddhpuriya Supplisers Kadod,Kadod,9427151115
Siddhpuriya Tractor Kadod,Kadod,9925656562
Simar Enterprise Por,Baroda,"9428858410 , 9725036899 , 9228252082"
Simar Enterprise Por Oldd,Baroda,9228252082
Simar Enterprise Por W Oldd,Baroda,9228252082
Singh Auto Electric Works Vyara,Tapi,"9825312607 , 7698594704"
Singh Automobiles Ankleshwar,Ankleshwar,
Singh Enterprises Dwarka Circle Nashik Mh,Nashik,9767861013
Singh Enterprises Dwarka Circle Nashik W Mh,Nashik,9767861013
Sirish Auto Corporation Baroda,Vadodara,9825061628
Sirish Auto Trading Co Baroda,Baroda,9979507086
Sirish Motors Vadodara Sale,Vadodara,9978923311
Sitaram Agro Engineering Vipulbhai Sayan,Sayan,"9825466668 , 8141555999"
Sitaram Auto Electricals Diamond Nagar,Surat,9879272960
Sitaram Auto Parts Kosamba,Kosamba,9727430860
Siya Car Accessories Varacha Surat,Surat,9033734811
Siya Motors Gandhidham,Kutch,9638600404
Siya Ram Seals Co.Gangadhar Bardoli,Bardoli,"9054581250 , 9157750564"
Siya Ram Seals Co.Gangadhar Bardoli,.,"9054581250 , 9157750564"
Sj Enterprise Sayan,Surat,9879013406
Sky Light Power Solution Sarkhej,Sarkhej,9409051381
Sm Auto Shela Ahmedabad,Ahmedabad,"7043646400 , 9377206400"
Smart Autozone Padra,Padra,9725169466
Smart Truckland Sanathal,Sanatal,9898711189
Smeet Enterprise Surat,Surat,9979967629
Sms Auto Electric & Battery Kamrej,Kamrej,"9998997009 , 8401997796"
Snehal Bhai Rajpardi,Rajpardi,"8000410025 , 7621097158 , 9924260024"
Sns Agency Gandhidham,Kutch,9824027040
Sofa Palace Bharuch,Bharuch,9998795118
Soham Radiators Naroda,Naroda,9898145048
Sohel Motors Chandwad Mh,Nashik,"9850328453 , 9422759553"
Sohel Motors Chandwad Mh Old,Nashik,"9422759553 , 9850328453"
Sohil Automobiles Sayan,Sayan,9879642130
Sohrab Automobiles Satpur Nashik Mh,Nashik,"9172532198 , 6202766116 , 9657563508 , 7276407049"
Solitaire Marketing Karjan,Karjan,"9879611904 , 9876442942"
Somabhai Kadodara,Kadodara,9427104846
Somnath Automobiles Sutrapada Kajli,Ahmedabad,9574215003
Somnath Enterprise Padana Gandhidham,Gandhidham,"8866769788 , 9998329983 , 9712331053"
Somnath Tractor & Bearing Mahesana,Mahesana,"9173022209 , 9879589183"
Somved Engineering Works Goa,Panaji G.P.O,9892120999
Sona Automobiles Kadodara,Kadodara,9879571330
Sonal Auto Parts Ahmedabad,Ahmedabad,209
Sonal Earthmovers Shantipura Ahmd,Ahmedabad,"9574244127 , 9724408273"
Songadh Auto Glass Songadh,Songadh,9727478781
Soni Battery And Inverter Kosamba,Surat,9974185799
Soni Motors Mundra Kutch,Kutch,"9727829677 , 9825229677"
Soniya Impex Dipakbhai Bamroli,Surat,"9727068620 , 8735920576"
Sony Battery Auto Electricals & Wiring Navsari,Navsari,"9537417047 , 9726136713 , 8153865767"
Sooraj Battery Service Centre Malegaon,Nashik,"8401070782 , 8208847800"
Sooraj Battery Service Centre Malegaon,Kadodara,"8401070782 , 8208847800"
Soyabbhai Jambusar,Jambusar,9898725025
Soyabbhai Jumbusar,Jambusar,9898725025
Sp Auto Parts Fiber Shahada Mh,Nandurbar,9921214292
Spandan Hardware Vadalibhoy Mh,Nandurbar,"9422140564 , 8830040379"
Spandan Hardware Vadalibhoy Mh,Nashik,"9422140564 , 8830040379"
Spandan Hardware Vadalibhoy W Mh,Nashik,"9422140564 , 8830040379"
Spare Pro Industries Mumbai,Mumbai,02503268400
Sparetech Auto Solutions Llp Goregaon,Mumbai,9821833770
Spark Motors & Wash Varachha Surat,Surat,"9904434214 , 9099090948"
Sparsh Enterprise Naranpura Ahmedabad,Ahmedabad,9825697941
Speed Motors Palanpur,Palanpur,"9426705312 , 9998450422"
Square Auto Parts Gota Ahmedabad,Ahmedabad,9898916340
Srini Link,Umbergaon,209
Srushti Auto Parts Baroda,Baroda,9824012975
Standard Motors Bhuj,Bhuj,9429341782
Standard Motors Sarkhej,Sarkhej,9909248478
Stanley Auto Aslali,Aslali,9898175316
Stanley Auto Aslali W Old,Aslali,9898175316
Star Auto Parts Amboli,Kamrej-Amboli,"9904771786 , 8200254149 , 9879922538"
Star Auto Parts Amboli Hw,Kamrej-Amboli,"9904771786 , 8200254149"
Star Auto Parts Amboli Hw Old,Kamrej-Amboli,"9904771786 , 8200254149"
Star Auto Parts Amboli Old,Kamrej-Amboli,"9904771786 , 8200254149"
Star Auto Parts Amboli U4 Old,Kamrej-Amboli,"9904771786 , 8200254149"
Star Auto Parts Dahej,Dahej,7698837097
Star Auto Parts Godhra,Godhra,"9712340001 , 9824484697"
Star Auto Parts Jambusar,Bharuch,209
Star Auto Parts Sagbara,Umbergaon,"9427585053 , 8799247347"
Star Auto Parts Valak Patiya,Kamrej,"9913005200 , 9978877702"
Star Automobiles Ankleshwar,Ankleshwar,9824326835
Star Automobiles Ankleshwar Mustak Bhai,Ankleshwar,9825670744
Star Automobiles Bharuch,Bharuch,9924954743
Star Automobiles Sachin,Sachin,9898445156
Star Battery Songdh,Songadh,"9913020268 , 9428495968"
Star Line Motors Patan,Patan,"9879344325 , 209"
Star Marketing Patan,Patan,9824033933
Star Motors Bhilad,Vapi,9898463002
Star Motors Garage Mirzapur Ahmd,Mirzapur,"9426766760 , 9377557118"
Star Motors Himmatnagar,Himat Nagar,9825491937
Star Motors Repowring Service Kamrej,Kamrej,9979346548
Star Oil Traders Anand,Anand,9898969897
Star Sofa Zadeshwar Bharuch,Bharuch,9898817230
Star Spare Parts Aadgaon Mh,Nashik,"9881007889 , 9527578081 , 9764535500 , 9372571833"
Star Traders Hazira,Hazira,
Steer Well Autocare S G Highway Ahmeddabad,Ahmedabad,982402618
Stellar Commercial Vehicles Pvt Ltd Bakrol Ahmedabad,Ahmedabad,7777997002
Stepon Powermac India Pvt Ltd Daskroi,Ahmedabad,209
Subh Lubricants Kalol,Kalol,9624088477
Subh Motors Deesa,Deesa,8980099573
Subhadra Sales Sarkhej,Sarkhej,9825166557
Subhash Auto Parts Ranoli,Ranoli,8469606376
Subhash Automobiles Delhigate Ahmd,Ahmedabad,9687485420
Subhash Motors Gandhidham,Gandhidham,9824137613
Subhash Motors Garage Silvassa,SILVASSA,9825655531
Subhashbhai Sayan,Sayan,9909151756
Subhlaxmi Tractor Sarkhej,Sarkhej,"9909156611 , 9429024455"
Sudarshan Auto Parts Shirpur,Dhule,"9422793293 , 9404010093"
Sudeep Motors Nihitbhai Dhule M.H.,Nandurbar,9422789654
Sudhirbhai Magdalla,Hazira,"9879361386 , 9879010368 , 9879010368898069696"
Sudhirbhai Magdalla,Surat,"9879361386 , 9879010368"
Suhani Tex Pandesara Surat,Surat,"9374070900 , 9375270900"
Sukhdev Automobile Porbandar,Porbandar,"9904808644 , 209"
Sukhdev Automobile Porbandar Old,Porbandar,9904808644
Sukura Hydraulic Services Chhani Baroda,Baroda,9879302443
Sumhar Texspare Pvt Ltd Surat,Surat,7374706651
Sumit Automobiles Pipalner M.H,Nashik,8698284565
Sumit Automobiles Pipalner M.H,Nandurbar,8698284565
Sun Automobiles Mehsana,Mahesana,9727479187
Sun Power Enterprise Gandhidham Kutch,Kutch,"8320986494 , 7383085860"
Sundar Auto Parts Nanudurbar,Nandurbar,209
Sundeep Motors Nishitbhai Dhule,Nandurbar,9422789654
Sunil Auto Accessories Nadiyad,Nadiad,9924152957
Sunil Auto Parts Nadiyad,Nadiad,9924152957
Sunil Auto Parts Nadiyad Old,Nadiad,9924152957
Sunil Auto Parts Nadiyad W Old,Nadiad,9924152957
Sunil Automobiles Sangamner Mh,Nashik,"9822520750 , 8149575548"
Sunil Automobiles Sangamner W Mh,Nashik,"9822520750 , 8149575548"
Sunil B Desai Katargam Surat,Surat,"9227907243 , 8401557878"
Sunil Tractors Dwarka Nashik W Mh,Nashik,"8888830077 , 9822843774"
Sunilbhai Baroda,Baroda,209
Sunilbhai Nizar,Tapi,"9427653707 , 8160123069"
Sunilbhai Palanpur,Palanpur,9428677277
Sunilbhai Poligrip Ankleshwar,Bharuch,7400068909
Sunilbhai Taharabad,Taharabad,9921611470
Sunny Auto Parts Amroli Surat,Surat,9898230002
Sunny Motors Baroda,Baroda,9898104911
Sunnybhai Begampura Surat,Surat,9879666253
Sunrise Construction Oill & Erthmobing Spare Kadodara,Kadodara,"9377472174 , 7383889536"
Sunrise Engineers Rajkot,Rajkot,9998334343
Super Auto Center Sevaliya,Baroda,"9824121341 , 9998299000"
Super Auto Garage Rajpardi,Rajpardi,7405741633
Super Auto Kosamba,Kosamba,"8460500585 , 9879263573 , 84360500585"
Super Auto Parts Bhatiya,Jamnagar,"9998811031 , 9427278723"
Super Auto Parts Godhra,Godhra,9909764600
Super Auto Selvasa,SILVASSA,"9925048657 , 8000222122"
Super Auto Songadh,Songadh,9409368557
Super Automobiles Idar,Ider,9898890514
Super Automobiles Shahada M.H,Nandurbar,9422795892
Super Automobiles Shahada M.H,Nashik,9422795892
Super Automobiles Siddhpur,Patan,"9909442147 , 9824543102"
Super Automobiles Siddhpur W Old,Patan,"9909442147 , 9824543102"
Super Electricals Vareli Kadodara,Kadodara,9825869951
Super Electricals Vasda,Vasda,9426870216
Super Motor Parts Morai Vapi,Vapi,8141344750
Super Motors Halvad,Rajkot,"8000352411 , 9722952796"
Super Motors Stores Saraspur Amd,Ahmedabad,9825009101
Super Oil Corporation Sarkhej,Sarkhej,9712984572
Super Oil Palanpur,Palanpur,"9537289392 , 9978670078 , 9586032366"
Super Oil Traders Juhapura Sarkhej,Sarkhej,"9979874572 , 9712984572"
Suprem Auto Parts Ranoli,Ranoli,9898103164
Supreme Automobiles Baroda,Baroda,"9586454475 , 9426073871"
Supreme Automobiles Shahada,Nandurbar,"9422722586 , 9921035186"
Supreme Sales Palej,Palej,9979563763
Surabhi Motors Hubli Karnataka,Hubli,"9481447799 , 9480175855 , 7892671831"
Suraj Automobiles Baroda City,Baroda,9825205800
Suraj Automobiles Kalwan W Mh,Nashik,9423933578
Suraj Battry& Auto Electrice Works Palanpur,Palanpur,"9824242614 , 7016983461"
Suraj Car Parts Pvt Ltd Baroda,Baroda,9824271832
Suraj Carrying Corporation,Surat,209
Suraj Tractors & Service Center Shirpur M.H,Dhule,"7588516790 , 9423980933"
Suraj Tractors & Service Center Shirpur M.H.W,Dhule,"9422787822 , 7020750465 , 9923009011"
Suraj Traders Surat,Surat,7405333311
Surat Auto Parts & Garage Surat Hw,Surat,9173838578
Surat Auto Parts & Garage Surat,Surat,9173838578
Surat Diesel Service Surat Old,Surat,"9898047511 , 9099125599"
Surat Diesel Service Surat,Surat,"9898047511 , 9099125599"
Surat Engineering Works Changodar,Ahmedabad,9825069495
Surat Motors Punagam Saroli Surat,Surat,9824727994
Surat Two Wheelers Mechenics Asso Surat,Surat,"9998405569 , 9925793498"
Surbhi Automobiles Jetpur Navagadh,Porbandar,9925175091
Surbhi Motors Adajan Surat,Surat,9879198721
Surendrabhai Lavachha Vapi,Vapi,7383610383
Suresh Auto Garage Vapi,Valsad,9904849052
Suresh Motors Chalisgaon,Dhule,"9822618437 , 9404037606"
Suresh Motors Dhulia M.H.,Dhule,"9420428437 , 9822618437"
Sureshbhai Hazira,Hazira,9998841780
Sureshbhai Kadodara,Kadodara,9825184965
Sureshbhai Khedbrama,Himat Nagar,9426579978
Sureshbhai Kosmadi Patiya,Kamrej,"8866090394 , 9879244644"
Sureshbhai Palanpur,Palanpur,9979924310
Sureshbhai Sarkhej,Sarkhej,9426069642
Sureshbhai Udhiyog Nagar Kamrej,Kamrej,209
Sureshkumar Shankarlal Patel Tractor Kadodara,Kadodara,9427392128
Surjit Auto Centre Ranoli,Ranoli,"7878393931 , 9998811975"
Surjit Auto Centre Ranoli Rth,Surat,209
Surjit Sing Kadod,Kadod,209
Surjit Sing Kadod Hw,Kadod,8469716456
Surjitsing Bharuch,Bharuch,9426828720
Surti Motors Himmatnagar,Himat Nagar,9377104544
Surya Alignment And Service Station Songadh,Songadh,"9428454076 , 9426654076"
Surya Auto Parts Dhanera,Deesa,"9662730680 , 6351567648"
Surya Automobiles & Lubricants Velanja,Surat,9925607192
Surya Automobiles Mirzapur,Mirzapur,"7490886260 , 7043308763"
Surya Automobiles Sayan,Sayan,"9909529130 , 9925607192"
Surya Industrial Stores Kadodara,Kadodara,"8511515104 , 9408927420"
Surya International Sayan,Surat,"9825263906 , 9825812456"
Surya Motoers Amreli,Amreli,"9426232207 , 9428796961"
Surya Motors Surat Hw,Surat,"9998710804 , 9824770045"
Surya Weaving Store Hoziwala Sachin,Sachin,"9825537686 , 9106643512"
Suryaa Motors Anlkeshwar Hw,Ankleshwar,9824807413
Suryaa Motors Anlkeshwar,Ankleshwar,9824807413
Suryavanshi Tyare & Spare Vadalibhoy M.H,Nashik,9422264415
Sushil Distributors Sachin,Sachin,9426152820
Suvidha Earth Movers Songadh,Songadh,7984979040
Suzuki Automobiles Mirzapur,Mirzapur,9898699952
Swami Auto Padra,Vadodara,9624385332
Swami Automobiles Niphad Mh,Nashik,"8459435242 , 9325835250"
Swaminarayan Automobiles Dharampur Hw,Dharampur,9879340354
Swaminarayan Automobiles Dharampur,Dharampur,9879340354
Swaminarayan Tractor Parts Navsari,Navsari,"209 , 7359459619"
Swaminarayan Tractor Vapi,Vapi,9426868894
Swaminarayan Traders Dahegam,Dehgam,"9998185555 , 8849990620"
Swamiraj Workshop Girnar Nashik Mh,Nashik,"9511719323 , 9960380253"
Swaraj Automobiles And Spers Parts Vani 2 Mh,Nashik,"9637470661 , 7066856819"
Swaraj Automobiles And Spers Parts Vani W Mh,Nashik,"9637470661 , 7066856819"
Swastik Auto Center Kishorbhai Ranoli,Ranoli,9825140137
Swastik Auto Center Silvassa,SILVASSA,9904074073
Swastik Auto Sales Chhani,Baroda,9824034297
Swastik Automobiles Kadodara,Kadodara,9227947937
Swastik Automobiles Tata Showroom Uchchhal Navapur,Tapi,"9373781501 , 8554813049"
Swastik Car Auto Parts Kapurai Chokdi,Baroda,9824097897
Swastik Corporation Sayan,Sayan,"9904175704 , 7778888670"
Swastik Enterprise Dahej,Dahej,"9925049164 , 9998160265"
Swastik Enterprise Katargam Surat,Surat,"9904175704 , 9824086616"
Swastik Enterprise Munnabhai Ranoli,Ranoli,8780556792
Swastik Motors Shirpur Mh,Dhule,9767752144
Swastik Tiles Studio Ankleshwar,Ankleshwar,9925381781
Swastik Trading Corporation Rajkot,Rajkot,"9974015525 , 9426712315"
Swati Auto Parts Sarkhej,Sarkhej,"9824677702 , 9824074988"
Swati Sales Agency Vithon Kutch,Kutch,9428684316
Sweta Sales Corporation Kapodra,Surat,9375535670
T J Textiles Laldarwaja,Surat,"9879389906 , 8460330019"
T R Bagrecha Marketing Sarkhej,Sarkhej,"9427851407 , 9409687009"
Taheri Automobiles Jamnagar,Jamnagar,9375933832
Taj Auto Parts Anand,Anand,"209 , 7600415232"
Taj Traders Palej,Palej,"209 , 9979164610 , 8866894367"
Takdir Auto Parts And Garage Godhara Old,Godhra,9824796101
Takdir Auto Parts And Garage Godhara,Godhra,9824796101
Tamanna Auto Parts And Tyres Limbadi Dahod,Dahod,9924697531
Tanvi Auto Parts Gandhidham,Gandhidham,9879583152
Tapi Spare Parts And Lubricant Nizar Mh,Tapi,9773203460
Tapi Tractors Vyara,Vyara,9429092599
Taqdir Auto Parts Ankleshwar,Ankleshwar,"9898500199 , 9825794843"
Taran Auto Hub Mumbai Naka Nashik W Mh,Nashik,9822638007
Tata Tvs Air Break System Gandhidham,Gandhidham,209
Tata Tvs Air Break System Gandhidham,Mirzapur,209
Tawakkal Motors Parts Marimata Charrasta Nanpurana,Nanapurna,"9723132445 , 9586306709"
Tda Autoworks Private Limited Mumbai Sales,Mumbai,"2223883097 , 23883021"
Tech Mech Universal Vapi,Vapi,"9426881528 , 9376836764"
Tejas Enterprise Vapi,Vapi,"9825117355 , 9099017355"
Tejashbhai Mirzapur,Mirzapur,9033097930
Tejpal Motors Navsari,Navsari,9913176700
Tesla Power India Private Limited Gurgaon Sl,Gurgaon,8287192339
Thakkar Motors Narol,Narol,8460401981
Thakorlal And Brothers Songadh,Songadh,9825241999
Thapar Auto Agency Khanpur Ahmedabad,Ahmedabad,"8320465029 , 9265724971"
The Associated Auto Parts Private Limited Surat Sale,Surat,209
The Autochoice Nashik Mh,Nashik,7218969399
The Autochoice Nashik W Mh,Nashik,7218969399
The Benz Auto Parts Surat,Surat,9426822555
The Bharat Auto Corporation Viramgam,Vadagam,9429625813
The Car Emperor Bharuch,Bharuch,"9924206770 , 7359944477"
The Modasa Road Trans Co Op So Ltd Modasa,Modasa,8000516759
The Popular Automobiles Surat,Surat,209
The Prince Petroleum Anand,Anand,8141851351
The Prince Petroleum Anand Old,Anand,8141851351
The Prince Petroleum Anand W Old,Anand,8141851351
The Shyam Enterprise Amreli,Amreli,9924075252
The Shyam Enterprise Amreli,Ahmedabad,9924075252
The Superior Machineri Stor Deesa,Deesa,9328410207
Thind Auto Parts Baleshwar,Surat,7046332696
Tihama Auto Parts Amod,Amod,9998793153
Tikkubhai Deesa,Deesa,9824908169
Tirth Auto Parts Bhilad,Bhilad,8140911133
Tirth Automobiles Rajkot,Rajkot,"9374101369 , 9408884450"
Tirth Trading Bharuch,Bharuch,7486022373
Tirupati Auto Parts Bharuch,Bharuch,9427117749
Tirupati Automobiles Sangamner Mh,Nashik,9422797657
Tirupati Balaji Hardware And Oil Center Chikhli,Chikhli,9428758181
Tirupati Industrial Corporation Ankleshwar,Ankleshwar,9824164209
Tirupati Motors & Service Station Bopal,Ahmedabad,"7990761476 , 9624602266"
Tirupati Motors Ghatlodiya,Ghatlodiya,9825346462
Tirupati Trading Co. Chikhli,Chikhli,9427466644
Tirupati Trading Co. Chikhli Hw,Chikhli,9427466644
Tirupati Tyre And Oil Center Rajpardi,Rajpardi,9904447339
Tisha Tractor Bharuch,Bharuch,"9428175539 , 9925043793"
Tisha Tractor Bharuch W Old,Bharuch,"9428175539 , 9925043793"
Titann Agency Sachin,Sachin,9474574066
Tiwari Auto Care Visnagar,Visnagar,"9824116566 , 7779000525"
Tiwari Auto Parts Hazira,Hazira,8780693146
Tofikbhai Dabhoi,Dabhoi,9173238661
Tools Trederes Surat,Surat,9374721148
Top Gear Auto Parts Gandhinagar,Gandhi Nagar,9427952774
Toyota Motors Rander Surat,Surat,9879610611
Trimurti Automobiles Hazira,Hazira,9824115485
Trimurti Garage Niphad Mh,Nashik,8857077735
Trishul Auto Parts Kamrej,Kamrej,9925152423
Triveni Automobiles Odhav,Odhav,"9426593523 , 7405501534 , 740551534"
Triveni Sales Agencies Ahmedabad Sale,Ahmedabad,"07925503028 , 98985722835"
Tropee Systems Mahesana,Mahesana,9909963403
Tuljabhavani Enterprises Adgaon Mh,Nashik,"9975670642 , 9689381778"
Tuljabhavani Enterprises Adgaon W Mh,Nashik,"9975670642 , 9689381778"
Tulsi Auto Parts Areth,Mandvi,"7874451042 , 9016340657"
Tulsi Automobiles Anand,Anand,"9409012058 , 9998285150"
Tulsi Automobiles Dehgam,Gandhi Nagar,9879153689
Tulsi Motors Dhule,Dhule,9225656934
Tulsi Sales And Service Ubhel Kadodara,Kadodara,9537094805
Tulsi Sales Chikhli,Chikhli,9428439268
Tushar Automobiles Gandhidham Kutch,Gandhidham,9426991013
Tushar Automobiles Mirzapur,Mirzapur,"9879550322 , 9712950322"
Tusharbhai Surti Mirzapur,Mirzapur,9327033798
Tvaya Automotive Modasa,Modasa,7575876464
Twinkle Auto Agency Bhuj,Bhuj,8238010883
U S Parts Sayan,Sayan,209
Uday Motors Sarkhej,Sarkhej,9687047947
Udayraj Singh Amboli,Kamrej-Amboli,9898173994
Ugam Automobiles Dindoli Surat,Surat,8141819092
Ugam Enterprise Ankleshwar,Kamrej,"9638360119 , 9913522871 , 7048534738"
Ugam Enterprise Pasodra Kamrej,Kamrej,9913522871
Uma Auto Ankurbhai Kamrej,Kamrej,"9824214821 , 9879585778"
Uma Auto Electric Morbi,Morbi,9104766088
Uma Auto Parts Naroda,Naroda,"7698865686 , 8140622253"
Uma Auto Parts Palanpur Tata,Palanpur,"9825208791 , 9723974383"
Uma Auto Parts Vapi,Vapi,"9909031762 , 9427522053"
Uma Automobiles Memco Naroda Ahemdabad,Naroda,9879882043
Uma Automobiles Memco Naroda Ahemdabad Hw,Naroda,9879882043
Uma Automobiles Sachin Hw,Sachin,"9601138318 , 8460468837"
Uma Automobiles Sachin,Sachin,"9601138318 , 8460468837"
Uma Automotives Modasa,Modasa,8000898098
Uma Enterprise Gandhidham,Gandhidham,9727701190
Uma Enterprise Himatnagar,Himat Nagar,9998347474
Uma Motors Bodeli,Bodeli,9825319076
Uma Motors Khedbrahma,Ider,9428185519
Uma Motors Odhav,Odhav,"9377723810 , 9979130552"
Uma Motors Sarkhej,Sarkhej,9374423810
Uma Motors Surat,Surat,9723718848
Uma Sales Kamrej,Kamrej,"9427104096 , 9427104098"
Umang Motors Sarda Circle Nashik W Mh,Nashik,9860515184
Umarbhai Bardoli,Bardoli,9879833513
Umesh Auto Agency Gandhidham Kutch,Gandhidham,9909882300
Umesh Auto Center Nani Chirai Gandhidham,Gandhidham,9909723496
Umesh Automobiles Gandhidham Padana,Gandhidham,9428749066
Umeshbhai Amboli,Kamrej-Amboli,9727961100
Umiya Auto Center Bhuj,Kutch,9427272824
Umiya Auto Electric Service Diamond Nagar,Kamrej,9825228721
Umiya Auto Electric Service Varachha,Kamrej,9067833030
Umiya Auto Kutir Bardoli,Bardoli,"9998683608 , 9824095055"
Umiya Auto Kutir Bardoli Old,Bardoli,"9998683608 , 9824095055"
Umiya Auto Parts Bapunagar Memko,Memko,9723502322
Umiya Auto Parts Mahesana,Mahesana,"9714101100 , 209"
Umiya Auto Parts Nandasan,Mahesana,9426366767
Umiya Auto Parts Vapi,Vapi,9879532697
Umiya Auto Sales And Service Akhol Deesa,Deesa,9427517011
Umiya Auto Sales Kapurai Chokdi Baroda,Vadodara,"9974279382 , 8200228959"
Umiya Auto Spares Nikol,Nikol,"7046206454 , 9537422456"
Umiya Automobiles Bavla,Bavla,9601066280
Umiya Automobiles Bhuj,Bhuj,9428283149
Umiya Automobiles Kharel,Chikhli,9727640473
Umiya Automobiles Naroda,Naroda,9979093800
Umiya Batteries Kadodara,Surat,9825622680
Umiya Car Care & Beauty Clinic Palanpur,Palanpur,"9714419558 , 7990151298 , 9023695409"
Umiya Corporation Sarkhej,Sarkhej,"9825009887 , 9723822238"
Umiya Enrterprise Sosyo Circle Surat,Surat,"9925485451 , 9638313112"
Umiya Enterprise Changodar,Chandgodar,9879422550
Umiya Enterprise Rajkot,Rajkot,8128687806
Umiya Enterprise Unjha,Unjha,8200006031
Umiya Hydraulik And Pnumetic Pipe Kamrej,Kamrej,9925404095
Umiya Krupa Mandvi Kutch,Kutch,9825895641
Umiya Motors Canal Road Varachha,Surat,"8866444246 , 9624781003"
Umiya Motors Ognej Sola,Sola,9712998017
Umiya Motors Ognej Sola Hw,Sola,9712998017
Umiya Motors Pandesara,Surat,9824741030
Umiya Motors Prafulbhai Sarkhej,Sarkhej,9723822238
Umiya Motors Sayan,Sayan,9898085972
Umiya Motors Service Spare Parts Bayad,Bayad,9427810062
Umiya Rexine Kamrej,Surat,9825897009
Umiya Sales Agency Sarkhej,Sarkhej,9825009887
Umiya Tractor And Jeep Parts Mahesana,Mahesana,9714101100
Umiya Tractor Garage Vankal Dharampur,Dharampur,9825057097
Umiya Tractor Parts Dehgam,Dehgam,"8980805026 , 9723300488"
Umiya Tractor Parts Mandvi,Mandvi,"6356292818 , 9978946246"
Umiya Tractor Spares Bayad,Bayad,"9428962716 , 9913475955 , 9426380436"
Umiya Traders Odhav,Odhav,9624483341
Umiya Trading Co. Mahesana,Mahesana,"9879797797 , 9687549539"
Umiya Tyre And Battery Service Mota Chiloda,Gandhi Nagar,9825013450
Umiyaji Auto Electric Rajpardi,Bharuch,9624746443
Umiyaji Machinery And Hardware Store Vasda,Vasda,9426573808
Umiyaji Tractor Parts Bhilad,Bhilad,9898084292
Union Motors Aslali,Ahmedabad,9499656376
Unique Auto Agency Danta,Siddhpur,"8140704000 , 8153082627"
Unique Auto Parts Udhana Surat,Surat,9428634910
Unique Auto Parts Vastral Ahd,Vastral,9998988712
Unique Auto Spares Akhol Deesa,Deesa,"9978828263 , 9978228263"
Unique Automobiles Dwarka Nashik W Mh,Nashik,"9765275557 , 8669122344"
Unique Car Accessories Gandhidham,Gandhidham,"8128511511 , 9426611942"
Unique Enterprise Pandesara Surat,Surat,"9712756800 , 7048886800"
Unique Hardware Vapi,Vapi,9825167801
Unique Motors Kanodar,Mahesana,"9428843528 , 9426643528"
United Auto Care Deesa,Deesa,"9106180255 , 9725446972"
United Auto Parts Dahod,Dahod,9227106552
United Automotive Gandhidham,Gandhidham,9825195655
United Motors Dhule,Dhule,"9260361636 , 8149361636"
Unity Construciton Ahwa,Vasda,"9737376773 , 209"
Universal Car Spares Simada Surat,Surat,"7878146382 , 9427411984"
Universal Lube Agency Sarkhej,Sarkhej,"9898360756 , 9426516086"
Universal Motors Mirzapur,Mirzapur,9586864444
Universal Trading Co Jaipur,Jaipur,209
Unknown Account-087124987,,
Unknown Account-087129846,,
Unnati Auto Agency Baroda,Baroda,"9428714771 , 9898601203"
Usha Auto Agency Bhavnagar,Bhavnagar,9879751075
Usha Auto Parst & Lube Bajipura,Bajipura,9879675126
Usha Automobiles Niphad Mh,Nashik,"9371810617 , 9021351595"
Usmanbhai Palej,Palej,9904073062
Utility Centre Surat,Surat,"982563118 , 8141252500"
Utility Centre Surat,Songadh,"9825063118 , 8141252500"
Utkarsh Emb Parts Udhana,Surat,9327138800
Utkarsh Mart Hardwear And Elect Navsari,Navsari,"9924912879 , 9427345680"
Utkarsh Parts Sosyo Circle Surat,Surat,9327138800
Utkarsh Spare Parvat Patiya Surat,Surat,9825969071
Utsav Auto Parts Dholka,Ahmedabad,"7990352929 , 9574834086"
Utsav Devashibhai Valak Patiya,Surat,"9712131581 , 9099980073"
Utsav Motors Vyara,Vyara,9979433777
Utsav Motors Vyara,Surat,9979433777
V A Ascolite Vasana Ahmedabad,Ahmedabad,9825165063
V A Ascolite Vasana Ahmedabad Hw,Ahmedabad,9825165063
V I P Auto Accessories Kamrej,Kamrej,9879178580
V I P Automobiles Mehsana,Mahesana,9879756730
V I P Automobiles Pvt Ltd Kamrej,Kamrej,9099911456
V J Enterprise Kamrej,Surat,"9909016085 , 9979413165"
V K Auto Parts Nadiyad,Nadiad,7874110464
V K Enterprise Baroda,Baroda,"9904464800 , 9824074812"
V K Enterprise Palanpur,Palanpur,"9428196977 , 7990184077"
V M Motors Bhavnagar,Bhavnagar,9974401142
V N Agriculture Dhanera,Deesa,"9428476134 , 9638301307"
V S Auto Parts Baroda,Baroda,"9714163760 , 9824063084 , 9824069084"
V S Industrial Store Udhana Surat,Surat,"9537515915 , 9909245691"
Vaghamshi Pankaj Shantilal Anjar,Kutch,8160129771
Vaghela Kiranbhai Deesa,Deesa,209
Vaheguru Auto Parts Bilimora,Chikhli,"9724391154 , 7990917130"
Vaibhav Auto Parts And Service Station Naroda,Naroda,"9879859400 , 7698859400"
Vaibhav Laxmi Battrery Ankleshwar,Ankleshwar,9429940901
Vaidehi Auto Parts Anand,Anand,9825520341
Vaijnath Traders Anand,Anand,9429666707
Vaishnavi Enterprises Agra Road Nashik Mh,Nashik,"9403512716 , 9370205236"
Vaishnavi Enterprises Agra Road Nashik W Mh,Nashik,"9403512716 , 9370205236"
Vakratunda Forklift Service Silvasa,SILVASSA,"9662003153 , 9824738674"
Vakratunda Forklift Service Silvasa,Baroda,"9662003153 , 9824738674"
Valeo Service Pvt Ltd Sale A/C,Ahmedabad,209
Valisa Auto Parts & Garage Maska Road Mandvi,Mandvi,"9727172966 , 9879051855"
Vallabh Auto Parts Godasar,Ahmedabad,9824371046
Vallabh Auto Parts Godasar,Bhuj,9824371046
Vallabh Automobiles Lunawada,Godhra,9427398288
Vapi Automobile Salvav Vapi,Vapi,8460433033
Vardaiyni Auto Care Naranpura Ahmedabad,Ahmedabad,9099708750
Vardhman Auto Center Delhi Chakla,Ahmedabad,9879033813
Vardhman Auto Parts Gandhinagar,Gandhi Nagar,"9979974111 , 9737214330"
Vardhman Auto Parts Hardikbhai Mandvi,Mandvi,"9825871909 , 209"
Vardhman Automobiles Junagadh,Junagadh,9904034244
Vardhman Automobiles Malegaon Mh,Malegaon town,"9404201743 , 8329979478"
Vardhman Automobiles Naroda,Naroda,9898554095
Vardhman Automobiles Vishalbhai Narol,Narol,9377245567
Vardhman Oil Agency Navsari,Navsari,9033523557
Vardhman Oil Center Bhuj,Bhuj,9913113696
Varsha Agriculture Workshop Gola Gamdi Shankheda,Bodeli,8850999123
Varshil Tractor Sarkhej,Sarkhej,"946670631 , 7600967486"
Varunda Auto Sales Rajkot,Rajkot,"9426962941 , 9409393444"
Vasant Auto Parts Shahada M.H,Nandurbar,"9423218445 , 8600188740"
Vasant Automobiles Bhuj,Bhuj,9825538042
Vasantbhai Laskana,Kamrej-Laskana,9375544428
Vasantbhai Ranoli,Ranoli,9714188377
Vasantlal Ratilal Shah Navsari,Navsari,982435805870161133498
Vasava Narendrabhai Ranoli Baroda,Vadodara,9925270635
Vashi Integrated Solution Limited Ahmedabad Pirana,Ahmedabad,7929708730
Vashila Automobiles Kutch Bhuj,Kutch,9427819165
Vasila Auto Parts And Garage Mandvi Kutch,Kutch,"9727172966 , 9879051855"
Vasubhai Sarkhej,Sarkhej,209
Vasudev Auto & Earthmovers Chalthan 2 M Old,Kadodara,9925070024
Vasudev Auto & Earthmovers Chalthan,Kadodara,"209 , 9904432323"
Vasudev Auto & Earthmovers Chalthan W M Old,Kadodara,9925070024
Vasudev Auto And Arth Movers Bardoli,Bardoli,"9974275179 , 9925070024"
Vedant Automobiles Gangapur Road Nashik Mh,Nashik,"9158013999 , 7559401399"
Vedant Automobiles Gangapur Road Nashik W Mh,Nashik,"9158013999 , 7559401399"
Veena Traders Chhani Baroda,Baroda,8200909715
Veenu Sales Corporation Udaipur,Udaipur,09414683152
Veer Auto Kabilpore Navsari,Navsari,"9879488575 , 9879821244"
Veer Auto Sarkhej,Sarkhej,9737203882
Veer Car Care Dehgam,Gandhi Nagar,9824542874
Veer Corporation Dariyapur Ahmedabad,Ahmedabad,"9426286970 , 9558303911"
Veer Motors Dhanera,Deesa,9974427193
Veer Motors Vadaj Ahmedabad,Vadaj,9825019246
Veer Motors Vyara,Vyara,"7041193718 , 7228095542"
Veer Traders Mirzapur,Mirzapur,9825890656
Veera Industrial Hardware Vapi,Vapi,9375867011
Veerkrupa Tractor Parts & Garege Dhanera,Deesa,9714326583
Veerti Enterprise Surat,Surat,9374721148
Venkatesh Automobiles Agra Road Nashik Mh,Nashik,"9422256068 , 9359475267"
Venkatesh Automobiles Agra Road Nashik W Mh,Nashik,"9422256068 , 9359475267"
Venktesh Auto Parts Udhna D Surat,Surat,9825458962
Venktesh Udhna D Surat,Surat,209
Venus Motors Mirzapur,Mirzapur,9376131761
Venus Traders Himatnagar,Himat Nagar,9574167777
Venus Transmission Surat,Surat,"9979527847 , 7878284044"
Venzu Auto Parts Kadi Kalol,Mahesana,9638641137
Verahi Automobile Ranoli,Ranoli,9714188377
Vicky Sales Agency Deesa,Deesa,"9824072053 , 9974692039 , 9974692049"
Vida Enterprise Baroda,Baroda,"9825029180 , 209"
Vidyasagar Sales Corporation M Parola Mh,Parola,"9423938282 , 9405792543"
Vighnahar Auto Parts Navsari U4 Old,Navsari,9427136001
Vighnahar Auto Parts Navsari,Navsari,9427136001
Vighnahar Auto Parts Navsari Old,Navsari,9427136001
Vighnahar Auto Parts Navsari W Old,Navsari,9427136001
Vighnaharta Automobile Vani Mh,Nashik,209
Vighnaharta Tyre Kaalol,Kalol,7778817220
Vignesh Nut Bolt And Tractors Spars Parts Anand,Anand,9974085909
Vigneshwar Autmobiles Ghoti W Mh,Nashik,9273681242
Vihal Auto Parts Nadiyad Dabhal,Nadiad,9725172940
Vihal Engineering Works Navsari,Navsari,9879066605
Vihal Iron Work Navsari,Navsari,9879066605
Vijapura Auto Parts Inayatbhai Hmt,Himat Nagar,9825171086
Vijapura Automobiles Himatnagar,Himat Nagar,"9825171006 , 9909226120"
Vijapura Motors Himatnagar,Himat Nagar,9033555567
Vijay Auto Agencies Shahpur Ahmedabad,Ahmedabad,9824018605
Vijay Auto Parts Anand,Anand,"9662910101 , 7874106484"
Vijay Auto Parts Palanpur,Palanpur,9979924310
Vijay Automobiles Lasalgaon Mh,Nashik,9762870070
Vijay Automobiles Lasalgaon W Mh,Nashik,9762870070
Vijay Bhai Khergam,Dharampur,9426893689
Vijay Bharat Auto Electric Choryasi Dhornpardi,Surat,9724450670
Vijay Dipsangji Thakor Becharaji,Mahesana,"9979636067 , 6351453643"
Vijay Hardware Dhule,Dhule,"9422786091 , 9422777970"
Vijay Kaman Pata Repairing Works Nanchiloda Amd,Ahmedabad,"9898777220 , 7984459674 , 9974367006 , 9998525405"
Vijay Motors Anjar Kutch,Kutch,9426997139
Vijay Oil Shop Sakri M.H,Dhule,"9422237444 , 8390592234"
Vijay Oil Shop Sakri M.H W Old,Dhule,"9422237444 , 8390592234"
Vijay Trading Co. Hazira,Hazira,9601302359
Vijaybhai Bardoli,Bardoli,"9537221312 , 9925893173"
Vijaybhai Baroda City,Baroda,9825304138
Vijaybhai Handod Chowkdi Sankheda,Bodeli,9825782252
Vijaybhai Khergam,Dharampur,9426893689
Vijaybhai Madhi,Madhi,9879753639
Vijaybhai Madhi,Bardoli,9879753639
Vijaybhai Mahesana,Mahesana,"9913428806 , 9879756730"
Vijaybhai Navsari,Navsari,9825183723
Vijaybhai Ozar,.,"9823427151 , 9764110351"
Vijaybhai Palanpur,Palanpur,9870072536
Vijayshri Logistics Llp Ringroad Surat,Surat,"8128693292 , 8879667508"
Vikas Auto Center Songadh,Songadh,
Vikas Auto Parts Deesa,Deesa,6354088328
Vikas Auto Parts Gandhinagar,Gandhi Nagar,9824024586
Vikas Automobiles Bajipura,Bajipura,"9429012318 , 9687525202"
Vikas Automobiles Bajipura Hw,Bajipura,"9429012318 , 9687525202"
Vikas Automobiles Bajipura U4 Old,Bajipura,9429012318
Vikas Automobiles Bajipura W Oldd,Bajipura,9429012318
Vikas Automobiles Segwa Chokdi,Vadodara,9879594971
Vikas Automobiles Tajpar,Morbi,9825644991
Vikas Automobiles Tajpar Old,Morbi,9825644991
Vikas Automobiles Valakpatiya,Surat,9722024002
Vikas Automobiles Vapi,Vapi,9825738130
Vikas Automobiles Vapi Old,Vapi,9825738130
Vikas Automobiles Vapi U4 Old,Vapi,9825738130
Vikas Enterprise Hazira,Hazira,"8128364005 , 9724155101"
Vikas Enterprise Morbi Timbdi,Morbi,9228308454
Vikas Motors Deesa,Deesa,9724711281
Vikas Oil Agency Ankleshwar,Ankleshwar,9727073069
Vikas Tractor & Hydraulic Pipe Kim,Kim,"209 , 8320144614 , 8000802870"
Vikas Tractor & Hydraulic Pipe Kim Old,Kim,8000802870
Vikas Tractor Kamrej,Kamrej,"9723795291 , 8000055291"
Vikas Tractor Kamrej Hw,Kamrej,"9723795291 , 8000055291"
Vikas Traders Sadhli,Baroda,9925776817
Vikas Trading Baroda,Baroda,"9156928308 , 9023806502 , 7499264443"
Vikas Trading Baroda,Kadodara,9023806502
Vikas Trading Co Dahej,Dahej,9426826795
Vikash Auto Center Vyara,Vyara,9426203717
Vikash Battery & Auto Electric Works Unai,Navsari,"7486953419 , 9427153419"
Vikash Enterprise Chandkheda,Chandkheda,9737215555
Vikashbhai Sarkhej,Sarkhej,209
Vikrambhai Gandhidham,Gandhidham,"9601381071 , 9825238622"
Vikrambhai Songadh,Songadh,"8140785005 , 7984387541"
Vikrambhai Variyav Surat,Surat,"9974284043 , 209"
Vikrant Enterprise Katargam Surat,Surat,9978335540
Vikul S.Savani Surat,Surat,9427966227
Vilas Automobiles Nashik City Mh,Nashik,9834466274
Vilas Automobiles Nashik City W Mh,Nashik,9834466274
Vilas Lubricant Surat,Surat,7016008064
Vimal Enterprise Vareli,Kadodara,9898851928
Vimal Enterprises Baroda,Baroda,9428066587
Vimal Trading Co Dahej,Dahej,"9426813395 , 9429944173"
Vimalbhai Navapur,Nandurbar,"9371259348 , 9404363385"
Vimalbhai Navapur,.,209
Vimalnath Lubricants Olpad Surat,Sayan,209
Vimalnath Lubricants Olpad Surat,Surat,"9537123723 , 9426775982 , 209"
Vimco Automotive Bharuch,Bharuch,209
Vinashbhai Udalpur Sevaliya,Vadodara,9879943827
Vinay Auto Parts Vadali,Ider,9427364235
Vinayak Agro Works Sadhali,Baroda,9898740767
Vinayak Auto Care Adajan Surat,Surat,9898573300
Vinayak Auto Parts Hazira,Hazira,9824228259
Vinayak Auto Spares Ghoti Mh,Nashik,9028394321
Vinayak Auto Spares Ghoti W Mh,Nashik,9028394321
Vinayak Automobiles Mahesana,Mahesana,"7818072380 , 9913099510"
Vinayak Automobiles Songadh,Songadh,9624807272
Vinayak Hardware And Elec Jholwa Dahej,Dahej,"8347132950 , 7359086448"
Vinayak Motors Aslali,Aslali,9974575717
Vinayak Motors Aslali,Ahmedabad,9974575717
Vinayak Motors Kadodara,Kadodara,9998104737
Vinayak Motors Visnagar,Visnagar,9925971200
Vinayak Oil Sales Sachin,Sachin,8733923023
Vinaybhai Dabhoi,Bodeli,9426546504
Vinaybhai Dabhoi,Dabhoi,9426546504
Vinaybhai Jain Odhav Amd,Odhav,9898753357
Vinaybhai Songadh,Songadh,
Vinod F Jogani Rth,Surat,209
Vinodbhai Patel Pimpalgaon,Nashik,"9423483188 , 7249228883"
Vinubhai Pandesara,Surat,8401004258
Vip Enterprise Pvt Ltd Umbhel,Kadodara,"9979860985 , 9979860335 , 9978079366"
Vipul Auto Center Anjar,Anjar,9825837981
Vipul Auto Parts Dhansura,Vadagam,9426560464
Vipul Automobiles Dhansura W Old,Vadagam,9426560464
Vipul Automobiles Mandavi Kutch Old,Kutch,9825057158
Vipul Automobiles Mandavi Kutch,Kutch,9825057158
Vipul Automobiles Upleta Kathiyavad,Porbandar,9427223574
Vipul Engineering Naroda,Naroda,9723460378
Vipul Radiator And Battery Surat,Surat,9427966227
Vipulbhai Dabhoi,Dabhoi,"9825894322 , 7990538586"
Vipulbhai Dhansura,Vadagam,"9426560464 , 209"
Vipulbhai Kadi,Mahesana,"209 , 9426414297"
Vipulbhai Kamrej,Kamrej,"9428066104 , 9426964539 , 9409175331"
Vipulbhai Kapurai Chokdi Baroda,Vadodara,"9974279382 , 8200228959"
Vipulbhai Padra,Padra,9898667875
Vipulbhai Silvasa,SILVASSA,9925412682
Viraaj Motors Gandhidham,Kutch,"9909882388 , 9227700019"
Viraj Auto Agency Kadodara,Kadodara,9662724810
Viraj Auto Agency Kadodara Hw,Kadodara,9662724810
Viraj Automobiles Kadodara Old,Kadodara,9978324001
Viral Corporation Mahesana,Mahesana,9428662492
Viral Corporation Mahesana W Old,Mahesana,9428662492
Viralbhai Bavla,Bavla,9925026765
Virat Auto Agencies Bhavnagar,Bhavnagar,9825851188
Virat Automotive Bhavnagar,Bhavnagar,9825851188
Virat Sales Chalthan Kadodara,Surat,"9375369666 , 7202079899"
Virat Tools Bore Tech Surat,Surat,9408928193
Virenbhai Dholka,Kheda,9998584220
Virjala Enterprise Nanachiloda,Nana Chiloda,"9429910804 , 9427616445"
Virjala Enterprise Nanachiloda,Ahmedabad,9429910804
Virti Enterprise Udhana Surat,Surat,"9879449634 , 9825395823"
Visagar Autobobiles Sanathal Amd,Sanatal,9099977242
Visat Automobiles Adalaj,Adalaj,9879544883
Visha Hydrolics Navagam Kamrej,Kamrej,"9979032987 , 9825896987"
Vishal Auto Agency Jivrajpark,Jivrajpark,"9925955729 , 9913719646"
Vishal Auto Center Anjar,Kutch,9825374046
Vishal Auto Center Kutiyana,Porbandar,9601143387
Vishal Auto Parts Kadodara,Kadodara,9825184965
Vishal Auto Parts Mansa,Mahesana,9825470038
Vishal Auto Parts Mansa,.,209
Vishal Auto Parts Palanpur,Palanpur,9913988300
Vishal Automobiles Baroda Nagarwada,Baroda,
Vishal Automobiles Pimpalner Mh,Dhule,9860905723
Vishal Automotive Dhule Mh,Chiplun,9422263400
Vishal Bhai Adajan Surat,Surat,9104111113
Vishal Bolt And Nuts Corpo Baroda,Baroda,9825316722
Vishal Borwell Co. Mandvi,Mandvi,209
Vishal Enterprise Rajubhai Gandhidham,Gandhidham,9558805524
Vishal Enterprise Sarkhej,Sarkhej,9825018909
Vishal Lubrication Adajan Surat,Surat,9104111113
Vishal Motors Bavla,Bavla,9925032418
Vishal Motors Vasda,Vasda,"9426881416 , 9723733306"
Vishal Tampo Spare Surat Vishalbhai,Surat,9925825503
Vishal Tractor Mandavi,Mandvi,"209 , 9879773130"
Vishalbhai Adalaj,Adalaj,9327429878
Vishalbhai Khedgav,Nashik,9850511861
Vishalbhai Narol,Narol,9377245567
Vishalbhai Parikh Rajpardi,Rajpardi,9924260024
Vishnu Auto Parts Deesa,Deesa,9924975996
Vishnu Enterprises Baroda,Baroda,"9638623756 , 9913463476"
Vishnu Enterprises Baroda,Dahej,"9638623756 , 9913463476"
Vishnu Hardware & Plywood Vesu Surat,Surat,9886119150
Vishnu Tractor Garage Malegaon Mh,Dhule,"7410143694 , 9325566565"
Vishnubhai Akhol Deesa,Deesa,9824155652
Vishnubhai Akhol Deesa,Surat,9824155652
Vishnubhai Pandesara Surat,Surat,9624293210
Vishnubhai Wgahodiya,Baroda,8866009092
Vishva Auto Kukeri Chikhli,Chikhli,"9714323101 , 7046070717"
Vishva Auto Kukeri Chikhli Hw,Chikhli,"9714323101 , 7046070717"
Vishva Automobiles Sarkhej,Sarkhej,"8732922929 , 9904949007"
Vishvanath Motor Garege,Surat,9825754858
Vishvas Enterprise Bhavnagar,Bhavnagar,"8866225000 , 9727271777"
Vishvas Traders Dhansura,Vadagam,"9426849824 , 8488937843"
Vishwa Auto & Earthmovers Spares Damka Hazira,Hazira,9998841780
Vishwa Enterprise Vastral,Vastral,"9904041594 , 9974098379"
Vishwakarma Accessories Body Parts Navsari,Navsari,9879066598
Vishwakarma Auto & Power Tiller Parts Anaval,Surat,9925119964
Vishwakarma Auto Parts Dehgam,Dehgam,9824542874
Vishwakarma Bearing Center Kim,Kim,"209 , 9426855945 , 9998930330"
Vishwakarma Garage Akhol Deesa,Deesa,209
Vishwakarma Motors Dabhoi,Baroda,9909119098
Vishwakarma Motors Segva Chokdi,Baroda,9990706350
Vishwakarma Tractor Akhol Deesa,Deesa,"9879298392 , 9979925717"
Vishwakarma Welding Works Deesa,Deesa,9824969619
Vishwas Electric Amboli,Kamrej,9824891412
Vishwas Electric Amboli,Kamrej-Amboli,9824891412
Viswa Auto Parts Shirpur,Dhule,"9881087031 , 942087031"
Vivansh Automobiles Tarsali Bardoli,Bardoli,8758047240
Vivek Motors Garge Jambusar,Jambusar,9723622313
Vivek Traders Aslali,Aslali,"9898961481 , 9377712028 , 9825350911"
Vivekbhai Anand,Anand,"9429181618 , 8320769964"
Vraj Auto Agency Gandhidham,Gandhidham,"9601381071 , 9825238622"
Vraj Auto Parts Saroli,Surat,9426991560
Vraj Sales Corporation Laskana Surat,Kamrej,"9586355243 , 9377764494"
Vraj Sales Corporation Laskana Surat,Kim,9586355243
Vrinda Enterprise Kim,Kim,9429223096
Vrunda Navsari,Navsari,9925313723
Vrundavan Enterprise Ichhapur Hazira Hw,Surat,"9723138427 , 9714933836"
Vrundavan Enterprise Ichhapur Hazira,Surat,"9723138427 , 9714933836"
Vrundavan Enterprise Udhyognagar Kamrej,Kamrej,9825088316
Vrundavan Oil Kamrej,Kamrej,"9925021108 , 9913673276"
Wagh Motor Cycle Workers Kasbe Sukene W Mh,Nashik,8605782051
Wahid Bhai Sachin,Sachin,9898445156
Wallpaper Hub Bharuch,Bharuch,9714937371
Wardhabhai Deesa,Deesa,9773276552
Wasim U Memon Sarkhej,Sarkhej,"9825849458 , 8530807863"
Wasimbhai Sevaliya,Anand,9904122753
Wasimbhai Sevaliya,Baroda,"9904155000 , 9904122753"
Welldone International Surat,Surat,9265175252
Westurn Automobiles Siddhpur,Patan,9825380380
Wheels Automobiles Lunawada,Godhra,9924682757
Wood Art Plywood & Hardware Palej,Palej,"9898611492 , 9824730589"
Xyz Old Item Cr/Pd,Kamrej,209
Y M O Vashi Navi Mumbai,Navi Mumbai,8425882625
Yadav Auto Parts Gandhidham,Gandhidham,"8980667437 , 9909904543"
Yadgar Traders Timba Sevaliya,Godhra,7434816035
Yaqub Auto Centre Surat,Surat,8000182290
Yaqub Bhai Mosali,Moshali,209
Yaqubbhai Kim,Kim,9879071501
Yaqubbhai Maroli,Navsari,9898602845
Yash Auto Agency Saroli,Surat,9825029932
Yash Auto Parts Areth,Mandvi,"7359360573 , 7359360572 , 7096563055"
Yash Auto Parts Areth Hw,Mandvi,"7359360573 , 7359360572"
Yash Automobiles Kopargaon Mh,Nashik,"9373138042 , 7028702741"
Yash Automobiles Kopargaon W Mh,Nashik,"9373138042 , 7028702741"
Yash Automobiles Nashik W Mh,Nashik,7972483427
Yash Bike Line Katargam Surat,Surat,9879084591
Yash Enterprise Shahpur Ahmedabad,Ahmedabad,9426046243
Yash Enterprise Shukhpar Bhuj,Kutch,9624524404
Yash Fursnishing Ankleshwar,Ankleshwar,"9426129531 , 9979156281"
Yash Gupta Ankleshwar,Ankleshwar,9924945669
Yash Marketing Pvt.Ltd.Ahmedabad Sale,Ahmedabad,"9428548243 , 9426046243"
Yash Marketing Sarkhej Ahmedabad,Sarkhej,9428548243
Yash Motors Kapurai Baroda,Baroda,9825799706
Yash Motors Puna Canal Road Surat,Surat,9016490902
Yash Motors Radheja,Gandhi Nagar,"8490076480 , 7862012790"
Yash Trading Company Vapi,Vapi,"209 , 8905211106 , 9376042460"
Yashvi Automobile Kapurai Chokdi,Baroda,9737000246
Yashvi Enterprise Katargam Surat,Surat,9374724877
Yashvi Motors Amreli,Amreli,9426438244
Yatin Motors Nashik W Mh,Nashik,9373999560
Yatinbhai Gupta Mirzapur,Mirzapur,"9409278876 , 7984455071"
Yerik Components Ludhiana Ho,Ludhiana,
Yes Enterprise Pipodara Kim,Kim,9909956966
Yes Enterprise Pipodara Kim Hw,Kim,9909956966
Yes Marketing Agency Satelite Ahmedabad,Ahmedabad,9898888883
Yes Marketing Wakaner,Morbi,"7878743425 , 9725622735"
Yes Motors Ahmd Sarkhej,Sarkhej,9825100125
Yogesh Automobiles Sevaliya,Baroda,9428434718
Yogesh Automobiles Sevaliya,.,209
Yogesh Bhai Satlasana,Siddhpur,9427287509
Yogesh Carting Moje Vav Kamrej,Kamrej,9925019702
Yogesh Enterprise Sevalia,Baroda,9428434718
Yogesh Enterprise Sevalia Old,Baroda,9428434718
Yogeshbhai Dahej,Bharuch,9879163322
Yogeshbhai Malegaon,Malegaon town,"9423965102 , 8956514990"
Yogeshbhai Nadiyad,Nadiad,9825626916
Yogeshbhai Navsari,Navsari,"9825726733 , 9898599589"
Yogeshbhai Satlasana,Siddhpur,9427287509
Yogeshbhai Vadalibhoy,Nashik,"9422140564 , 8830040379"
Yogeshbhai Vapi,Vapi,9825738130
Yogeshkumar Ratilal Patel Anand,Anand,9904845583
Yogeshwar Auto Parts Dehgam,Dehgam,"9898030563 , 9173427755"
Yogeshwar Automobiles Prachi,Junagadh,9275068079
Yogeshwar Automobiles Rajnagar,Surat,9726641823
Yogeshwar Motorcycle Garage Spare Parts Vani W Mh,Nashik,9527535857
Yogi Agencies Kamrej,Kamrej,9898614627
Yogi Auto Parts Limbadi,Dhanduka,9824464805
Yogi Auto Parts Limbadi,Surendra Nagar,209
Yogi Automobiles Baroda,Baroda,7383341855
Yogi Automobiles Junagadh,Junagadh,"9879483457 , 9374795386"
Yogi Enterprise Katargam Surat,Surat,8488990896
Yogi Motors Chikhli,Chikhli,9904445912
Yogi Motors Katargam Surat,Surat,8488887000
Yogi Tractor Parts Bharuch,Bharuch,9427977980
Yunushbhai Sevaliya,Baroda,9844799000
Yusuf Tractor Parts Jambusar,Jambusar,9979513100
Yusufbhai Modasa,Modasa,9428198578
Zahir Auto Parts Ravpar Kutch,Kutch,"9428472552 , 9913296096 , 8869304594"
Zakariyabhai Bodeli,Bardoli,9979396392
Zakhi Auto Garage Vasda,Vasda,9427673132
Zalak Auto Agency Godhara,Godhra,"9429054396 , 9712596969"
Zalak Auto Agency Godhara W Old,Godhra,"9429054396 , 9712596969"
Zalak Auto Surat,Surat,9426146156
Zalak Automobiles Godhra,Godhra,9712596969
Zalak Trading Company Narol,Ahmedabad,7802801565
Zam Zam Lubricants Vadodara,Vadodara,9157084845
Zameer Auto Parts Jambusar,Jambusar,"9898279732 , 8154901290"
Zameer Auto Parts Jambusar,Amod,"9898279732 , 8154901290"
Zamzam Steel Industries Bodeli,Bodeli,"9722635358 , 9879726426"
Zara Decor Foam & Furnishing Ankleshwar,Ankleshwar,"8980889151 , 9913769654"
Zoom Motors Himmatnagar,Himat Nagar,"7069266996 , 9879340992"
Zuberbhai Sevalia,Baroda,9879328438
Zulfikar Ali Sagir Alam Valak,Kamrej,"8200639203 , 9904171009"
Zuzarbhai Dahod,Dahod,9427035552
